,vmm,year,T_av,pH_av,O2_av,O2_sat_av,con_av,Cl_av,BOC_av,COD_av,KjN_av,NH4_av,NO3_av,NO2_av,Nt_av,Pt_av,oPO4_av,SO4_av,SM_av,T_max,pH_max,O2_max,O2_sat_max,con_max,Cl_max,BOC_max,COD_max,KjN_max,NH4_max,NO3_max,NO2_max,Nt_max,Pt_max,oPO4_max,SO4_max,SM_max,T_min,pH_min,O2_min,O2_sat_min,con_min,Cl_min,BOC_min,COD_min,KjN_min,NH4_min,NO3_min,NO2_min,Nt_min,Pt_min,oPO4_min,SO4_min,SM_min,T,pH,O2,O2_sat,con,Cl,BOC,COD,KjN,NH4,NO3,NO2,Nt,Pt,oPO4,SO4,SM,site,updist,netcen,updist2,Updist3
vmm,1,-0.123200767,0.090433816,0.013308525,0.231877693,0.274274986,0.000347111,0.049127737,-0.042102495,-0.057731162,-0.035785077,-0.039863484,0.217053627,-0.025165726,0.132145457,-0.053758528,-0.017236266,0.194046387,-0.310800516,0.009460927,0.003722907,0.037821421,0.136133509,0.086878526,0.046125466,-0.105340307,-0.050400593,0.055109653,-0.039130397,0.259753999,-0.039048473,0.106438779,-0.115102575,-0.019263824,0.25680554,-0.111891831,0.135785169,0.036271093,0.273565538,0.269459857,-0.051224472,0.002493898,0.011171661,-0.160216034,-0.131916143,-0.056248785,-0.021418674,-0.028608848,0.020352353,-0.106834212,-0.017737585,-0.022793563,-0.620658574,-0.117768318,-0.032054152,0.201776517,0.179533702,0.040924899,0.150166851,0.075061784,0.10588917,0.13720015,0.07599337,0.104461222,-0.029745984,0.176114744,0.004243972,-0.016582663,0.263423533,-0.177506406,-0.285235363,0.239904417,0.236181588,0.038056073,0.051474606
year,-0.123200767,1,0.413647561,-0.223291731,-0.361331311,-0.264225408,-0.201676255,-0.275627799,0.125397739,0.225086859,0.18501054,0.1539267,-0.309417499,0.006272502,-0.25807636,0.050240262,0.00016095,-0.125240784,0.055865926,0.24242192,-0.146455358,-0.06858825,-0.007575722,-0.249258864,-0.309975998,0.166457822,0.233309959,0.036310382,0.141146564,-0.259342109,0.014216249,-0.058754933,0.13032594,0.002834958,-0.105721962,0.026994878,0.156433186,-0.210521435,-0.345937162,-0.325392009,-0.271355005,-0.227133692,0.076818008,0.32521618,0.377440936,0.252655131,-0.158105046,0.007072059,-0.229460867,0.06765551,0.000801092,-0.057876123,-0.031755656,0.042410561,-0.288786023,-0.144289861,-0.140024051,-0.315519768,-0.077297931,0.044814604,0.069195089,-0.183023297,-0.149817875,-0.065869519,0.019706028,-0.364709606,-0.060596781,-0.002012879,-0.023209969,0.120221367,0.109370544,-0.237659466,-0.22271136,-0.160396578,0.151422476
T_av,0.090433816,0.413647561,1,0.079166308,-0.274525166,-0.01823786,-0.077591548,0.261456887,-0.377870659,0.174444782,0.193505694,0.147703457,0.12686082,-0.228744572,0.231131836,0.187292755,-0.244160776,0.186380045,-0.122670516,0.531515553,0.105118643,-0.116160724,0.234443245,0.111087496,0.198172712,-0.348664142,0.082620167,0.223548569,0.282140299,0.250790479,-0.234139181,0.391227837,0.053040831,-0.245938275,0.091590165,-0.16383238,0.578795345,0.089567018,-0.185006507,-0.152109452,-0.118511429,0.330813563,-0.386944942,0.258494014,-0.018717759,0.013651195,-0.064030368,-0.238906065,0.130388784,0.176292596,-0.245005634,0.220055614,-0.043038793,0.490949526,0.066350179,-0.352974294,-0.17830808,-0.008207941,0.338733751,-0.347105367,0.218311962,0.26493958,0.190446381,0.009139523,-0.222791638,0.251762901,0.377664993,-0.242463077,0.125014787,-0.042529947,0.226252143,-0.483928889,-0.007580338,-0.389960831,-0.129983122
pH_av,0.013308525,-0.223291731,0.079166308,1,0.498301318,0.531898865,0.858196651,0.145729636,0.00746337,-0.523695247,-0.20838857,-0.267385491,0.182522183,-0.019293002,0.046397886,-0.208306514,-0.021105113,0.658238266,-0.107709429,0.024787673,0.908913719,0.522625351,0.481157759,0.76337507,0.174369253,0.049306379,-0.551748088,-0.248867676,-0.286506281,0.027414675,-0.036252867,-0.104681073,-0.23148743,-0.021247033,0.597486111,-0.066818069,0.032564568,0.950836614,0.281989436,0.370953297,0.572171512,0.197267947,0.028095702,-0.326002407,-0.079318233,-0.124197464,0.330317903,-0.003204479,0.117205847,-0.083574316,-0.020719037,0.691726247,-0.027869945,0.130314781,0.929537006,0.436469868,0.568591101,0.573053594,0.171729291,-0.172661492,-0.264354441,-0.248547045,-0.290289927,0.361365783,-0.041238463,0.084017389,-0.127424927,-0.021100312,0.624876673,0.032138081,0.13955859,0.252530558,0.449228821,0.333134197,0.065470463
O2_av,0.231877693,-0.361331311,-0.274525166,0.498301318,1,0.963102159,0.411482657,-0.258771228,-0.307809175,-0.555962873,-0.661394705,-0.666437297,0.173353964,-0.139736428,-0.177387972,-0.670544586,-0.134995071,0.292759814,-0.053128155,-0.314601963,0.316150041,0.60704771,0.454953202,0.11180014,-0.171102177,-0.429982342,-0.538105654,-0.636376043,-0.695981028,-0.044992661,-0.160712384,-0.355711005,-0.716465754,-0.143453781,0.326258385,0.012103158,-0.124372779,0.512553004,0.829142859,0.856520508,0.49059407,-0.212285283,-0.129788271,-0.577437119,-0.214249119,-0.497376932,0.392326272,-0.118597526,-0.062235969,-0.541248248,-0.130499239,0.346774543,-0.125480255,0.066032592,0.392186822,0.607950923,0.705878928,0.06453797,-0.128385798,-0.190066315,-0.364049005,-0.391499883,-0.468495071,0.310635048,-0.161624401,-0.079999876,-0.450496459,-0.131455257,0.299883556,0.04330582,-0.040078379,0.447704013,0.372019307,0.34376503,-0.024826898
O2_sat_av,0.274274986,-0.264225408,-0.01823786,0.531898865,0.963102159,1,0.412812262,-0.195443146,-0.403350639,-0.555264012,-0.625434424,-0.654230522,0.232639906,-0.196734215,-0.108874183,-0.652153411,-0.195459642,0.336371126,-0.095365477,-0.205134804,0.346432046,0.58370192,0.54207241,0.149299854,-0.12847173,-0.523521663,-0.56650444,-0.591791502,-0.656502955,0.029955546,-0.221123353,-0.267541049,-0.737090736,-0.204764882,0.346390665,-0.029744047,0.061727415,0.559300249,0.826599439,0.861304193,0.483757916,-0.123856846,-0.22280845,-0.548598546,-0.230813,-0.517123338,0.413622468,-0.176995785,-0.010807178,-0.518584854,-0.191031195,0.39901401,-0.145917639,0.189948574,0.414160167,0.522314784,0.668204758,0.077281366,-0.032437336,-0.263478985,-0.330906599,-0.321502535,-0.424439539,0.340893975,-0.21733261,0.00347886,-0.363403695,-0.19125358,0.331091574,0.009081895,0.02735259,0.330211311,0.402917882,0.238776097,-0.074713723
con_av,0.000347111,-0.201676255,-0.077591548,0.858196651,0.411482657,0.412812262,1,0.029225159,0.092306596,-0.600032977,-0.325281265,-0.376133524,0.128728484,0.009867338,-0.045638367,-0.275462305,0.012258881,0.590199318,-0.05186073,0.029095808,0.796365472,0.46295327,0.389823887,0.76582966,0.049877064,0.178273768,-0.53115669,-0.389472212,-0.418044274,-0.088739134,0.006694329,-0.186138143,-0.177605487,0.012622004,0.560397938,0.024842765,-0.107094686,0.828593383,0.204692647,0.258500778,0.709715918,0.090228746,0.050854217,-0.385449083,-0.07827751,-0.179497113,0.462215906,0.0270893,0.088376456,-0.143052538,0.014297033,0.67646207,-0.06298205,0.101285103,0.816938489,0.344908512,0.440549532,0.618466867,0.122472274,-0.03735002,-0.421181947,-0.394972777,-0.408754146,0.427349522,0.007681187,0.024939438,-0.264066491,0.011466943,0.586117895,-0.012441867,0.137573546,0.339781159,0.406546787,0.319937295,0.130214956
Cl_av,0.049127737,-0.275627799,0.261456887,0.145729636,-0.258771228,-0.195443146,0.029225159,1,-0.02088996,0.226191,0.477910339,0.475525741,0.47112634,-0.008456632,0.575013527,0.663439665,-0.037978524,0.260097561,-0.121730382,0.245875573,0.154520857,-0.381755782,-0.170802591,0.550815029,0.906611916,-0.019763214,0.0353007,0.655352378,0.535277849,0.615613564,-0.01325782,0.505850177,0.436706079,-0.034042529,0.114902771,-0.077627046,0.209286145,0.140043568,-0.095302918,-0.092557115,-0.289603112,0.941320116,-0.046013331,0.214394349,-0.076189369,0.172059248,-0.099842533,-0.036355425,0.45975658,0.57770743,-0.04408636,0.270541079,-0.012276093,0.077899328,0.272507953,-0.106747825,-0.084029032,0.370462857,0.754123299,0.00576242,0.461128498,0.758387875,0.698282586,-0.119019357,-0.031085827,0.528008998,0.794400286,-0.03767968,0.112797873,-0.026367517,-0.000418289,-0.180226054,0.10614745,-0.163417194,-0.061869525
BOC_av,-0.042102495,0.125397739,-0.377870659,0.00746337,-0.307809175,-0.403350639,0.092306596,-0.02088996,1,-0.176451268,0.090586938,0.495477672,-0.367914172,0.896172125,-0.296526687,0.097920644,0.903641421,0.527862406,-0.074392249,-0.054069731,0.021650436,-0.11411473,-0.197149108,0.235443434,-0.054294841,0.942144862,-0.116693522,0.084760848,0.285549503,-0.268456917,0.892993704,-0.299159664,0.136155472,0.908683774,0.581026376,-0.16333657,-0.169819395,0.035968437,-0.312127261,-0.285771225,-0.008945162,-0.050253799,0.954920003,-0.154004998,-0.14301918,0.736293146,-0.379971376,0.896886526,-0.334624575,0.083047314,0.901473389,0.4166606,0.047521584,-0.343117319,0.03270517,-0.099003427,-0.24547543,0.213693601,-0.06962608,0.891627736,-0.174484053,-0.023051804,0.181745283,-0.311346427,0.894761311,-0.322193689,-0.023999139,0.900583016,0.526903584,-0.046095988,-0.254919398,0.181957199,-0.05541078,0.390427504,0.424670936
COD_av,-0.057731162,0.225086859,0.174444782,-0.523695247,-0.555962873,-0.555264012,-0.600032977,0.226191,-0.176451268,1,0.58022026,0.413269429,-0.082738495,-0.330797639,0.203472141,0.671486541,-0.336303702,-0.247398294,0.278379671,0.202128774,-0.318075135,-0.400165996,-0.323390524,-0.284425913,0.090449993,-0.034978745,0.871726596,0.639455012,0.530250518,0.181657117,-0.313285835,0.363259385,0.625254158,-0.330647456,-0.26678303,0.171566398,-0.047636237,-0.585343775,-0.464185605,-0.490686846,-0.529636664,0.173729556,-0.30456399,0.773636154,0.229726001,0.099116143,-0.462677161,-0.356401363,0.037379054,0.518032594,-0.340615585,-0.377395765,0.195663137,-0.048120974,-0.428418049,-0.231605335,-0.297409505,-0.190884942,-0.013075874,-0.301626374,0.697579518,0.423662659,0.391192822,-0.376760158,-0.329321938,0.066560829,0.496687677,-0.338183348,-0.321289491,0.233648928,-0.01490462,-0.194075917,-0.343127029,-0.276398926,0.015832035
KjN_av,-0.035785077,0.18501054,0.193505694,-0.20838857,-0.661394705,-0.625434424,-0.325281265,0.477910339,0.090586938,0.58022026,1,0.851412161,0.166104647,-0.122554948,0.584833806,0.854206199,-0.138250122,0.108764761,-0.001591307,0.030958412,-0.093232431,-0.378602767,-0.226599256,0.157539309,0.316226326,0.196066446,0.426661567,0.909132406,0.855026295,0.373304107,-0.118278558,0.637330731,0.706528992,-0.130031965,-0.00810425,-0.032797201,0.236144606,-0.171611188,-0.484741679,-0.498234876,-0.522959854,0.432822718,0.007117111,0.621682825,0.52291632,0.557391412,-0.238544851,-0.145662695,0.443554648,0.792026091,-0.145554787,0.003527202,0.081739797,-0.059492485,-0.159567137,-0.317297099,-0.35864473,0.174483251,0.241863818,-0.070581566,0.45880143,0.579193495,0.589965803,-0.062752405,-0.129802775,0.467874922,0.631010104,-0.142501153,0.028379953,-0.017533605,-0.104784453,-0.142704132,-0.035723994,-0.158027217,-0.095226136
NH4_av,-0.039863484,0.1539267,0.147703457,-0.267385491,-0.666437297,-0.654230522,-0.376133524,0.475525741,0.495477672,0.413269429,0.851412161,1,0.108194307,0.356255207,0.480445894,0.756438772,0.330171165,0.061891971,0.030623246,0.083571668,-0.214654295,-0.452869935,-0.316503657,0.117529903,0.327141338,0.461861613,0.304300874,0.824094476,0.93526974,0.337686808,0.362970367,0.524321584,0.559621442,0.335652407,-0.046257945,-0.022698144,0.241587411,-0.221525998,-0.477407915,-0.489502823,-0.472954791,0.436019525,0.482355539,0.412412202,0.307466411,0.792976284,-0.310970066,0.325485927,0.331915774,0.711390902,0.323684592,-0.029387903,0.128763107,-0.029070818,-0.181750343,-0.428991542,-0.477260383,0.158708108,0.267992823,0.444317119,0.370541012,0.628869279,0.743407091,-0.222613674,0.342796737,0.347691767,0.649555613,0.327489631,-0.04288909,-0.008962355,-0.277751288,-0.175685332,-0.192767676,-0.114459769,-0.037297888
NO3_av,0.217053627,-0.309417499,0.12686082,0.182522183,0.173353964,0.232639906,0.128728484,0.47112634,-0.367914172,-0.082738495,0.166104647,0.108194307,1,-0.182402201,0.893024942,0.189123287,-0.237959359,0.262888375,0.053972053,-0.026473363,-0.010521001,-0.214008046,-0.06091457,0.284562068,0.322175249,-0.446401369,-0.175313041,0.290644867,0.176535957,0.913887612,-0.182922505,0.70515516,-0.068417052,-0.241001568,0.186112841,0.132657916,0.213575653,0.242566,0.308671309,0.306938367,0.112667996,0.492764698,-0.274654682,-0.19754808,-0.066990229,-0.161634889,0.649393198,-0.218268486,0.87391419,0.220610017,-0.239908118,0.229333204,0.066878668,-0.063603231,0.243660153,0.193196606,0.206373204,0.287373036,0.394076829,-0.159589676,0.206567656,0.422638048,0.353632186,0.601884533,-0.22752522,0.878006422,0.327709101,-0.236261821,0.361575248,-0.05047404,-0.18286643,-0.04936592,0.13852335,-0.183408591,-0.123413222
NO2_av,-0.025165726,0.006272502,-0.228744572,-0.019293002,-0.139736428,-0.196734215,0.009867338,-0.008456632,0.896172125,-0.330797639,-0.122554948,0.356255207,-0.182402201,1,-0.214126039,-0.093816752,0.9965981,0.091295281,-0.02526138,-0.023414504,-0.074852072,-0.146412817,-0.163531997,0.066330685,0.003255246,0.733401617,-0.250180958,-0.067867491,0.20275108,-0.16471598,0.997729978,-0.229494228,-0.115717672,0.996279048,0.041783713,-0.060065786,-0.006065242,-0.004061459,-0.103008856,-0.085874281,0.04773898,-0.013960664,0.934734101,-0.309801631,-0.323209675,0.586749608,-0.175528166,0.997868277,-0.20278698,-0.06466088,0.996464396,0.092954819,0.090350683,-0.19217332,0.01453009,-0.097274063,-0.163880974,0.077979613,0.011068016,0.944005108,-0.192314675,0.005975942,0.20911755,-0.213141117,0.99466632,-0.226927671,-0.032249226,0.996655169,0.125720432,-0.039047929,-0.277274357,0.061256369,-0.134797151,0.139953093,0.154431437
Nt_av,0.132145457,-0.25807636,0.231131836,0.046397886,-0.177387972,-0.108874183,-0.045638367,0.575013527,-0.296526687,0.203472141,0.584833806,0.480445894,0.893024942,-0.214126039,1,0.540337528,-0.269859909,0.244636503,0.071171041,0.030268471,-0.069404947,-0.354475886,-0.169291635,0.286225503,0.402186475,-0.315093157,0.074064924,0.632165803,0.535079977,0.913790987,-0.210159811,0.877861864,0.272612667,-0.268866679,0.131035682,0.119625764,0.264474398,0.111925977,0.009869958,0.002915093,-0.146382342,0.570296899,-0.25081282,0.126523536,0.204988427,0.132808151,0.451409807,-0.255505451,0.921230214,0.539121494,-0.274402199,0.173880784,0.104153794,-0.04420376,0.125462797,-0.002676495,-0.005398821,0.290989911,0.414782039,-0.190444433,0.361550682,0.575583386,0.534173304,0.482537265,-0.253044301,0.922077634,0.541667239,-0.270478222,0.298350339,-0.037334073,-0.206475633,-0.138575252,0.048247379,-0.251921148,-0.147937744
Pt_av,-0.053758528,0.050240262,0.187292755,-0.208306514,-0.670544586,-0.652153411,-0.275462305,0.663439665,0.097920644,0.671486541,0.854206199,0.756438772,0.189123287,-0.093816752,0.540337528,1,-0.115981534,0.011921184,0.227522368,0.245825142,-0.074379844,-0.569408344,-0.393046925,0.26700334,0.53378821,0.201378116,0.518512972,0.845865151,0.762392404,0.400057422,-0.082160823,0.549814316,0.85381997,-0.108047127,-0.16063852,0.179348577,0.157638306,-0.191212658,-0.474656617,-0.486857261,-0.560921138,0.573356589,-0.00833618,0.675046078,0.374730509,0.496118055,-0.268601097,-0.124105093,0.415253258,0.920088369,-0.122762821,-0.025455252,0.197366381,-0.094412631,-0.085387241,-0.245490707,-0.312794942,0.253899646,0.406165527,-0.03330433,0.540489029,0.594827846,0.618217718,-0.13698761,-0.09150191,0.413001992,0.752507993,-0.120245799,-0.015559488,0.122100552,-0.038760905,-0.270782907,-0.165056408,-0.231227367,-0.022436656
oPO4_av,-0.017236266,0.00016095,-0.244160776,-0.021105113,-0.134995071,-0.195459642,0.012258881,-0.037978524,0.903641421,-0.336303702,-0.138250122,0.330171165,-0.237959359,0.9965981,-0.269859909,-0.115981534,1,0.234693558,-0.049619044,-0.04181876,-0.066684157,-0.129033091,-0.155996194,0.056407556,-0.020483981,0.749492253,-0.249897437,-0.087862334,0.174319782,-0.214076988,0.992284299,-0.275758768,-0.119592494,0.999876004,0.063671474,-0.086183664,-0.016426799,-0.006957821,-0.100208355,-0.083770907,0.05489544,-0.039431349,0.933425092,-0.310833976,-0.329232052,0.579101497,-0.212763049,0.998628853,-0.258273845,-0.090814218,0.999958852,0.185312171,0.070335881,-0.193425025,0.003816371,-0.094511358,-0.161415493,0.072140944,-0.0211652,0.941341046,-0.213852145,-0.018980403,0.180034481,-0.240612177,0.994135103,-0.273445342,-0.06395579,0.999952171,0.135637533,-0.051541539,-0.265360899,0.080814498,-0.107507478,0.162644801,0.139623616
SO4_av,0.194046387,-0.125240784,0.186380045,0.658238266,0.292759814,0.336371126,0.590199318,0.260097561,0.527862406,-0.247398294,0.108764761,0.061891971,0.262888375,0.091295281,0.244636503,0.011921184,0.234693558,1,-0.175301899,0.104222065,0.487396422,0.280857932,0.268879269,0.743210175,0.186920256,0.322560332,-0.320613445,0.056744144,0.004706678,0.243830143,-0.142832491,0.157008599,-0.149879009,0.142363382,0.877821483,-0.116726778,-0.057052269,0.605800394,0.21353629,0.284130077,0.347755378,0.305392096,0.791714528,-0.179955331,0.128275329,0.22249939,0.189257246,0.341847946,0.255238627,0.123053449,0.257619692,0.858546094,-0.061125642,0.138241062,0.661031833,0.277586776,0.39334489,0.678036016,0.253573133,0.303390514,0.011291514,0.022003217,-0.002057686,0.270341272,-0.27758504,0.236979577,0.084759046,0.189339351,0.847331466,-0.040892719,-0.059545025,0.359640563,0.472674174,0.100439327,0.153789181
SM_av,-0.310800516,0.055865926,-0.122670516,-0.107709429,-0.053128155,-0.095365477,-0.05186073,-0.121730382,-0.074392249,0.278379671,-0.001591307,0.030623246,0.053972053,-0.02526138,0.071171041,0.227522368,-0.049619044,-0.175301899,1,0.041126866,-0.125728924,-0.162318862,-0.236726392,-0.107005548,-0.174350373,-0.043938057,0.35435859,-0.005698169,0.047027321,-0.015383672,-0.008150272,0.038499908,0.246183363,-0.051386976,-0.287328245,0.876896551,-0.024921653,-0.070019666,-0.004440622,0.00335626,0.015261406,-0.118117001,-0.082601687,0.17723613,0.226432709,0.044625539,0.185410506,-0.038681508,0.136013364,0.31190949,-0.04793707,-0.088041836,0.671889074,-0.036701325,-0.050978505,-0.000352657,-0.019912697,0.041831899,-0.103134294,-0.087744706,-0.002432314,-0.087024684,-0.005930194,0.079050313,-0.017340776,0.020724229,0.041474879,-0.05050807,-0.085096704,0.310360348,-0.066076575,-0.167945004,-0.282053429,-0.059705447,0.002356746
T_max,0.009460927,0.24242192,0.531515553,0.024787673,-0.314601963,-0.205134804,0.029095808,0.245875573,-0.054069731,0.202128774,0.030958412,0.083571668,-0.026473363,-0.023414504,0.030268471,0.245825142,-0.04181876,0.104222065,0.041126866,1,0.169461156,-0.046118656,0.19885658,0.182643453,0.266694519,-0.028056716,0.269918429,0.049774896,0.17083763,0.054651519,0.000969144,0.206561115,0.282364245,-0.04062707,0.028997289,0.127942789,-0.114429406,-0.088723027,-0.504058583,-0.442198259,-0.151693678,0.14728225,-0.113242049,0.251207645,-0.039919304,0.036710228,-0.18284795,-0.045710414,-0.097968969,0.20511126,-0.041613533,0.129539614,-0.072360943,0.227971104,0.107020586,-0.285003306,-0.228192545,0.067435704,0.309851242,-0.009185288,0.2262958,0.029624337,0.080448176,-0.035720571,0.003449468,0.037179228,0.225526343,-0.042253983,0.176879333,-0.01249768,0.220767467,-0.522743951,-0.537281751,-0.499749365,0.519866725
pH_max,0.003722907,-0.146455358,0.105118643,0.908913719,0.316150041,0.346432046,0.796365472,0.154520857,0.021650436,-0.318075135,-0.093232431,-0.214654295,-0.010521001,-0.074852072,-0.069404947,-0.074379844,-0.066684157,0.487396422,-0.125728924,0.169461156,1,0.520244358,0.541705226,0.717619315,0.172129757,0.179284511,-0.370344524,-0.139188495,-0.22136844,-0.118311256,-0.078329112,-0.181242771,-0.009475365,-0.064068726,0.484699307,-0.069469878,-0.030088652,0.803765347,0.028117338,0.109002834,0.488127205,0.176383011,-0.07108127,-0.079843733,-0.056557758,-0.152987584,0.139721472,-0.060120121,-0.038866926,-0.007719504,-0.067216738,0.524083163,-0.074078486,0.131594485,0.834271106,0.311879125,0.425769484,0.544013552,0.140864783,-0.310528924,-0.123804046,-0.237301005,-0.280239879,0.192134318,-0.078195806,-0.043191591,-0.052878398,-0.067554031,0.44149994,0.076808271,0.202891909,0.231953167,0.287096065,0.296808337,0.150877574
O2_max,0.037821421,-0.06858825,-0.116160724,0.522625351,0.60704771,0.58370192,0.46295327,-0.381755782,-0.11411473,-0.400165996,-0.378602767,-0.452869935,-0.214008046,-0.146412817,-0.354475886,-0.569408344,-0.129033091,0.280857932,-0.162318862,-0.046118656,0.520244358,1,0.81367205,0.074705637,-0.316223805,-0.104270249,-0.335594266,-0.414500733,-0.428590617,-0.342845515,-0.156989867,-0.338083875,-0.425689654,-0.130612467,0.381016193,-0.091800062,-0.196569427,0.461327899,0.17800694,0.237741949,0.540261778,-0.330147035,-0.048751817,-0.298404348,-0.047163331,-0.391773957,0.09237221,-0.125933056,-0.356036886,-0.545246609,-0.126175214,0.299776434,-0.265068064,0.189017006,0.350480841,0.16013069,0.264494965,0.020752201,-0.287287516,-0.204883198,-0.356288556,-0.356500618,-0.410561643,0.070809759,-0.161904623,-0.25294531,-0.402347527,-0.126886983,0.149659045,0.003185593,0.188296883,0.263714295,0.185142815,0.217198896,0.199397736
O2_sat_max,0.136133509,-0.007575722,0.234443245,0.481157759,0.454953202,0.54207241,0.389823887,-0.170802591,-0.197149108,-0.323390524,-0.226599256,-0.316503657,-0.06091457,-0.163531997,-0.169291635,-0.393046925,-0.155996194,0.268879269,-0.236726392,0.19885658,0.541705226,0.81367205,1,0.158212114,-0.136221458,-0.168397026,-0.39793164,-0.243166046,-0.285734207,-0.140257639,-0.176879992,-0.18659444,-0.369283781,-0.157589698,0.322951724,-0.178972923,0.147858099,0.431055008,0.065576441,0.121229156,0.472867594,-0.118180468,-0.147967201,-0.200592914,-0.1190735,-0.379149079,0.109509768,-0.153412257,-0.19790566,-0.383002082,-0.154677457,0.343063388,-0.261639965,0.230968801,0.307720652,-0.021905914,0.09644814,0.061637035,-0.03984477,-0.277367943,-0.181749913,-0.164032456,-0.218063503,0.083303826,-0.178881583,-0.070741778,-0.158046639,-0.153506505,0.164060962,-0.072076581,0.263835055,0.038881506,0.067643307,-0.043780249,0.29072952
con_max,0.086878526,-0.249258864,0.111087496,0.76337507,0.11180014,0.149299854,0.76582966,0.550815029,0.235443434,-0.284425913,0.157539309,0.117529903,0.284562068,0.066330685,0.286225503,0.26700334,0.056407556,0.743210175,-0.107005548,0.182643453,0.717619315,0.074705637,0.158212114,1,0.510313674,0.278746892,-0.363007017,0.131807452,0.060827713,0.239836499,0.057981824,0.137913099,0.149284331,0.058907152,0.602938308,-0.056989262,0.054340262,0.736179656,0.06506758,0.117227918,0.30544506,0.553135286,0.205002826,-0.099046668,0.019886335,0.183127455,0.198373334,0.068017051,0.313015515,0.377726047,0.054049931,0.754608393,-0.002281183,0.106174975,0.825672788,0.222869432,0.312009377,0.78530027,0.477612866,0.10772028,-0.036241868,0.095232209,0.080043429,0.256003631,0.055293233,0.291085983,0.271285276,0.054609729,0.669727508,0.018554844,0.07418238,0.214042718,0.403744771,0.208693759,0.115858201
Cl_max,0.046125466,-0.309975998,0.198172712,0.174369253,-0.171102177,-0.12847173,0.049877064,0.906611916,-0.054294841,0.090449993,0.316226326,0.327141338,0.322175249,0.003255246,0.402186475,0.53378821,-0.020483981,0.186920256,-0.174350373,0.266694519,0.172129757,-0.316223805,-0.136221458,0.510313674,1,-0.052232656,-0.032866056,0.453331027,0.364047256,0.422213574,-0.004783822,0.350839987,0.397212348,-0.016023465,0.052842531,-0.127725235,0.121669809,0.162598299,-0.062415616,-0.06032331,-0.38700602,0.769779121,-0.074057618,0.132882284,-0.068475529,0.138551827,-0.10913258,-0.014541278,0.316455452,0.454132215,-0.025527996,0.214109471,-0.102032283,-0.013746586,0.294868593,0.004151172,-0.011515712,0.155665648,0.828568602,-0.043005451,0.277763095,0.553067592,0.505615857,-0.12754422,-0.005004238,0.364563017,0.594965895,-0.020890383,0.077701109,-0.099731291,0.08044191,-0.259684654,0.084087446,-0.190924487,0.0425534
BOC_max,-0.105340307,0.166457822,-0.348664142,0.049306379,-0.429982342,-0.523521663,0.178273768,-0.019763214,0.942144862,-0.034978745,0.196066446,0.461861613,-0.446401369,0.733401617,-0.315093157,0.201378116,0.749492253,0.322560332,-0.043938057,-0.028056716,0.179284511,-0.104270249,-0.168397026,0.278746892,-0.052232656,1,0.025748624,0.165260045,0.271077817,-0.315924799,0.731630342,-0.294684235,0.33760971,0.758086856,0.403048684,-0.136582295,-0.227284221,0.07186221,-0.445578232,-0.425214954,-0.02385948,-0.063787362,0.81329135,0.003612926,-0.045672548,0.667333205,-0.435158761,0.736616881,-0.368314528,0.124609271,0.746446861,0.21918823,0.027265525,-0.346427343,0.054206097,-0.10040438,-0.256884758,0.22671503,-0.103716139,0.716044562,-0.153803473,-0.079160396,0.096386758,-0.275872564,0.740267401,-0.347667553,-0.053568492,0.744955269,0.355619267,-0.098740566,-0.128477117,0.162310821,0.007535268,0.37731775,0.441538428
COD_max,-0.050400593,0.233309959,0.082620167,-0.551748088,-0.538105654,-0.56650444,-0.53115669,0.0353007,-0.116693522,0.871726596,0.426661567,0.304300874,-0.175313041,-0.250180958,0.074064924,0.518512972,-0.249897437,-0.320613445,0.35435859,0.269918429,-0.370344524,-0.335594266,-0.39793164,-0.363007017,-0.032866056,0.025748624,1,0.468644944,0.442489461,0.047863297,-0.223808231,0.335706206,0.647474696,-0.244758825,-0.260171459,0.326572634,-0.29528909,-0.594746982,-0.462822261,-0.479006525,-0.497700276,-0.049634622,-0.269848406,0.588985467,0.259776305,0.106142912,-0.396510961,-0.271978267,-0.094377555,0.341459119,-0.252020547,-0.50523789,0.081778545,0.034219457,-0.415141364,-0.232608972,-0.281806407,-0.269217352,-0.109168914,-0.183137637,0.396904753,0.207757416,0.199187333,-0.30390528,-0.228599358,-0.055530003,0.235245421,-0.252262586,-0.324140849,0.083067273,-0.055003244,-0.201532138,-0.373525446,-0.238175449,0.037410203
KjN_max,0.055109653,0.036310382,0.223548569,-0.248867676,-0.636376043,-0.591791502,-0.389472212,0.655352378,0.084760848,0.639455012,0.909132406,0.824094476,0.290644867,-0.067867491,0.632165803,0.845865151,-0.087862334,0.056744144,-0.005698169,0.049774896,-0.139188495,-0.414500733,-0.243166046,0.131807452,0.453331027,0.165260045,0.468644944,1,0.918517965,0.552740599,-0.0664921,0.724635603,0.670566495,-0.080464698,-0.007795562,-0.027242332,0.24825167,-0.221876313,-0.437540566,-0.454760964,-0.491228434,0.617183883,-0.002252754,0.539385419,0.2416182,0.394912308,-0.320896922,-0.100553049,0.413126097,0.69537634,-0.095946334,-0.086353509,0.053245467,-0.023762713,-0.163789505,-0.368943447,-0.405096659,0.161629704,0.334768599,-0.012337068,0.588937215,0.822105599,0.804128492,-0.198515796,-0.089553894,0.537430486,0.78557277,-0.089584998,-0.066833458,-0.013337853,-0.09327956,-0.185250366,-0.006368455,-0.177301912,-0.108791443
NH4_max,-0.039130397,0.141146564,0.282140299,-0.286506281,-0.695981028,-0.656502955,-0.418044274,0.535277849,0.285549503,0.530250518,0.855026295,0.93526974,0.176535957,0.20275108,0.535079977,0.762392404,0.174319782,0.004706678,0.047027321,0.17083763,-0.22136844,-0.428590617,-0.285734207,0.060827713,0.364047256,0.271077817,0.442489461,0.918517965,1,0.450036932,0.210200864,0.678968499,0.580668269,0.179522232,-0.069833472,-0.01005569,0.247228629,-0.256668652,-0.530546069,-0.534993095,-0.439336601,0.517067855,0.248624058,0.41987885,0.212501949,0.597239287,-0.33372966,0.165680353,0.319958561,0.647458673,0.167659115,-0.099967376,0.09737883,0.08205133,-0.173830385,-0.49534804,-0.514706672,0.118710766,0.281963023,0.274718025,0.450291073,0.777466685,0.810463458,-0.286567913,0.181018293,0.395199422,0.735390071,0.173323932,-0.104918331,0.001632944,-0.180620361,-0.290410243,-0.209679881,-0.184873444,-0.070686707
NO3_max,0.259753999,-0.259342109,0.250790479,0.027414675,-0.044992661,0.029955546,-0.088739134,0.615613564,-0.268456917,0.181657117,0.373304107,0.337686808,0.913887612,-0.16471598,0.913790987,0.400057422,-0.214076988,0.243830143,-0.015383672,0.054651519,-0.118311256,-0.342845515,-0.140257639,0.239836499,0.422213574,-0.315924799,0.047863297,0.552740599,0.450036932,1,-0.1690358,0.850150296,0.099037896,-0.215070885,0.166344009,0.029590938,0.265801567,0.075950141,0.13611206,0.13163884,-0.063229444,0.628863486,-0.213867145,-0.038107048,-0.056930208,-0.023806747,0.331723652,-0.207085759,0.782162202,0.347625762,-0.218265994,0.171232844,0.016517449,-0.000708363,0.117667569,0.027317621,0.043606657,0.269084635,0.404319573,-0.121638581,0.419932086,0.658534829,0.590757028,0.370273827,-0.216391084,0.875260849,0.548061813,-0.212328664,0.29604505,-0.026821457,-0.162549452,-0.127796286,0.10580082,-0.219641418,-0.128744241
NO2_max,-0.039048473,0.014216249,-0.234139181,-0.036252867,-0.160712384,-0.221123353,0.006694329,-0.01325782,0.892993704,-0.313285835,-0.118278558,0.362970367,-0.182922505,0.997729978,-0.210159811,-0.082160823,0.992284299,-0.142832491,-0.008150272,0.000969144,-0.078329112,-0.156989867,-0.176879992,0.057981824,-0.004783822,0.731630342,-0.223808231,-0.0664921,0.210200864,-0.1690358,1,-0.223894138,-0.094085013,0.991991456,-0.082410869,-0.03841501,-0.031281777,-0.026261422,-0.129323919,-0.114507212,0.044848893,-0.024711004,0.930049956,-0.293225818,-0.315625498,0.58417709,-0.169322383,0.993435301,-0.198975007,-0.052624469,0.99223575,-0.123586817,0.0988358,-0.185325105,0.008216704,-0.112080776,-0.179504567,0.078907521,0.00702322,0.945278999,-0.182845223,-0.001074218,0.207714544,-0.21043716,0.994922151,-0.227329244,-0.030259401,0.992277439,-0.082817315,-0.032064822,-0.279155434,0.058651154,-0.170419784,0.139309264,0.17024629
Nt_max,0.106438779,-0.058754933,0.391227837,-0.104681073,-0.355711005,-0.267541049,-0.186138143,0.505850177,-0.299159664,0.363259385,0.637330731,0.524321584,0.70515516,-0.229494228,0.877861864,0.549814316,-0.275758768,0.157008599,0.038499908,0.206561115,-0.181242771,-0.338083875,-0.18659444,0.137913099,0.350839987,-0.294684235,0.335706206,0.724635603,0.678968499,0.850150296,-0.223894138,1,0.353112714,-0.274126203,0.071810811,0.057743334,0.199209458,-0.051249436,-0.20150874,-0.203118481,-0.203127515,0.510268752,-0.29310504,0.178852614,0.184795359,0.161163649,0.224686113,-0.271564484,0.707792461,0.46961139,-0.280029375,0.076191811,0.005071038,0.119875203,-0.011446617,-0.206874623,-0.185383501,0.162215297,0.305784338,-0.194336611,0.367636298,0.655759852,0.558413869,0.296191248,-0.262346943,0.791734971,0.559854482,-0.275721774,0.216433099,-0.018909346,-0.135203405,-0.267330103,-0.059095356,-0.312439836,-0.137630492
Pt_max,-0.115102575,0.13032594,0.053040831,-0.23148743,-0.716465754,-0.737090736,-0.177605487,0.436706079,0.136155472,0.625254158,0.706528992,0.559621442,-0.068417052,-0.115717672,0.272612667,0.85381997,-0.119592494,-0.149879009,0.246183363,0.282364245,-0.009475365,-0.425689654,-0.369283781,0.149284331,0.397212348,0.33760971,0.647474696,0.670566495,0.580668269,0.099037896,-0.094085013,0.353112714,1,-0.107935104,-0.22864472,0.268854313,-0.075991933,-0.229391682,-0.59260259,-0.605354001,-0.548366911,0.297577399,-0.064633305,0.661222767,0.422260753,0.370190861,-0.307093087,-0.136830101,0.153834596,0.696946483,-0.125197856,-0.203381059,0.051636337,-0.13954648,-0.13348368,-0.234432883,-0.332871841,0.109473313,0.254076455,-0.073224226,0.326564984,0.312251272,0.345714311,-0.12900009,-0.085509261,0.185229974,0.459270937,-0.125178491,-0.112543211,0.010130833,0.093359808,-0.30572394,-0.187354063,-0.231354658,0.028092979
oPO4_max,-0.019263824,0.002834958,-0.245938275,-0.021247033,-0.143453781,-0.204764882,0.012622004,-0.034042529,0.908683774,-0.330647456,-0.130031965,0.335652407,-0.241001568,0.996279048,-0.268866679,-0.108047127,0.999876004,0.142363382,-0.051386976,-0.04062707,-0.064068726,-0.130612467,-0.157589698,0.058907152,-0.016023465,0.758086856,-0.244758825,-0.080464698,0.179522232,-0.215070885,0.991991456,-0.274126203,-0.107935104,1,0.042437934,-0.087618171,-0.018450529,-0.007788379,-0.109017604,-0.092507624,0.04974888,-0.037446615,0.935173291,-0.303574195,-0.323838121,0.583131745,-0.217399425,0.998208166,-0.258395286,-0.086058117,0.999740044,0.086557037,0.067664591,-0.199680072,0.003343447,-0.094636399,-0.164066638,0.072352365,-0.019826985,0.941246858,-0.21083405,-0.017344336,0.181963605,-0.242335992,0.993845391,-0.273545265,-0.061828991,0.99973383,0.1075798,-0.053322792,-0.262284527,0.078212915,-0.107484982,0.160787075,0.142226422
SO4_max,0.25680554,-0.105721962,0.091590165,0.597486111,0.326258385,0.346390665,0.560397938,0.114902771,0.581026376,-0.26678303,-0.00810425,-0.046257945,0.186112841,0.041783713,0.131035682,-0.16063852,0.063671474,0.877821483,-0.287328245,0.028997289,0.484699307,0.381016193,0.322951724,0.602938308,0.052842531,0.403048684,-0.260171459,-0.007795562,-0.069833472,0.166344009,-0.082410869,0.071810811,-0.22864472,0.042437934,1,-0.189040089,-0.254529238,0.527430504,0.182538079,0.217728142,0.419911319,0.143169129,0.767297075,-0.28534158,-0.006099063,0.026570783,0.19117235,0.222234103,0.118136812,-0.111249841,0.005351481,0.649068835,-0.234582954,0.227186865,0.624344883,0.216439473,0.341823541,0.513355052,0.06898917,0.235552729,-0.079138885,-0.031774356,-0.05997047,0.190744712,-0.263655756,0.114561795,-0.050356601,0.095220003,0.68656464,-0.163720884,-0.105044692,0.46288087,0.457745271,0.274306271,0.256929296
SM_max,-0.111891831,0.026994878,-0.16383238,-0.066818069,0.012103158,-0.029744047,0.024842765,-0.077627046,-0.16333657,0.171566398,-0.032797201,-0.022698144,0.132657916,-0.060065786,0.119625764,0.179348577,-0.086183664,-0.116726778,0.876896551,0.127942789,-0.069469878,-0.091800062,-0.178972923,-0.056989262,-0.127725235,-0.136582295,0.326572634,-0.027242332,-0.01005569,0.029590938,-0.03841501,0.057743334,0.268854313,-0.087618171,-0.189040089,1,-0.104418503,-0.039408202,0.030870271,0.057901579,-0.01809927,-0.12719947,-0.171598473,0.061817613,0.205137385,-0.048420088,0.227293254,-0.078201839,0.141400382,0.211102237,-0.084294193,-0.107258091,0.394924364,0.023199006,0.007810506,0.01075309,0.015882139,0.098919824,-0.018704775,-0.08113011,-0.05467866,-0.098561086,-0.047362375,0.206266228,-0.042567381,0.116757294,0.013138626,-0.08695804,0.009963373,0.181339583,-0.125056496,-0.12252947,-0.308681602,-0.093765763,0.09977942
T_min,0.135785169,0.156433186,0.578795345,0.032564568,-0.124372779,0.061727415,-0.107094686,0.209286145,-0.169819395,-0.047636237,0.236144606,0.241587411,0.213575653,-0.006065242,0.264474398,0.157638306,-0.016426799,-0.057052269,-0.024921653,-0.114429406,-0.030088652,-0.196569427,0.147858099,0.054340262,0.121669809,-0.227284221,-0.29528909,0.24825167,0.247228629,0.265801567,-0.031281777,0.199209458,-0.075991933,-0.018450529,-0.254529238,-0.104418503,1,0.1458526,0.112563832,0.113239943,-0.035618691,0.330169425,-0.083809733,0.10754538,-0.015923234,0.105807373,0.058177959,-0.009251048,0.266571313,0.214137624,-0.018354713,0.083023503,0.071141499,0.132513685,-0.062215175,-0.247090055,-0.181545182,0.113148359,0.238339304,-0.149326671,0.138797056,0.343267774,0.314045494,0.072596593,-0.019397575,0.340257036,0.411502973,-0.014294888,-0.020652548,0.060828516,0.120856648,-0.272450062,0.228293851,-0.202849336,-0.426840477
pH_min,0.036271093,-0.210521435,0.089567018,0.950836614,0.512553004,0.559300249,0.828593383,0.140043568,0.035968437,-0.585343775,-0.171611188,-0.221525998,0.242566,-0.004061459,0.111925977,-0.191212658,-0.006957821,0.605800394,-0.070019666,-0.088723027,0.803765347,0.461327899,0.431055008,0.736179656,0.162598299,0.07186221,-0.594746982,-0.221876313,-0.256668652,0.075950141,-0.026261422,-0.051249436,-0.229391682,-0.007788379,0.527430504,-0.039408202,0.1458526,1,0.407593789,0.479545015,0.551386507,0.217985382,0.055051077,-0.391423998,-0.053097931,-0.06977034,0.404341729,0.013704719,0.198942136,-0.058758426,-0.006544993,0.654356549,-0.033617542,0.173909982,0.876315357,0.414605886,0.556671448,0.566550293,0.194980784,-0.096666415,-0.400881838,-0.223277334,-0.260276467,0.439575903,-0.020706848,0.165568994,-0.129947362,-0.007057531,0.581585961,-0.03564761,0.102343417,0.234931891,0.56180994,0.362916961,-0.056823829
O2_min,0.273565538,-0.345937162,-0.185006507,0.281989436,0.829142859,0.826599439,0.204692647,-0.095302918,-0.312127261,-0.464185605,-0.484741679,-0.477407915,0.308671309,-0.103008856,0.009869958,-0.474656617,-0.100208355,0.21353629,-0.004440622,-0.504058583,0.028117338,0.17800694,0.065576441,0.06506758,-0.062415616,-0.445578232,-0.462822261,-0.437540566,-0.530546069,0.13611206,-0.129323919,-0.20150874,-0.59260259,-0.109017604,0.182538079,0.030870271,0.112563832,0.407593789,1,0.985568221,0.249461994,-0.024291286,-0.135288675,-0.513923576,-0.171652221,-0.316113673,0.402200441,-0.08367647,0.144854966,-0.347676317,-0.096907623,0.245261121,-0.046200666,0.075401943,0.229269534,0.555849792,0.646593018,0.072764186,-0.013709798,-0.135443867,-0.328037288,-0.18399356,-0.271764263,0.321502054,-0.115720393,0.090409606,-0.277688375,-0.096987907,0.222850104,-0.021250472,-0.133004274,0.410744842,0.578232553,0.363237208,-0.39550385
O2_sat_min,0.269459857,-0.325392009,-0.152109452,0.370953297,0.856520508,0.861304193,0.258500778,-0.092557115,-0.285771225,-0.490686846,-0.498234876,-0.489502823,0.306938367,-0.085874281,0.002915093,-0.486857261,-0.083770907,0.284130077,0.00335626,-0.442198259,0.109002834,0.237741949,0.121229156,0.117227918,-0.06032331,-0.425214954,-0.479006525,-0.454760964,-0.534993095,0.13163884,-0.114507212,-0.203118481,-0.605354001,-0.092507624,0.217728142,0.057901579,0.113239943,0.479545015,0.985568221,1,0.27776649,-0.023068304,-0.102511224,-0.527490507,-0.166671914,-0.310571136,0.385635071,-0.066898456,0.121919691,-0.360863883,-0.080394677,0.30599131,-0.047501065,0.080660425,0.318734445,0.599508682,0.703769535,0.115816492,-0.006489742,-0.12364193,-0.332761287,-0.210420415,-0.302069922,0.337629781,-0.10337853,0.077876742,-0.289065903,-0.080647604,0.311380743,-0.000865367,-0.104940411,0.393643316,0.57011951,0.347184505,-0.357961332
con_min,-0.051224472,-0.271355005,-0.118511429,0.572171512,0.49059407,0.483757916,0.709715918,-0.289603112,-0.008945162,-0.529636664,-0.522959854,-0.472954791,0.112667996,0.04773898,-0.146382342,-0.560921138,0.05489544,0.347755378,0.015261406,-0.151693678,0.488127205,0.540261778,0.472867594,0.30544506,-0.38700602,-0.02385948,-0.497700276,-0.491228434,-0.439336601,-0.063229444,0.044848893,-0.203127515,-0.548366911,0.04974888,0.419911319,-0.01809927,-0.035618691,0.551386507,0.249461994,0.27776649,1,-0.093966852,0.024223829,-0.529106388,-0.33876395,-0.395406098,0.457473196,0.06064175,-0.025681984,-0.445248892,0.058642595,0.508723732,0.070659298,0.201027408,0.502488096,0.15983774,0.280156169,0.435326662,-0.289042398,0.022292755,-0.390086992,-0.335925447,-0.34473973,0.266403288,0.022144666,-0.072983148,-0.367754312,0.057613965,0.29747585,0.064660769,0.001437405,0.392017637,0.223287841,0.352045799,0.020112851
Cl_min,0.002493898,-0.227133692,0.330813563,0.197267947,-0.212285283,-0.123856846,0.090228746,0.941320116,-0.050253799,0.173729556,0.432822718,0.436019525,0.492764698,-0.013960664,0.570296899,0.573356589,-0.039431349,0.305392096,-0.118117001,0.14728225,0.176383011,-0.330147035,-0.118180468,0.553135286,0.769779121,-0.063787362,-0.049634622,0.617183883,0.517067855,0.628863486,-0.024711004,0.510268752,0.297577399,-0.037446615,0.143169129,-0.12719947,0.330169425,0.217985382,-0.024291286,-0.023068304,-0.093966852,1,-0.070602367,0.151701393,-0.150247021,0.129176841,-0.022184571,-0.035151098,0.491395407,0.528580148,-0.044864963,0.371367391,0.048752889,0.16865684,0.29281429,-0.132747299,-0.068526609,0.446270858,0.664541724,0.013697821,0.42075238,0.759046983,0.685160057,-0.114125336,-0.044152811,0.525487945,0.795810849,-0.038118819,0.108848067,0.060438553,-0.008261118,-0.089593604,0.200435836,-0.103981756,-0.212263094
BOC_min,0.011171661,0.076818008,-0.386944942,0.028095702,-0.129788271,-0.22280845,0.050854217,-0.046013331,0.954920003,-0.30456399,0.007117111,0.482355539,-0.274654682,0.934734101,-0.25081282,-0.00833618,0.933425092,0.791714528,-0.082601687,-0.113242049,-0.07108127,-0.048751817,-0.147967201,0.205002826,-0.074057618,0.81329135,-0.269848406,-0.002252754,0.248624058,-0.213867145,0.930049956,-0.29310504,-0.064633305,0.935173291,0.767297075,-0.171598473,-0.083809733,0.055051077,-0.135288675,-0.102511224,0.024223829,-0.070602367,1,-0.26769884,-0.139001165,0.752680639,-0.293675618,0.933094039,-0.262944815,0.044497435,0.932132449,0.76504947,0.08054351,-0.310563003,0.044229898,-0.049027071,-0.160141056,0.21138822,-0.071843765,0.920057146,-0.191580762,-0.00137883,0.210973921,-0.281961131,0.923036471,-0.274485829,-0.024832434,0.931549652,0.72098128,0.020901916,-0.305731004,0.215394212,-0.07206253,0.421027908,0.371283679
COD_min,-0.160216034,0.32521618,0.258494014,-0.326002407,-0.577437119,-0.548598546,-0.385449083,0.214394349,-0.154004998,0.773636154,0.621682825,0.412412202,-0.19754808,-0.309801631,0.126523536,0.675046078,-0.310833976,-0.179955331,0.17723613,0.251207645,-0.079843733,-0.298404348,-0.200592914,-0.099046668,0.132882284,0.003612926,0.588985467,0.539385419,0.41987885,-0.038107048,-0.293225818,0.178852614,0.661222767,-0.303574195,-0.28534158,0.061817613,0.10754538,-0.391423998,-0.513923576,-0.527490507,-0.529106388,0.151701393,-0.26769884,1,0.441267407,0.232552997,-0.373557846,-0.323616951,0.066119295,0.60961293,-0.31499804,-0.217756596,0.193308906,-0.128405035,-0.320940183,-0.189364636,-0.274158106,-0.057893647,0.019337868,-0.361579445,0.521796466,0.237731525,0.231783606,-0.266844314,-0.288227836,0.023936948,0.453121631,-0.314697648,-0.224268607,0.208681162,0.113706797,-0.263342528,-0.258146891,-0.307703661,-0.09326002
KjN_min,-0.131916143,0.377440936,-0.018717759,-0.079318233,-0.214249119,-0.230813,-0.07827751,-0.076189369,-0.14301918,0.229726001,0.52291632,0.307466411,-0.066990229,-0.323209675,0.204988427,0.374730509,-0.329232052,0.128275329,0.226432709,-0.039919304,-0.056557758,-0.047163331,-0.1190735,0.019886335,-0.068475529,-0.045672548,0.259776305,0.2416182,0.212501949,-0.056930208,-0.315625498,0.184795359,0.422260753,-0.323838121,-0.006099063,0.205137385,-0.015923234,-0.053097931,-0.171652221,-0.166671914,-0.33876395,-0.150247021,-0.139001165,0.441267407,1,0.37095682,0.036323134,-0.327701749,0.236817561,0.44357251,-0.331087799,0.167488718,0.043178096,-0.198875621,-0.126463173,0.108649716,0.041981,0.012706164,-0.056667331,-0.348706897,0.013072233,-0.11098629,-0.086922105,0.183625342,-0.32193835,0.107268876,-0.029226482,-0.334930701,0.235428197,0.019705325,0.049662892,-0.114115908,-0.003931019,-0.03203251,-0.084971843
NH4_min,-0.056248785,0.252655131,0.013651195,-0.124197464,-0.497376932,-0.517123338,-0.179497113,0.172059248,0.736293146,0.099116143,0.557391412,0.792976284,-0.161634889,0.586749608,0.132808151,0.496118055,0.579101497,0.22249939,0.044625539,0.036710228,-0.152987584,-0.391773957,-0.379149079,0.183127455,0.138551827,0.667333205,0.106142912,0.394912308,0.597239287,-0.023806747,0.58417709,0.161163649,0.370190861,0.583131745,0.026570783,-0.048420088,0.105807373,-0.06977034,-0.316113673,-0.310571136,-0.395406098,0.129176841,0.752680639,0.232552997,0.37095682,1,-0.269357235,0.581704169,0.122370267,0.569398042,0.575843285,0.176946905,0.153303688,-0.138839996,-0.09723362,-0.186642559,-0.248252023,0.150474215,0.107619802,0.645495751,0.039039059,0.163780798,0.33831405,-0.144439468,0.590502839,0.010735133,0.252053434,0.574305905,0.178309095,0.001395999,-0.311425592,-0.032261164,-0.093132084,0.049604248,-0.01140085
NO3_min,-0.021418674,-0.158105046,-0.064030368,0.330317903,0.392326272,0.413622468,0.462215906,-0.099842533,-0.379971376,-0.462677161,-0.238544851,-0.310970066,0.649393198,-0.175528166,0.451409807,-0.268601097,-0.212763049,0.189257246,0.185410506,-0.18284795,0.139721472,0.09237221,0.109509768,0.198373334,-0.10913258,-0.435158761,-0.396510961,-0.320896922,-0.33372966,0.331723652,-0.169322383,0.224686113,-0.307093087,-0.217399425,0.19117235,0.227293254,0.058177959,0.404341729,0.402200441,0.385635071,0.457473196,-0.022184571,-0.293675618,-0.373557846,0.036323134,-0.269357235,1,-0.179895726,0.680079316,-0.095232956,-0.209612408,0.336353023,0.144414605,-0.052250123,0.294451134,0.330576144,0.35779125,0.155200028,0.079959192,-0.196610228,-0.367400147,-0.272470243,-0.297281373,0.75632167,-0.187195072,0.44739257,-0.280148828,-0.212824396,0.322265266,-0.088372583,-0.174488919,0.130784561,0.124604869,-0.014226772,-0.129024083
NO2_min,-0.028608848,0.007072059,-0.238906065,-0.003204479,-0.118597526,-0.176995785,0.0270893,-0.036355425,0.896886526,-0.356401363,-0.145662695,0.325485927,-0.218268486,0.997868277,-0.255505451,-0.124105093,0.998628853,0.341847946,-0.038681508,-0.045710414,-0.060120121,-0.125933056,-0.153412257,0.068017051,-0.014541278,0.736616881,-0.271978267,-0.100553049,0.165680353,-0.207085759,0.993435301,-0.271564484,-0.136830101,0.998208166,0.222234103,-0.078201839,-0.009251048,0.013704719,-0.08367647,-0.066898456,0.06064175,-0.035151098,0.933094039,-0.323616951,-0.327701749,0.581704169,-0.179895726,1,-0.233351353,-0.086737033,0.998731885,0.419902448,0.085702687,-0.189871678,0.020841282,-0.083208442,-0.147028883,0.072014816,-0.006154744,0.941020465,-0.225157971,-0.028525633,0.171121924,-0.218748471,0.994827687,-0.262208457,-0.066148489,0.998621144,0.264620244,-0.044791281,-0.269881554,0.08204552,-0.106194767,0.159874198,0.141796287
Nt_min,0.020352353,-0.229460867,0.130388784,0.117205847,-0.062235969,-0.010807178,0.088376456,0.45975658,-0.334624575,0.037379054,0.443554648,0.331915774,0.87391419,-0.20278698,0.921230214,0.415253258,-0.258273845,0.255238627,0.136013364,-0.097968969,-0.038866926,-0.356036886,-0.19790566,0.313015515,0.316455452,-0.368314528,-0.094377555,0.413126097,0.319958561,0.782162202,-0.198975007,0.707792461,0.153834596,-0.258395286,0.118136812,0.141400382,0.266571313,0.198942136,0.144854966,0.121919691,-0.025681984,0.491395407,-0.262944815,0.066119295,0.236817561,0.122370267,0.680079316,-0.233351353,1,0.504761113,-0.261148971,0.293622704,0.20426021,-0.109313758,0.160281305,0.131603067,0.118738469,0.290718528,0.362885772,-0.207929876,0.202317164,0.364736217,0.329140827,0.574382703,-0.23581222,0.822716294,0.372822756,-0.259801604,0.302525253,0.01496561,-0.251451609,-0.03047072,0.074706184,-0.173310636,-0.224738079
Pt_min,-0.106834212,0.06765551,0.176292596,-0.083574316,-0.541248248,-0.518584854,-0.143052538,0.57770743,0.083047314,0.518032594,0.792026091,0.711390902,0.220610017,-0.06466088,0.539121494,0.920088369,-0.090814218,0.123053449,0.31190949,0.20511126,-0.007719504,-0.545246609,-0.383002082,0.377726047,0.454132215,0.124609271,0.341459119,0.69537634,0.647458673,0.347625762,-0.052624469,0.46961139,0.696946483,-0.086058117,-0.111249841,0.211102237,0.214137624,-0.058758426,-0.347676317,-0.360863883,-0.445248892,0.528580148,0.044497435,0.60961293,0.44357251,0.569398042,-0.095232956,-0.086737033,0.504761113,1,-0.095984238,0.147661718,0.352510249,-0.089052665,0.024083911,-0.163379205,-0.211435717,0.351315825,0.421868695,0.002290126,0.456550682,0.457196224,0.511692369,0.01104941,-0.057100265,0.432591284,0.682398342,-0.095220221,0.10207946,0.225761467,-0.08629132,-0.189965921,-0.135830092,-0.16716324,-0.037228482
oPO4_min,-0.017737585,0.000801092,-0.245005634,-0.020719037,-0.130499239,-0.191031195,0.014297033,-0.04408636,0.901473389,-0.340615585,-0.145554787,0.323684592,-0.239908118,0.996464396,-0.274402199,-0.122762821,0.999958852,0.257619692,-0.04793707,-0.041613533,-0.067216738,-0.126175214,-0.154677457,0.054049931,-0.025527996,0.746446861,-0.252020547,-0.095946334,0.167659115,-0.218265994,0.99223575,-0.280029375,-0.125197856,0.999740044,0.005351481,-0.084294193,-0.018354713,-0.006544993,-0.096907623,-0.080394677,0.058642595,-0.044864963,0.932132449,-0.31499804,-0.331087799,0.575843285,-0.209612408,0.998731885,-0.261148971,-0.095984238,1,0.308679448,0.070832109,-0.191503006,0.003768833,-0.093272645,-0.159391043,0.070343178,-0.02423277,0.940864618,-0.21848273,-0.025349922,0.17375049,-0.238768735,0.994297346,-0.277135629,-0.069920416,0.999934288,0.170456465,-0.051007948,-0.265472617,0.082342379,-0.108373157,0.163469005,0.139949701
SO4_min,-0.022793563,-0.057876123,0.220055614,0.691726247,0.346774543,0.39901401,0.67646207,0.270541079,0.4166606,-0.377395765,0.003527202,-0.029387903,0.229333204,0.092954819,0.173880784,-0.025455252,0.185312171,0.858546094,-0.088041836,0.129539614,0.524083163,0.299776434,0.343063388,0.754608393,0.214109471,0.21918823,-0.50523789,-0.086353509,-0.099967376,0.171232844,-0.123586817,0.076191811,-0.203381059,0.086557037,0.649068835,-0.107258091,0.083023503,0.654356549,0.245261121,0.30599131,0.508723732,0.371367391,0.76504947,-0.217756596,0.167488718,0.176946905,0.336353023,0.419902448,0.293622704,0.147661718,0.308679448,1,0.066374565,0.153086658,0.644556367,0.312875971,0.442424475,0.676506139,0.288462272,0.181151618,-0.074612081,-0.058488453,-0.093365147,0.276586413,-0.29095271,0.172421827,0.055240793,0.117312288,0.738747556,0.112471914,0.022371314,0.325630416,0.386542196,0.14569615,0.070528881
SM_min,-0.620658574,-0.031755656,-0.043038793,-0.027869945,-0.125480255,-0.145917639,-0.06298205,-0.012276093,0.047521584,0.195663137,0.081739797,0.128763107,0.066878668,0.090350683,0.104153794,0.197366381,0.070335881,-0.061125642,0.671889074,-0.072360943,-0.074078486,-0.265068064,-0.261639965,-0.002281183,-0.102032283,0.027265525,0.081778545,0.053245467,0.09737883,0.016517449,0.0988358,0.005071038,0.051636337,0.067664591,-0.234582954,0.394924364,0.071141499,-0.033617542,-0.046200666,-0.047501065,0.070659298,0.048752889,0.08054351,0.193308906,0.043178096,0.153303688,0.144414605,0.085702687,0.20426021,0.352510249,0.070832109,0.066374565,1,0.015239062,0.031018336,-0.048795659,-0.025290619,0.088019877,-0.094030532,-0.006259352,0.096704061,0.016816067,0.082978789,0.005202507,0.084513773,0.043828328,0.128556074,0.069801393,-0.095033768,0.302183145,0.024278297,-0.112119981,-0.196407781,-0.047379353,-0.118106433
T,-0.117768318,0.042410561,0.490949526,0.130314781,0.066032592,0.189948574,0.101285103,0.077899328,-0.343117319,-0.048120974,-0.059492485,-0.029070818,-0.063603231,-0.19217332,-0.04420376,-0.094412631,-0.193425025,0.138241062,-0.036701325,0.227971104,0.131594485,0.189017006,0.230968801,0.106174975,-0.013746586,-0.346427343,0.034219457,-0.023762713,0.08205133,-0.000708363,-0.185325105,0.119875203,-0.13954648,-0.199680072,0.227186865,0.023199006,0.132513685,0.173909982,0.075401943,0.080660425,0.201027408,0.16865684,-0.310563003,-0.128405035,-0.198875621,-0.138839996,-0.052250123,-0.189871678,-0.109313758,-0.089052665,-0.191503006,0.153086658,0.015239062,1,0.19152446,-0.46179157,-0.118906887,0.169250567,0.001340602,-0.289143127,-0.163593237,0.102970961,0.02549121,-0.100205158,-0.170246816,0.013241724,0.156756475,-0.189562615,-0.122313585,-0.153566712,0.0281286,0.02092952,0.064821812,0.106064901,-0.134701951
pH,-0.032054152,-0.288786023,0.066350179,0.929537006,0.392186822,0.414160167,0.816938489,0.272507953,0.03270517,-0.428418049,-0.159567137,-0.181750343,0.243660153,0.01453009,0.125462797,-0.085387241,0.003816371,0.661031833,-0.050978505,0.107020586,0.834271106,0.350480841,0.307720652,0.825672788,0.294868593,0.054206097,-0.415141364,-0.163789505,-0.173830385,0.117667569,0.008216704,-0.011446617,-0.13348368,0.003343447,0.624344883,0.007810506,-0.062215175,0.876315357,0.229269534,0.318734445,0.502488096,0.29281429,0.044229898,-0.320940183,-0.126463173,-0.09723362,0.294451134,0.020841282,0.160281305,0.024083911,0.003768833,0.644556367,0.031018336,0.19152446,1,0.403596689,0.547166109,0.634450327,0.280095603,-0.082734102,-0.232791337,-0.16137841,-0.193456839,0.31606111,-0.004134683,0.121360447,-0.026643969,0.003842686,0.629558967,0.022848229,0.146024843,0.231112384,0.395306205,0.333196135,0.123691617
O2,0.201776517,-0.144289861,-0.352974294,0.436469868,0.607950923,0.522314784,0.344908512,-0.106747825,-0.099003427,-0.231605335,-0.317297099,-0.428991542,0.193196606,-0.097274063,-0.002676495,-0.245490707,-0.094511358,0.277586776,-0.000352657,-0.285003306,0.311879125,0.16013069,-0.021905914,0.222869432,0.004151172,-0.10040438,-0.232608972,-0.368943447,-0.49534804,0.027317621,-0.112080776,-0.206874623,-0.234432883,-0.094636399,0.216439473,0.01075309,-0.247090055,0.414605886,0.555849792,0.599508682,0.15983774,-0.132747299,-0.049027071,-0.189364636,0.108649716,-0.186642559,0.330576144,-0.083208442,0.131603067,-0.163379205,-0.093272645,0.312875971,-0.048795659,-0.46179157,0.403596689,1,0.931207509,0.046987305,-0.020638893,-0.206162367,-0.177480177,-0.447324629,-0.51489708,0.370762692,-0.122317706,-0.074737292,-0.44234082,-0.097227392,0.483873345,0.129197677,-0.069448194,0.393243835,0.32663744,0.299006199,-0.025499866
O2_sat,0.179533702,-0.140024051,-0.17830808,0.568591101,0.705878928,0.668204758,0.440549532,-0.084029032,-0.24547543,-0.297409505,-0.35864473,-0.477260383,0.206373204,-0.163880974,-0.005398821,-0.312794942,-0.161415493,0.39334489,-0.019912697,-0.228192545,0.425769484,0.264494965,0.09644814,0.312009377,-0.011515712,-0.256884758,-0.281806407,-0.405096659,-0.514706672,0.043606657,-0.179504567,-0.185383501,-0.332871841,-0.164066638,0.341823541,0.015882139,-0.181545182,0.556671448,0.646593018,0.703769535,0.280156169,-0.068526609,-0.160141056,-0.274158106,0.041981,-0.248252023,0.35779125,-0.147028883,0.118738469,-0.211435717,-0.159391043,0.442424475,-0.025290619,-0.118906887,0.547166109,0.931207509,1,0.14935387,-0.028338935,-0.352864205,-0.253667884,-0.442943704,-0.556073792,0.389167214,-0.186700406,-0.059972116,-0.424137213,-0.162939214,0.517963213,0.075874462,-0.053956732,0.44216956,0.397083894,0.358428854,-0.083993439
con,0.040924899,-0.315519768,-0.008207941,0.573053594,0.06453797,0.077281366,0.618466867,0.370462857,0.213693601,-0.190884942,0.174483251,0.158708108,0.287373036,0.077979613,0.290989911,0.253899646,0.072140944,0.678036016,0.041831899,0.067435704,0.544013552,0.020752201,0.061637035,0.78530027,0.155665648,0.22671503,-0.269217352,0.161629704,0.118710766,0.269084635,0.078907521,0.162215297,0.109473313,0.072352365,0.513355052,0.098919824,0.113148359,0.566550293,0.072764186,0.115816492,0.435326662,0.446270858,0.21138822,-0.057893647,0.012706164,0.150474215,0.155200028,0.072014816,0.290718528,0.351315825,0.070343178,0.676506139,0.088019877,0.169250567,0.634450327,0.046987305,0.14935387,1,0.055101358,0.136527096,0.026641634,0.133947358,0.155471638,0.237316213,0.063826881,0.313027451,0.327095951,0.072141786,0.655813722,0.084883729,0.07088394,0.250096369,0.329180063,0.257524331,-0.06287525
Cl,0.150166851,-0.077297931,0.338733751,0.171729291,-0.128385798,-0.032437336,0.122472274,0.754123299,-0.06962608,-0.013075874,0.241863818,0.267992823,0.394076829,0.011068016,0.414782039,0.406165527,-0.0211652,0.253573133,-0.103134294,0.309851242,0.140864783,-0.287287516,-0.03984477,0.477612866,0.828568602,-0.103716139,-0.109168914,0.334768599,0.281963023,0.404319573,0.00702322,0.305784338,0.254076455,-0.019826985,0.06898917,-0.018704775,0.238339304,0.194980784,-0.013709798,-0.006489742,-0.289042398,0.664541724,-0.071843765,0.019337868,-0.056667331,0.107619802,0.079959192,-0.006154744,0.362885772,0.421868695,-0.02423277,0.288462272,-0.094030532,0.001340602,0.280095603,-0.020638893,-0.028338935,0.055101358,1,0.04602928,0.204893046,0.45385669,0.423592857,0.073699791,0.01269666,0.433968432,0.488146339,-0.021420206,0.176747482,-0.074325732,-0.04546141,-0.262237449,0.04730824,-0.252539394,0.130132318
BOC,0.075061784,0.044814604,-0.347105367,-0.172661492,-0.190066315,-0.263478985,-0.03735002,0.00576242,0.891627736,-0.301626374,-0.070581566,0.444317119,-0.159589676,0.944005108,-0.190444433,-0.03330433,0.941341046,0.303390514,-0.087744706,-0.009185288,-0.310528924,-0.204883198,-0.277367943,0.10772028,-0.043005451,0.716044562,-0.183137637,-0.012337068,0.274718025,-0.121638581,0.945278999,-0.194336611,-0.073224226,0.941246858,0.235552729,-0.08113011,-0.149326671,-0.096666415,-0.135443867,-0.12364193,0.022292755,0.013697821,0.920057146,-0.361579445,-0.348706897,0.645495751,-0.196610228,0.941020465,-0.207929876,0.002290126,0.940864618,0.181151618,-0.006259352,-0.289143127,-0.082734102,-0.206162367,-0.352864205,0.136527096,0.04602928,1,-0.188357352,0.078374444,0.289837179,-0.299153106,0.943667011,-0.189011032,0.021855294,0.940806513,0.079681635,-0.075008611,-0.454336974,0.153473204,-0.184151213,0.283538152,0.312331911
COD,0.10588917,0.069195089,0.218311962,-0.264354441,-0.364049005,-0.330906599,-0.421181947,0.461128498,-0.174484053,0.697579518,0.45880143,0.370541012,0.206567656,-0.192314675,0.361550682,0.540489029,-0.213852145,0.011291514,-0.002432314,0.2262958,-0.123804046,-0.356288556,-0.181749913,-0.036241868,0.277763095,-0.153803473,0.396904753,0.588937215,0.450291073,0.419932086,-0.182845223,0.367636298,0.326564984,-0.21083405,-0.079138885,-0.05467866,0.138797056,-0.400881838,-0.328037288,-0.332761287,-0.390086992,0.42075238,-0.191580762,0.521796466,0.013072233,0.039039059,-0.367400147,-0.225157971,0.202317164,0.456550682,-0.21848273,-0.074612081,0.096704061,-0.163593237,-0.232791337,-0.177480177,-0.253667884,0.026641634,0.204893046,-0.188357352,1,0.612120873,0.572169458,-0.264960312,-0.222962941,0.302621388,0.675260653,-0.21278917,-0.045403808,0.384639258,-0.027368513,-0.120931134,-0.260174745,-0.280971678,0.066187253
KjN,0.13720015,-0.183023297,0.26493958,-0.248547045,-0.391499883,-0.321502535,-0.394972777,0.758387875,-0.023051804,0.423662659,0.579193495,0.628869279,0.422638048,0.005975942,0.575583386,0.594827846,-0.018980403,0.022003217,-0.087024684,0.029624337,-0.237301005,-0.356500618,-0.164032456,0.095232209,0.553067592,-0.079160396,0.207757416,0.822105599,0.777466685,0.658534829,-0.001074218,0.655759852,0.312251272,-0.017344336,-0.031774356,-0.098561086,0.343267774,-0.223277334,-0.18399356,-0.210420415,-0.335925447,0.759046983,-0.00137883,0.237731525,-0.11098629,0.163780798,-0.272470243,-0.028525633,0.364736217,0.457196224,-0.025349922,-0.058488453,0.016816067,0.102970961,-0.16137841,-0.447324629,-0.442943704,0.133947358,0.45385669,0.078374444,0.612120873,1,0.953609558,-0.332115807,-0.033301167,0.549394461,0.85925665,-0.016125485,-0.183054456,-0.007024041,-0.101079055,-0.198168553,0.042063955,-0.162152134,-0.176338884
NH4,0.07599337,-0.149817875,0.190446381,-0.290289927,-0.468495071,-0.424439539,-0.408754146,0.698282586,0.181745283,0.391192822,0.589965803,0.743407091,0.353632186,0.20911755,0.534173304,0.618217718,0.180034481,-0.002057686,-0.005930194,0.080448176,-0.280239879,-0.410561643,-0.218063503,0.080043429,0.505615857,0.096386758,0.199187333,0.804128492,0.810463458,0.590757028,0.207714544,0.558413869,0.345714311,0.181963605,-0.05997047,-0.047362375,0.314045494,-0.260276467,-0.271764263,-0.302069922,-0.34473973,0.685160057,0.210973921,0.231783606,-0.086922105,0.33831405,-0.297281373,0.171121924,0.329140827,0.511692369,0.17375049,-0.093365147,0.082978789,0.02549121,-0.193456839,-0.51489708,-0.556073792,0.155471638,0.423592857,0.289837179,0.572169458,0.953609558,1,-0.339150961,0.175597068,0.504723926,0.847097377,0.182498031,-0.181796414,-0.00044771,-0.138814284,-0.275188143,-0.082570736,-0.190567958,-0.087425505
NO3,0.104461222,-0.065869519,0.009139523,0.361365783,0.310635048,0.340893975,0.427349522,-0.119019357,-0.311346427,-0.376760158,-0.062752405,-0.222613674,0.601884533,-0.213141117,0.482537265,-0.13698761,-0.240612177,0.270341272,0.079050313,-0.035720571,0.192134318,0.070809759,0.083303826,0.256003631,-0.12754422,-0.275872564,-0.30390528,-0.198515796,-0.286567913,0.370273827,-0.21043716,0.296191248,-0.12900009,-0.242335992,0.190744712,0.206266228,0.072596593,0.439575903,0.321502054,0.337629781,0.266403288,-0.114125336,-0.281961131,-0.266844314,0.183625342,-0.144439468,0.75632167,-0.218748471,0.574382703,0.01104941,-0.238768735,0.276586413,0.005202507,-0.100205158,0.31606111,0.370762692,0.389167214,0.237316213,0.073699791,-0.299153106,-0.264960312,-0.332115807,-0.339150961,1,-0.208783279,0.605932423,-0.264345981,-0.242458603,0.597734188,-0.043229042,-0.053582512,0.007025987,0.181619943,-0.117455551,0.00043262
NO2,-0.029745984,0.019706028,-0.222791638,-0.041238463,-0.161624401,-0.21733261,0.007681187,-0.031085827,0.894761311,-0.329321938,-0.129802775,0.342796737,-0.22752522,0.99466632,-0.253044301,-0.09150191,0.994135103,-0.27758504,-0.017340776,0.003449468,-0.078195806,-0.161904623,-0.178881583,0.055293233,-0.005004238,0.740267401,-0.228599358,-0.089553894,0.181018293,-0.216391084,0.994922151,-0.262346943,-0.085509261,0.993845391,-0.263655756,-0.042567381,-0.019397575,-0.020706848,-0.115720393,-0.10337853,0.022144666,-0.044152811,0.923036471,-0.288227836,-0.32193835,0.590502839,-0.187195072,0.994827687,-0.23581222,-0.057100265,0.994297346,-0.29095271,0.084513773,-0.170246816,-0.004134683,-0.122317706,-0.186700406,0.063826881,0.01269666,0.943667011,-0.222962941,-0.033301167,0.175597068,-0.208783279,1,-0.252535551,-0.051426667,0.993956787,-0.189870924,-0.051133864,-0.2687249,0.048059811,-0.149613544,0.129291612,0.154738931
Nt,0.176114744,-0.364709606,0.251762901,0.084017389,-0.079999876,0.00347886,0.024939438,0.528008998,-0.322193689,0.066560829,0.467874922,0.347691767,0.878006422,-0.226927671,0.922077634,0.413001992,-0.273445342,0.236979577,0.020724229,0.037179228,-0.043191591,-0.25294531,-0.070741778,0.291085983,0.364563017,-0.347667553,-0.055530003,0.537430486,0.395199422,0.875260849,-0.227329244,0.791734971,0.185229974,-0.273545265,0.114561795,0.116757294,0.340257036,0.165568994,0.090409606,0.077876742,-0.072983148,0.525487945,-0.274485829,0.023936948,0.107268876,0.010735133,0.44739257,-0.262208457,0.822716294,0.432591284,-0.277135629,0.172421827,0.043828328,0.013241724,0.121360447,-0.074737292,-0.059972116,0.313027451,0.433968432,-0.189011032,0.302621388,0.549394461,0.504723926,0.605932423,-0.252535551,1,0.50998931,-0.272767199,0.339700583,-0.048923556,-0.126693568,-0.201349631,0.136830196,-0.292157268,-0.143960423
Pt,0.004243972,-0.060596781,0.377664993,-0.127424927,-0.450496459,-0.363403695,-0.264066491,0.794400286,-0.023999139,0.496687677,0.631010104,0.649555613,0.327709101,-0.032249226,0.541667239,0.752507993,-0.06395579,0.084759046,0.041474879,0.225526343,-0.052878398,-0.402347527,-0.158046639,0.271285276,0.594965895,-0.053568492,0.235245421,0.78557277,0.735390071,0.548061813,-0.030259401,0.559854482,0.459270937,-0.061828991,-0.050356601,0.013138626,0.411502973,-0.129947362,-0.277688375,-0.289065903,-0.367754312,0.795810849,-0.024832434,0.453121631,-0.029226482,0.252053434,-0.280148828,-0.066148489,0.372822756,0.682398342,-0.069920416,0.055240793,0.128556074,0.156756475,-0.026643969,-0.44234082,-0.424137213,0.327095951,0.488146339,0.021855294,0.675260653,0.85925665,0.847097377,-0.264345981,-0.051426667,0.50998931,1,-0.061991996,-0.073305565,0.250145774,0.066300121,-0.268541298,-0.062063651,-0.260635083,-0.130047049
oPO4,-0.016582663,-0.002012879,-0.242463077,-0.021100312,-0.131455257,-0.19125358,0.011466943,-0.03767968,0.900583016,-0.338183348,-0.142501153,0.327489631,-0.236261821,0.996655169,-0.270478222,-0.120245799,0.999952171,0.189339351,-0.05050807,-0.042253983,-0.067554031,-0.126886983,-0.153506505,0.054609729,-0.020890383,0.744955269,-0.252262586,-0.089584998,0.173323932,-0.212328664,0.992277439,-0.275721774,-0.125178491,0.99973383,0.095220003,-0.08695804,-0.014294888,-0.007057531,-0.096987907,-0.080647604,0.057613965,-0.038118819,0.931549652,-0.314697648,-0.334930701,0.574305905,-0.212824396,0.998621144,-0.259801604,-0.095220221,0.999934288,0.117312288,0.069801393,-0.189562615,0.003842686,-0.097227392,-0.162939214,0.072141786,-0.021420206,0.940806513,-0.21278917,-0.016125485,0.182498031,-0.242458603,0.993956787,-0.272767199,-0.061991996,1,-9.22E-05,-0.051174813,-0.264204385,0.080309794,-0.106653351,0.162736104,0.138405104
SO4,0.263423533,-0.023209969,0.125014787,0.624876673,0.299883556,0.331091574,0.586117895,0.112797873,0.526903584,-0.321289491,0.028379953,-0.04288909,0.361575248,0.125720432,0.298350339,-0.015559488,0.135637533,0.847331466,-0.085096704,0.176879333,0.44149994,0.149659045,0.164060962,0.669727508,0.077701109,0.355619267,-0.324140849,-0.066833458,-0.104918331,0.29604505,-0.082817315,0.216433099,-0.112543211,0.1075798,0.68656464,0.009963373,-0.020652548,0.581585961,0.222850104,0.311380743,0.29747585,0.108848067,0.72098128,-0.224268607,0.235428197,0.178309095,0.322265266,0.264620244,0.302525253,0.10207946,0.170456465,0.738747556,-0.095033768,-0.122313585,0.629558967,0.483873345,0.517963213,0.655813722,0.176747482,0.079681635,-0.045403808,-0.183054456,-0.181796414,0.597734188,-0.189870924,0.339700583,-0.073305565,-9.22E-05,1,0.021347615,0.017930375,0.167183005,0.372304148,0.002534785,0.227683648
SM,-0.177506406,0.120221367,-0.042529947,0.032138081,0.04330582,0.009081895,-0.012441867,-0.026367517,-0.046095988,0.233648928,-0.017533605,-0.008962355,-0.05047404,-0.039047929,-0.037334073,0.122100552,-0.051541539,-0.040892719,0.310360348,-0.01249768,0.076808271,0.003185593,-0.072076581,0.018554844,-0.099731291,-0.098740566,0.083067273,-0.013337853,0.001632944,-0.026821457,-0.032064822,-0.018909346,0.010130833,-0.053322792,-0.163720884,0.181339583,0.060828516,-0.03564761,-0.021250472,-0.000865367,0.064660769,0.060438553,0.020901916,0.208681162,0.019705325,0.001395999,-0.088372583,-0.044791281,0.01496561,0.225761467,-0.051007948,0.112471914,0.302183145,-0.153566712,0.022848229,0.129197677,0.075874462,0.084883729,-0.074325732,-0.075008611,0.384639258,-0.007024041,-0.00044771,-0.043229042,-0.051133864,-0.048923556,0.250145774,-0.051174813,0.021347615,1,0.177372201,0.09341432,-0.163075733,0.026890283,-0.071503534
site,-0.285235363,0.109370544,0.226252143,0.13955859,-0.040078379,0.02735259,0.137573546,-0.000418289,-0.254919398,-0.01490462,-0.104784453,-0.277751288,-0.18286643,-0.277274357,-0.206475633,-0.038760905,-0.265360899,-0.059545025,-0.066076575,0.220767467,0.202891909,0.188296883,0.263835055,0.07418238,0.08044191,-0.128477117,-0.055003244,-0.09327956,-0.180620361,-0.162549452,-0.279155434,-0.135203405,0.093359808,-0.262284527,-0.105044692,-0.125056496,0.120856648,0.102343417,-0.133004274,-0.104940411,0.001437405,-0.008261118,-0.305731004,0.113706797,0.049662892,-0.311425592,-0.174488919,-0.269881554,-0.251451609,-0.08629132,-0.265472617,0.022371314,0.024278297,0.0281286,0.146024843,-0.069448194,-0.053956732,0.07088394,-0.04546141,-0.454336974,-0.027368513,-0.101079055,-0.138814284,-0.053582512,-0.2687249,-0.126693568,0.066300121,-0.264204385,0.017930375,0.177372201,1,-0.4514424,0.115226783,-0.286978348,0.033145656
updist,0.239904417,-0.237659466,-0.483928889,0.252530558,0.447704013,0.330211311,0.339781159,-0.180226054,0.181957199,-0.194075917,-0.142704132,-0.175685332,-0.04936592,0.061256369,-0.138575252,-0.270782907,0.080814498,0.359640563,-0.167945004,-0.522743951,0.231953167,0.263714295,0.038881506,0.214042718,-0.259684654,0.162310821,-0.201532138,-0.185250366,-0.290410243,-0.127796286,0.058651154,-0.267330103,-0.30572394,0.078212915,0.46288087,-0.12252947,-0.272450062,0.234931891,0.410744842,0.393643316,0.392017637,-0.089593604,0.215394212,-0.263342528,-0.114115908,-0.032261164,0.130784561,0.08204552,-0.03047072,-0.189965921,0.082342379,0.325630416,-0.112119981,0.02092952,0.231112384,0.393243835,0.44216956,0.250096369,-0.262237449,0.153473204,-0.120931134,-0.198168553,-0.275188143,0.007025987,0.048059811,-0.201349631,-0.268541298,0.080309794,0.167183005,0.09341432,-0.4514424,1,0.40906031,0.700921162,-0.126905305
netcen,0.236181588,-0.22271136,-0.007580338,0.449228821,0.372019307,0.402917882,0.406546787,0.10614745,-0.05541078,-0.343127029,-0.035723994,-0.192767676,0.13852335,-0.134797151,0.048247379,-0.165056408,-0.107507478,0.472674174,-0.282053429,-0.537281751,0.287096065,0.185142815,0.067643307,0.403744771,0.084087446,0.007535268,-0.373525446,-0.006368455,-0.209679881,0.10580082,-0.170419784,-0.059095356,-0.187354063,-0.107484982,0.457745271,-0.308681602,0.228293851,0.56180994,0.578232553,0.57011951,0.223287841,0.200435836,-0.07206253,-0.258146891,-0.003931019,-0.093132084,0.124604869,-0.106194767,0.074706184,-0.135830092,-0.108373157,0.386542196,-0.196407781,0.064821812,0.395306205,0.32663744,0.397083894,0.329180063,0.04730824,-0.184151213,-0.260174745,0.042063955,-0.082570736,0.181619943,-0.149613544,0.136830196,-0.062063651,-0.106653351,0.372304148,-0.163075733,0.115226783,0.40906031,1,0.482216113,-0.506460255
updist2,0.038056073,-0.160396578,-0.389960831,0.333134197,0.34376503,0.238776097,0.319937295,-0.163417194,0.390427504,-0.276398926,-0.158027217,-0.114459769,-0.183408591,0.139953093,-0.251921148,-0.231227367,0.162644801,0.100439327,-0.059705447,-0.499749365,0.296808337,0.217198896,-0.043780249,0.208693759,-0.190924487,0.37731775,-0.238175449,-0.177301912,-0.184873444,-0.219641418,0.139309264,-0.312439836,-0.231354658,0.160787075,0.274306271,-0.093765763,-0.202849336,0.362916961,0.363237208,0.347184505,0.352045799,-0.103981756,0.421027908,-0.307703661,-0.03203251,0.049604248,-0.014226772,0.159874198,-0.173310636,-0.16716324,0.163469005,0.14569615,-0.047379353,0.106064901,0.333196135,0.299006199,0.358428854,0.257524331,-0.252539394,0.283538152,-0.280971678,-0.162152134,-0.190567958,-0.117455551,0.129291612,-0.292157268,-0.260635083,0.162736104,0.002534785,0.026890283,-0.286978348,0.700921162,0.482216113,1,-0.164963999
Updist3,0.051474606,0.151422476,-0.129983122,0.065470463,-0.024826898,-0.074713723,0.130214956,-0.061869525,0.424670936,0.015832035,-0.095226136,-0.037297888,-0.123413222,0.154431437,-0.147937744,-0.022436656,0.139623616,0.153789181,0.002356746,0.519866725,0.150877574,0.199397736,0.29072952,0.115858201,0.0425534,0.441538428,0.037410203,-0.108791443,-0.070686707,-0.128744241,0.17024629,-0.137630492,0.028092979,0.142226422,0.256929296,0.09977942,-0.426840477,-0.056823829,-0.39550385,-0.357961332,0.020112851,-0.212263094,0.371283679,-0.09326002,-0.084971843,-0.01140085,-0.129024083,0.141796287,-0.224738079,-0.037228482,0.139949701,0.070528881,-0.118106433,-0.134701951,0.123691617,-0.025499866,-0.083993439,-0.06287525,0.130132318,0.312331911,0.066187253,-0.176338884,-0.087425505,0.00043262,0.154738931,-0.143960423,-0.130047049,0.138405104,0.227683648,-0.071503534,0.033145656,-0.126905305,-0.506460255,-0.164963999,1
