site;fish;parspeciesrichness;div_shannon;div_simpson;temp;pH;conductivity;nitrogen;phosphorus;oxygen;netcen;updist;updist2;updist3;fishspeciesrichness;weight;weigh (g);length;SMI;Sex ;Gyr;Tri;Glu;ecto_screener;Con;CysL;Pro;Aca;Cam;Ang;CysI;endo_screener;PI;PI_ecto;PI_endo
1;1;1;0;0;15.9;7.9;790;2;0.28;7.6;65212.97453;67745.12507;17856;4472;3;177;1.77;49;0.749910726;F;0;6;0;KM;0;0;0;0;0;0;0;KM;0.050547583;0.050547583;0
1;2;1;0;0;15.9;7.9;790;2;0.28;7.6;65212.97453;67745.12507;17856;4472;3;183;1.83;49;0.775331429;F;0;10;0;SM;0;0;0;0;0;0;0;SM;0.084245972;0.084245972;0
1;3;2;0.325082973;0.18;15.9;7.9;790;2;0.28;7.6;65212.97453;67745.12507;17856;4472;3;166;1.66;47;0.808401493;M;0;9;0;SM;1;0;0;0;0;0;0;SM;1.504392592;0.075821375;1.428571218
1;4;1;0;0;15.9;7.9;790;2;0.28;7.6;65212.97453;67745.12507;17856;4472;3;100;1;40;0.834794571;M;0;13;0;SM;0;0;0;0;0;0;0;SM;0.109519763;0.109519763;0
1;5;2;0.286835983;0.152777778;15.9;7.9;790;2;0.28;7.6;65212.97453;67745.12507;17856;4472;3;69;0.69;35;0.899980012;F;4;44;0;SM;0;0;0;0;0;0;0;SM;1.58280307;1.58280307;0
1;6;2;0.017073907;0.00485434;15.9;7.9;790;2;0.28;7.6;65212.97453;67745.12507;17856;4472;3;61;0.61;37;0.660786105;M;0;410;0;ID;0;1;0;0;0;0;0;ID;6.787418342;3.454084842;3.3333335
1;7;3;0.256403189;0.108381789;15.9;7.9;790;2;0.28;7.6;65212.97453;67745.12507;17856;4472;3;36;0.36;30;0.785989518;F;5;150;4;ID;0;0;0;0;0;0;0;ID;12.7788428;12.7788428;0
1;8;1;0;0;15.9;7.9;790;2;0.28;7.6;65212.97453;67745.12507;17856;4472;3;72;0.72;38;0.71344078;M;0;544;0;ID;0;0;0;0;0;0;0;ID;4.582980863;4.582980863;0
1;9;2;0.327855402;0.182022112;15.9;7.9;790;2;0.28;7.6;65212.97453;67745.12507;17856;4472;3;55;0.55;32;0.967848389;F;8;71;0;SM;0;0;0;0;0;0;0;SM;3.022387987;3.022387987;0
1;11;0;0;1;15.9;7.9;790;2;0.28;7.6;65212.97453;67745.12507;17856;4472;3;148;1.48;47;0.7207435;F;0;0;0;PH;0;0;0;0;0;0;0;PH;0;0;0
1;12;1;0;0;15.9;7.9;790;2;0.28;7.6;65212.97453;67745.12507;17856;4472;3;170;1.7;45;0.957372956;F;0;3;0;PH;0;0;0;0;0;0;0;ID;0.025273792;0.025273792;0
1;13;1;0;0;15.9;7.9;790;2;0.28;7.6;65212.97453;67745.12507;17856;4472;3;289;2.89;58;0.696946291;F;0;18;0;PH;0;0;0;0;0;0;0;PH;0.151642749;0.151642749;0
1;14;1;0;0;15.9;7.9;790;2;0.28;7.6;65212.97453;67745.12507;17856;4472;3;300;3;59;0.683301361;F;0;20;0;ID;0;0;0;0;0;0;0;PH;0.168491944;0.168491944;0
1;15;1;0;0;15.9;7.9;790;2;0.28;7.6;65212.97453;67745.12507;17856;4472;3;53;0.53;40;0.442441122;M;0;5;0;ID;0;0;0;0;0;0;0;ID;0.042122986;0.042122986;0
1;16;1;0;0;15.9;7.9;790;2;0.28;7.6;65212.97453;67745.12507;17856;4472;3;131;1.31;48;0.59461234;M;0;22;0;ID;0;0;0;0;0;0;0;ID;0.185341138;0.185341138;0
1;17;0;0;1;15.9;7.9;790;2;0.28;7.6;65212.97453;67745.12507;17856;4472;3;214;2.14;58;0.516077877;M;0;0;0;ID;0;0;0;0;0;0;0;ID;0;0;0
1;18;1;0;0;15.9;7.9;790;2;0.28;7.6;65212.97453;67745.12507;17856;4472;3;151;1.51;53;0.492177194;M;0;1;0;ID;0;0;0;0;0;0;0;ID;0.008424597;0.008424597;0
1;19;0;0;1;15.9;7.9;790;2;0.28;7.6;65212.97453;67745.12507;17856;4472;3;265;2.65;61;0.539949633;M;0;0;0;ID;0;0;0;0;0;0;0;ID;0;0;0
1;20;1;0;0;15.9;7.9;790;2;0.28;7.6;65212.97453;67745.12507;17856;4472;3;160;1.6;53;0.521512259;F;0;5;0;ID;0;0;0;0;0;0;0;ID;0.042122986;0.042122986;0
2;1;1;0;0;18.2;7.8;788;1.5;0.88;5;50877.1074;52437.11916;33186;19778;7;109;1.09;43;0.714564927;M;0;3;0;SM;0;0;0;0;0;0;0;SM;0.025273792;0.025273792;0
2;2;2;0.348832096;0.197530864;18.2;7.8;788;1.5;0.88;5;50877.1074;52437.11916;33186;19778;7;95;0.95;40;0.793054842;F;0;8;0;SM;1;0;0;0;0;0;0;SM;1.495967995;0.067396777;1.428571218
2;3;1;0;0;18.2;7.8;788;1.5;0.88;5;50877.1074;52437.11916;33186;19778;7;72;0.72;37;0.779944255;M;0;0;0;SM;0;0;0;0;0;4;0;SM;3.636362755;0;3.636362755
2;4;0;0;1;18.2;7.8;788;1.5;0.88;5;50877.1074;52437.11916;33186;19778;7;76;0.76;39;0.690460515;M;0;0;0;ID;0;0;0;0;0;0;0;ID;0;0;0
2;5;1;0;0;18.2;7.8;788;1.5;0.88;5;50877.1074;52437.11916;33186;19778;7;94;0.94;41;0.722552192;M;1;0;0;ID;0;0;0;0;0;0;0;ID;0.303030199;0.303030199;0
2;6;1;0;0;18.2;7.8;788;1.5;0.88;5;50877.1074;52437.11916;33186;19778;7;102;1.02;43;0.668675436;F;0;32;0;ID;0;0;0;0;0;0;0;ID;0.26958711;0.26958711;0
2;7;1;0;0;18.2;7.8;788;1.5;0.88;5;50877.1074;52437.11916;33186;19778;7;67;0.67;36;0.795375231;M;0;35;0;KM;0;0;0;0;0;0;0;KM;0.294860901;0.294860901;0
2;8;1;0;0;18.2;7.8;788;1.5;0.88;5;50877.1074;52437.11916;33186;19778;7;64;0.64;34;0.919677456;M;0;40;0;ID;0;0;0;0;0;0;0;ID;0.336983887;0.336983887;0
2;9;1;0;0;18.2;7.8;788;1.5;0.88;5;50877.1074;52437.11916;33186;19778;7;89;0.89;38;0.881892075;M;0;6;0;SM;0;0;0;0;0;0;0;SM;0.050547583;0.050547583;0
2;11;1;0;0;18.2;7.8;788;1.5;0.88;5;50877.1074;52437.11916;33186;19778;7;106;1.06;41;0.814792897;M;0;0;0;PH;0;0;0;4;0;0;0;PH;10.000002;0;10.000002
2;12;1;0;0;18.2;7.8;788;1.5;0.88;5;50877.1074;52437.11916;33186;19778;7;29;0.29;35;0.378252469;M;0;3;0;ID;0;0;0;0;0;0;0;ID;0.025273792;0.025273792;0
2;13;0;0;1;18.2;7.8;788;1.5;0.88;5;50877.1074;52437.11916;33186;19778;7;63;0.63;42;0.446793996;M;0;0;0;ID;0;0;0;0;0;0;0;ID;0;0;0
2;14;2;0.693147181;0.5;18.2;7.8;788;1.5;0.88;5;50877.1074;52437.11916;33186;19778;7;26;0.26;34;0.373618966;F;1;1;0;ID;0;0;0;0;0;0;0;ID;0.311454796;0.311454796;0
2;15;1;0;0;18.2;7.8;788;1.5;0.88;5;50877.1074;52437.11916;33186;19778;7;17;0.17;32;0.299153138;F;0;4;0;ID;0;0;0;0;0;0;0;ID;0.033698389;0.033698389;0
2;16;0;0;1;18.2;7.8;788;1.5;0.88;5;50877.1074;52437.11916;33186;19778;7;34;0.34;37;0.368307009;M;0;0;0;ID;0;0;0;0;0;0;0;ID;0;0;0
2;17;3;0.721463687;0.402777778;18.2;7.8;788;1.5;0.88;5;50877.1074;52437.11916;33186;19778;7;88;0.88;42;0.624093201;M;1;9;0;ID;0;0;0;0;0;2;0;ID;2.19703295;0.378851573;1.818181377
2;18;2;0.095030117;0.037721893;18.2;7.8;788;1.5;0.88;5;50877.1074;52437.11916;33186;19778;7;42;0.42;36;0.498593429;M;1;51;0;ID;0;0;0;0;0;0;0;ID;0.732684654;0.732684654;0
2;19;3;0.758936773;0.43877551;18.2;7.8;788;1.5;0.88;5;50877.1074;52437.11916;33186;19778;7;78;0.78;39;0.708630529;M;3;10;0;ID;0;0;0;1;0;0;0;ID;3.493337067;0.993336567;2.500000499
2;20;2;0.376770161;0.21875;18.2;7.8;788;1.5;0.88;5;50877.1074;52437.11916;33186;19778;7;40;0.4;38;0.396355989;F;1;7;0;ID;0;0;0;0;0;0;0;ID;0.362002379;0.362002379;0
2;21;0;0;1;18.2;7.8;788;1.5;0.88;5;50877.1074;52437.11916;33186;19778;7;57;0.57;39;0.517845386;M;0;0;0;ID;0;0;0;0;0;0;0;ID;0;0;0
3;1;0;0;1;20.1;7.5;475;3.6;0.29;6.2;38651.53331;32574.44868;1783;15827;5;143;1.43;45;0.805319604;M;0;0;0;SM;0;0;0;0;0;0;0;SM;0;0;0
3;2;1;0;0;20.1;7.5;475;3.6;0.29;6.2;38651.53331;32574.44868;1783;15827;5;159;1.59;47;0.774312273;M;0;6;0;SM;0;0;0;0;0;0;0;SM;0.050547583;0.050547583;0
3;3;1;0;0;20.1;7.5;475;3.6;0.29;6.2;38651.53331;32574.44868;1783;15827;5;150;1.5;47;0.730483277;F;0;1;0;SM;0;0;0;0;0;0;0;SM;0.008424597;0.008424597;0
3;4;1;0;0;20.1;7.5;475;3.6;0.29;6.2;38651.53331;32574.44868;1783;15827;5;164;1.64;47;0.798661716;F;0;5;0;SM;0;0;0;0;0;0;0;SM;0.042122986;0.042122986;0
3;5;1;0;0;20.1;7.5;475;3.6;0.29;6.2;38651.53331;32574.44868;1783;15827;5;136;1.36;44;0.825634228;M;0;4;0;SM;0;0;0;0;0;0;0;SM;0.033698389;0.033698389;0
3;11;1;0;0;20.1;7.5;475;3.6;0.29;6.2;38651.53331;32574.44868;1783;15827;5;185;1.85;50;0.732632732;M;0;4;0;ID;0;0;0;0;0;0;0;PH;0.033698389;0.033698389;0
3;12;1;0;0;20.1;7.5;475;3.6;0.29;6.2;38651.53331;32574.44868;1783;15827;5;136;1.36;44;0.825634228;F;0;1;0;ID;0;0;0;0;0;0;0;PH;0.008424597;0.008424597;0
3;13;0;0;1;20.1;7.5;475;3.6;0.29;6.2;38651.53331;32574.44868;1783;15827;5;194;1.94;50;0.768274325;F;0;0;0;ID;0;0;0;0;0;0;0;ID;0;0;0
3;14;1;0;0;20.1;7.5;475;3.6;0.29;6.2;38651.53331;32574.44868;1783;15827;5;233;2.33;48;1.05759294;F;0;120;0;PH;0;0;0;0;0;0;0;PH;1.010951661;1.010951661;0
3;15;1;0;0;20.1;7.5;475;3.6;0.29;6.2;38651.53331;32574.44868;1783;15827;5;109;1.09;46;0.570373173;F;0;1;0;ID;0;0;0;0;0;0;0;ID;0.008424597;0.008424597;0
3;16;1;0;0;20.1;7.5;475;3.6;0.29;6.2;38651.53331;32574.44868;1783;15827;5;105;1.05;50;0.415818578;F;0;3;0;ID;0;0;0;0;0;0;0;ID;0.025273792;0.025273792;0
3;17;1;0;0;20.1;7.5;475;3.6;0.29;6.2;38651.53331;32574.44868;1783;15827;5;124;1.24;46;0.648864894;F;0;3;0;ID;0;0;0;0;0;0;0;ID;0.025273792;0.025273792;0
3;18;2;0.693147181;0.5;20.1;7.5;475;3.6;0.29;6.2;38651.53331;32574.44868;1783;15827;5;173;1.73;53;0.56388513;M;0;1;0;ID;1;0;0;0;0;0;0;ID;1.436995815;0.008424597;1.428571218
3;19;0;0;1;20.1;7.5;475;3.6;0.29;6.2;38651.53331;32574.44868;1783;15827;5;92;0.92;42;0.652461074;M;0;0;0;ID;0;0;0;0;0;0;0;ID;0;0;0
3;20;2;0.562335145;0.375;20.1;7.5;475;3.6;0.29;6.2;38651.53331;32574.44868;1783;15827;5;152;1.52;49;0.643991132;F;1;3;0;ID;0;0;0;0;0;0;0;ID;0.32830399;0.32830399;0
4;1;1;0;0;17.3;7.9;993;7.5;0.76;6.6;63911.70352;65226.64401;28980;6736;1;45;0.45;31;0.880514334;M;0;47;0;SM;0;0;0;0;0;0;0;SM;0.395956067;0.395956067;0
4;2;1;0;0;17.3;7.9;993;7.5;0.76;6.6;63911.70352;65226.64401;28980;6736;1;59;0.59;36;0.700405055;M;0;22;0;SM;0;0;0;0;0;0;0;SM;0.185341138;0.185341138;0
4;3;1;0;0;17.3;7.9;993;7.5;0.76;6.6;63911.70352;65226.64401;28980;6736;1;36;0.36;29;0.88027958;M;0;25;0;SM;0;0;0;0;0;0;0;SM;0.210614929;0.210614929;0
4;4;1;0;0;17.3;7.9;993;7.5;0.76;6.6;63911.70352;65226.64401;28980;6736;1;40;0.4;31;0.782679408;M;0;17;0;SM;0;0;0;0;0;0;0;SM;0.143218152;0.143218152;0
4;5;1;0;0;17.3;7.9;993;7.5;0.76;6.6;63911.70352;65226.64401;28980;6736;1;18;0.18;24;0.828422308;M;0;151;0;SM;0;0;0;0;0;0;0;SM;1.272114174;1.272114174;0
4;6;1;0;0;17.3;7.9;993;7.5;0.76;6.6;63911.70352;65226.64401;28980;6736;1;40;0.4;30;0.873321687;F;0;31;0;SM;0;0;0;0;0;0;0;SM;0.261162512;0.261162512;0
4;7;1;0;0;17.3;7.9;993;7.5;0.76;6.6;63911.70352;65226.64401;28980;6736;1;52;0.52;33;0.825632466;M;0;52;0;SM;0;0;0;0;0;0;0;SM;0.438079053;0.438079053;0
4;8;1;0;0;17.3;7.9;993;7.5;0.76;6.6;63911.70352;65226.64401;28980;6736;1;25;0.25;26;0.88053634;F;0;44;0;SM;0;0;0;0;0;0;0;SM;0.370682276;0.370682276;0
4;9;1;0;0;17.3;7.9;993;7.5;0.76;6.6;63911.70352;65226.64401;28980;6736;1;30;0.3;29;0.733566316;M;0;81;0;SM;0;0;0;0;0;0;0;SM;0.682392371;0.682392371;0
4;10;1;0;0;17.3;7.9;993;7.5;0.76;6.6;63911.70352;65226.64401;28980;6736;1;30;0.3;29;0.733566316;M;0;92;0;SM;0;0;0;0;0;0;0;SM;0.77506294;0.77506294;0
4;11;1;0;0;17.3;7.9;993;7.5;0.76;6.6;63911.70352;65226.64401;28980;6736;1;57;0.57;34;0.819087734;M;0;106;0;ID;0;0;0;0;0;0;0;ID;0.893007301;0.893007301;0
4;12;1;0;0;17.3;7.9;993;7.5;0.76;6.6;63911.70352;65226.64401;28980;6736;1;47;0.47;31;0.919648305;F;0;77;0;ID;0;0;0;0;0;0;0;ID;0.648693983;0.648693983;0
4;13;0;0;1;17.3;7.9;993;7.5;0.76;6.6;63911.70352;65226.64401;28980;6736;1;49;0.49;33;0.777999823;F;0;0;0;ID;0;0;0;0;0;0;0;PH;0;0;0
4;15;1;0;0;17.3;7.9;993;7.5;0.76;6.6;63911.70352;65226.64401;28980;6736;1;190;1.9;53;0.619295808;M;0;10;0;SM;0;0;0;0;0;0;0;SM;0;0.084245972;0
4;15;0;0;1;17.3;7.9;993;7.5;0.76;6.6;63911.70352;65226.64401;28980;6736;1;122;1.22;43;0.799788267;F;0;0;0;ID;0;0;0;0;0;0;0;ID;0.084245972;0;0
4;16;2;0.450561209;0.277777778;17.3;7.9;993;7.5;0.76;6.6;63911.70352;65226.64401;28980;6736;1;155;1.55;56;0.420304306;F;1;5;0;SM;0;0;0;0;0;0;0;SM;0.345153184;0.345153184;0
4;17;1;0;0;17.3;7.9;993;7.5;0.76;6.6;63911.70352;65226.64401;28980;6736;1;46;0.46;37;0.498297719;M;0;58;0;SM;0;0;0;0;0;0;0;SM;0.488626636;0.488626636;0
4;18;1;0;0;17.3;7.9;993;7.5;0.76;6.6;63911.70352;65226.64401;28980;6736;1;29;0.29;31;0.567442571;F;0;48;0;SM;0;0;0;0;0;0;0;SM;0.404380664;0.404380664;0
4;19;1;0;0;17.3;7.9;993;7.5;0.76;6.6;63911.70352;65226.64401;28980;6736;1;17;0.17;28;0.4674097;M;0;104;0;SM;0;0;0;0;0;0;0;SM;0.876158106;0.876158106;0
4;20;1;0;0;17.3;7.9;993;7.5;0.76;6.6;63911.70352;65226.64401;28980;6736;1;20;0.2;28;0.549893765;F;0;15;0;SM;0;0;0;0;0;0;0;SM;0.126368958;0.126368958;0
5;1;1;0;0;19.1;8.1;940;1;0.19;9;64168.17228;67952.65478;31664;12171;3;100;1;41;0.768672545;F;0;39;0;SM;0;0;0;0;0;0;0;SM;0.32855929;0.32855929;0
5;2;1;0;0;19.1;8.1;940;1;0.19;9;64168.17228;67952.65478;31664;12171;3;25;0.25;26;0.88053634;M;0;17;0;SM;0;0;0;0;0;0;0;SM;0.143218152;0.143218152;0
5;3;3;0.576382067;0.309917355;19.1;8.1;940;1;0.19;9;64168.17228;67952.65478;31664;12171;3;35;0.35;30;0.764156476;M;3;18;0;SM;1;0;0;0;0;0;0;SM;2.489304562;1.060733345;1.428571218
5;5;1;0;0;19.1;8.1;940;1;0.19;9;64168.17228;67952.65478;31664;12171;3;54;0.54;34;0.775977853;M;0;14;0;SM;0;0;0;0;0;0;0;SM;0.11794436;0.11794436;0
5;6;2;0.173205207;0.079861111;19.1;8.1;940;1;0.19;9;64168.17228;67952.65478;31664;12171;3;40;0.4;32;0.703889737;M;1;23;0;SM;0;0;0;0;0;0;0;SM;0.496795934;0.496795934;0
5;10;1;0;0;19.1;8.1;940;1;0.19;9;64168.17228;67952.65478;31664;12171;3;28;0.28;28;0.76985127;M;0;12;0;SM;0;0;0;0;0;0;0;SM;0.101095166;0.101095166;0
5;11;1;0;0;19.1;8.1;940;1;0.19;9;64168.17228;67952.65478;31664;12171;3;192;1.92;51;0.711663636;M;0;7;0;ID;0;0;0;0;0;0;0;PH;0.05897218;0.05897218;0
5;12;1;0;0;19.1;8.1;940;1;0.19;9;64168.17228;67952.65478;31664;12171;3;30;0.3;38;0.297266992;M;0;51;0;ID;0;0;0;0;0;0;0;ID;0.429654456;0.429654456;0
5;13;1;0;0;19.1;8.1;940;1;0.19;9;64168.17228;67952.65478;31664;12171;3;27;0.27;27;0.838292657;M;0;35;0;ID;0;0;0;0;0;0;0;ID;0.294860901;0.294860901;0
5;15;1;0;0;19.1;8.1;940;1;0.19;9;64168.17228;67952.65478;31664;12171;3;20;0.2;29;0.489044211;F;0;15;0;ID;0;0;0;0;0;0;0;ID;0.126368958;0.126368958;0
5;16;1;0;0;19.1;8.1;940;1;0.19;9;64168.17228;67952.65478;31664;12171;3;273;2.73;55;0.786224189;F;0;9;0;ID;0;0;0;0;0;0;0;ID;0.075821375;0.075821375;0
5;17;2;0.693147181;0.5;19.1;8.1;940;1;0.19;9;64168.17228;67952.65478;31664;12171;3;4;0.04;19;0.401885265;M;0;1;0;ID;0;1;0;0;0;0;0;ID;3.341758097;0.008424597;3.3333335
5;19;1;0;0;19.1;8.1;940;1;0.19;9;64168.17228;67952.65478;31664;12171;3;15;0.15;23;0.795867023;F;0;46;0;ID;0;0;0;0;0;0;0;ID;0.38753147;0.38753147;0
6;1;1;0;0;18.4;7.9;373;2;0.073;5.5;45262.0497;45780.07402;2279;2371;11;60;0.6;36;0.712276327;M;0;4;0;SM;0;0;0;0;0;0;0;SM;0.033698389;0.033698389;0
6;2;3;0.367649477;0.169421488;18.4;7.9;373;2;0.073;5.5;45262.0497;45780.07402;2279;2371;11;60;0.6;37;0.649953546;F;1;20;0;PH;0;1;0;0;0;0;0;PH;3.804855642;0.471522142;3.3333335
6;3;1;0;0;18.4;7.9;373;2;0.073;5.5;45262.0497;45780.07402;2279;2371;11;30;0.3;29;0.733566316;F;0;1;0;SM;0;0;0;0;0;0;0;SM;0.008424597;0.008424597;0
6;4;1;0;0;18.4;7.9;373;2;0.073;5.5;45262.0497;45780.07402;2279;2371;11;68;0.68;37;0.736614019;F;0;12;0;ID;0;0;0;0;0;0;0;ID;0.101095166;0.101095166;0
6;7;2;0.500402424;0.32;18.4;7.9;373;2;0.073;5.5;45262.0497;45780.07402;2279;2371;11;65;0.65;35;0.847807258;M;0;4;0;SM;0;1;0;0;0;0;0;SM;3.367031889;0.033698389;3.3333335
6;8;1;0;0;18.4;7.9;373;2;0.073;5.5;45262.0497;45780.07402;2279;2371;11;58;0.58;34;0.833457694;M;0;10;0;SM;0;0;0;0;0;0;0;SM;0.084245972;0.084245972;0
6;9;2;0.500402424;0.32;18.4;7.9;373;2;0.073;5.5;45262.0497;45780.07402;2279;2371;11;89;0.89;41;0.684118565;F;1;4;0;PH;0;0;0;0;0;0;0;PH;0.336728587;0.336728587;0
6;10;1;0;0;18.4;7.9;373;2;0.073;5.5;45262.0497;45780.07402;2279;2371;11;74;0.74;39;0.672290501;F;0;396;0;PH;0;0;0;0;0;0;0;PH;3.336140482;3.336140482;0
6;11;0;0;1;18.4;7.9;373;2;0.073;5.5;45262.0497;45780.07402;2279;2371;11;72;0.72;36;0.854731592;F;0;0;0;PH;0;0;0;0;0;0;0;PH;0;0;0
6;12;1;0;0;18.4;7.9;373;2;0.073;5.5;45262.0497;45780.07402;2279;2371;11;62;0.62;36;0.736018871;M;0;53;0;ID;0;0;0;0;0;0;0;PH;0.44650365;0.44650365;0
6;13;1;0;0;18.4;7.9;373;2;0.073;5.5;45262.0497;45780.07402;2279;2371;11;38;0.38;29;0.929184001;M;0;2;0;ID;0;0;0;0;0;0;0;ID;0.016849194;0.016849194;0
6;14;1;0;0;18.4;7.9;373;2;0.073;5.5;45262.0497;45780.07402;2279;2371;11;106;1.06;39;0.963010718;M;0;43;0;ID;0;0;0;0;0;0;0;ID;0.362257679;0.362257679;0
6;15;1;0;0;18.4;7.9;373;2;0.073;5.5;45262.0497;45780.07402;2279;2371;11;98;0.98;41;0.753299094;M;0;17;0;SM;0;0;0;0;0;0;0;SM;0.143218152;0.143218152;0
6;16;0;0;1;18.4;7.9;373;2;0.073;5.5;45262.0497;45780.07402;2279;2371;11;45;0.45;39;0.408825305;M;0;0;0;SM;0;0;0;0;0;0;0;SM;0;0;0
6;17;1;0;0;18.4;7.9;373;2;0.073;5.5;45262.0497;45780.07402;2279;2371;11;58;0.58;36;0.688533782;F;0;133;0;SM;0;0;0;0;0;0;0;SM;1.120471424;1.120471424;0
6;18;1;0;0;18.4;7.9;373;2;0.073;5.5;45262.0497;45780.07402;2279;2371;11;39;0.39;33;0.619224349;M;0;68;0;SM;0;0;0;0;0;0;0;SM;0.572872608;0.572872608;0
6;19;1;0;0;18.4;7.9;373;2;0.073;5.5;45262.0497;45780.07402;2279;2371;11;65;0.65;38;0.644078482;F;0;25;0;AD;0;0;0;0;0;0;0;AD;0.210614929;0.210614929;0
6;20;1;0;0;18.4;7.9;373;2;0.073;5.5;45262.0497;45780.07402;2279;2371;11;13;0.13;27;0.40362239;M;0;5;0;ID;0;0;0;0;0;0;0;SM;0.042122986;0.042122986;0
6;21;4;0.234565843;0.088881407;18.4;7.9;373;2;0.073;5.5;45262.0497;45780.07402;2279;2371;11;16;0.16;24;0.736375385;M;2;104;0;ID;1;0;0;0;0;2;0;SM;4.728971098;1.482218503;3.246752595
7;1;1;0;0;15.9;8.2;802;2;0.17;8.4;72386.11495;76509.32419;76625;6715;1;95;0.95;42;0.673736979;F;0;23;0;SM;0;0;0;0;0;0;0;SM;0.193765735;0.193765735;0
7;3;1;0;0;15.9;8.2;802;2;0.17;8.4;72386.11495;76509.32419;76625;6715;1;81;0.81;37;0.877437287;M;0;2;0;SM;0;0;0;0;0;0;0;SM;0.016849194;0.016849194;0
7;5;1;0;0;15.9;8.2;802;2;0.17;8.4;72386.11495;76509.32419;76625;6715;1;40;0.4;30;0.873321687;M;0;10;0;SM;0;0;0;0;0;0;0;SM;0.084245972;0.084245972;0
7;6;2;0.144300035;0.063423811;15.9;8.2;802;2;0.17;8.4;72386.11495;76509.32419;76625;6715;1;27;0.27;27;0.838292657;M;2;59;0;SM;0;0;0;0;0;0;0;SM;1.10311163;1.10311163;0
7;8;1;0;0;15.9;8.2;802;2;0.17;8.4;72386.11495;76509.32419;76625;6715;1;44;0.44;31;0.860947349;F;0;4;0;SM;0;0;0;0;0;0;0;SM;0.033698389;0.033698389;0
7;10;1;0;0;15.9;8.2;802;2;0.17;8.4;72386.11495;76509.32419;76625;6715;1;28;0.28;27;0.869340533;F;0;4;0;SM;0;0;0;0;0;0;0;SM;0.033698389;0.033698389;0
7;11;2;0.585952618;0.396694215;15.9;8.2;802;2;0.17;8.4;72386.11495;76509.32419;76625;6715;1;77;0.77;36;0.914087953;F;0;0;0;PH;0;0;0;0;0;0;0;PH;0;0;0
7;12;1;0;0;15.9;8.2;802;2;0.17;8.4;72386.11495;76509.32419;76625;6715;1;25;0.25;31;0.48917463;M;0;24;0;ID;0;0;0;0;0;0;0;ID;0.202190332;0.202190332;0
7;13;2;0.304636097;0.165289256;15.9;8.2;802;2;0.17;8.4;72386.11495;76509.32419;76625;6715;1;58;0.58;38;0.574716184;M;6;60;0;ID;0;0;0;0;0;0;0;ID;2.323657022;2.323657022;0
7;14;2;0.410116318;0.244897959;15.9;8.2;802;2;0.17;8.4;72386.11495;76509.32419;76625;6715;1;16;0.16;27;0.496766019;M;1;6;0;ID;0;0;0;0;0;0;0;ID;0.353577782;0.353577782;0
7;15;2;0.585952618;0.396694215;15.9;8.2;802;2;0.17;8.4;72386.11495;76509.32419;76625;6715;1;17;0.17;24;0.782398846;M;3;8;0;ID;0;0;0;0;0;0;0;ID;0.976487373;0.976487373;0
7;16;2;0.248332897;0.12668489;15.9;8.2;802;2;0.17;8.4;72386.11495;76509.32419;76625;6715;1;19;0.19;23;1.008098229;F;7;96;0;ID;0;0;0;0;0;0;0;ID;2.929972718;2.929972718;0
7;17;1;0;0;15.9;8.2;802;2;0.17;8.4;72386.11495;76509.32419;76625;6715;1;210;2.1;53;0.68448484;F;0;3;0;ID;0;0;0;0;0;0;0;ID;0.025273792;0.025273792;0
7;18;1;0;0;15.9;8.2;802;2;0.17;8.4;72386.11495;76509.32419;76625;6715;1;229;2.29;54;0.701214232;M;0;7;0;ID;0;0;0;0;0;0;0;ID;0.05897218;0.05897218;0
7;19;2;0.562335145;0.375;15.9;8.2;802;2;0.17;8.4;72386.11495;76509.32419;76625;6715;1;201;2.01;53;0.655149775;F;4;12;0;ID;0;0;0;0;0;0;0;ID;1.31321596;1.31321596;0
9;2;1;0;0;20.5;8.1;906;2;0.31;7;47724.46004;49932.68291;14010;23559;4;117;1.17;40;0.976709648;F;0;3;0;SM;0;0;0;0;0;0;0;SM;0.025273792;0.025273792;0
9;3;2;0.173205207;0.079861111;20.5;8.1;906;2;0.31;7;47724.46004;49932.68291;14010;23559;4;93;0.93;39;0.84490563;F;0;23;0;SM;1;0;0;0;0;0;0;SM;1.622336953;0.193765735;1.428571218
9;4;2;0.636514168;0.444444444;20.5;8.1;906;2;0.31;7;47724.46004;49932.68291;14010;23559;4;179;1.79;47;0.871710044;F;2;0;0;ID;0;0;0;0;0;1;0;PH;1.515151086;0.606060397;0.909090689
9;5;2;0.206192051;0.099722992;20.5;8.1;906;2;0.31;7;47724.46004;49932.68291;14010;23559;4;90;0.9;37;0.974930319;F;1;18;0;SM;0;0;0;0;0;0;0;SM;0.454672948;0.454672948;0
9;6;0;0;1;20.5;8.1;906;2;0.31;7;47724.46004;49932.68291;14010;23559;4;158;1.58;46;0.826779462;M;0;0;0;PH;0;0;0;0;0;0;0;PH;0;0;0
9;7;0;0;1;20.5;8.1;906;2;0.31;7;47724.46004;49932.68291;14010;23559;4;175;1.75;48;0.794329461;M;0;0;0;ID;0;0;0;0;0;0;0;PH;0;0;0
9;8;2;0.191444082;0.090702948;20.5;8.1;906;2;0.31;7;47724.46004;49932.68291;14010;23559;4;98;0.98;41;0.753299094;F;1;20;0;ID;0;0;0;0;0;0;0;PH;0.471522142;0.471522142;0
9;9;3;0.755719873;0.393194707;20.5;8.1;906;2;0.31;7;47724.46004;49932.68291;14010;23559;4;103;1.03;39;0.935755698;F;7;35;0;ID;0;3;0;0;0;0;1;PH;17.41607369;2.416072291;15.0000014
9;10;2;0.683738906;0.37037037;20.5;8.1;906;2;0.31;7;47724.46004;49932.68291;14010;23559;4;76;0.76;38;0.753076379;M;0;7;0;SM;0;1;0;0;0;0;1;SM;8.392306576;0.05897218;8.333334396
11;2;2;0.636514168;0.444444444;18.2;8.3;691;8.3;1.2;2.2;49875.30195;52217.7333;16039;23356;3;88;0.88;42;0.624093201;M;1;2;0;SM;0;0;0;0;0;0;0;SM;0.319879393;0.319879393;0
11;3;2;0.693147181;0.5;18.2;8.3;691;8.3;1.2;2.2;49875.30195;52217.7333;16039;23356;3;95;0.95;41;0.730238917;F;1;1;0;SM;0;0;0;0;0;0;0;SM;0.311454796;0.311454796;0
11;4;1;0;0;18.2;8.3;691;8.3;1.2;2.2;49875.30195;52217.7333;16039;23356;3;98;0.98;41;0.753299094;M;0;29;0;SM;0;0;0;0;0;0;0;SM;0.244313318;0.244313318;0
11;5;2;0.610864302;0.42;18.2;8.3;691;8.3;1.2;2.2;49875.30195;52217.7333;16039;23356;3;73;0.73;40;0.609400037;M;3;7;0;SM;0;0;0;0;0;0;0;SM;0.968062776;0.968062776;0
11;6;2;0.233791659;0.1171875;18.2;8.3;691;8.3;1.2;2.2;49875.30195;52217.7333;16039;23356;3;62;0.62;36;0.736018871;M;1;15;0;SM;0;0;0;0;0;0;0;SM;0.429399156;0.429399156;0
11;7;1;0;0;18.2;8.3;691;8.3;1.2;2.2;49875.30195;52217.7333;16039;23356;3;113;1.13;44;0.68600491;M;0;8;0;SM;0;0;0;0;0;0;0;SM;0.067396777;0.067396777;0
11;8;1;0;0;18.2;8.3;691;8.3;1.2;2.2;49875.30195;52217.7333;16039;23356;3;60;0.6;36;0.712276327;F;0;60;0;SM;0;0;0;0;0;0;0;SM;0.505475831;0.505475831;0
11;9;3;0.456239344;0.241445598;18.2;8.3;691;8.3;1.2;2.2;49875.30195;52217.7333;16039;23356;3;73;0.73;37;0.790776814;F;6;44;0;SM;0;1;0;0;0;0;0;SM;5.522196967;2.188863467;3.3333335
11;10;1;0;0;18.2;8.3;691;8.3;1.2;2.2;49875.30195;52217.7333;16039;23356;3;142;1.42;46;0.743054959;M;0;17;0;SM;0;0;0;0;0;0;0;SM;0.143218152;0.143218152;0
11;11;1;0;0;18.2;8.3;691;8.3;1.2;2.2;49875.30195;52217.7333;16039;23356;3;123;1.23;44;0.746713309;F;3;0;0;PH;0;0;0;0;0;0;0;PH;0.909090596;0.909090596;0
11;12;2;0.379837729;0.221118411;18.2;8.3;691;8.3;1.2;2.2;49875.30195;52217.7333;16039;23356;3;67;0.67;34;0.962787337;F;10;69;0;PH;0;0;0;0;0;0;0;PH;3.61159919;3.61159919;0
11;14;2;0.673011667;0.48;18.2;8.3;691;8.3;1.2;2.2;49875.30195;52217.7333;16039;23356;3;110;1.1;40;0.918274028;M;2;3;0;ID;0;0;0;0;0;0;0;ID;0.631334189;0.631334189;0
11;15;2;0.683988433;0.490869248;18.2;8.3;691;8.3;1.2;2.2;49875.30195;52217.7333;16039;23356;3;74;0.74;41;0.568817683;M;16;21;0;AD;0;0;0;0;0;0;0;AD;5.025399717;5.025399717;0
11;16;2;0.666278442;0.473372781;18.2;8.3;691;8.3;1.2;2.2;49875.30195;52217.7333;16039;23356;3;46;0.46;37;0.498297719;F;8;5;0;ID;0;0;0;0;0;0;0;ID;2.466364574;2.466364574;0
11;17;2;0.320753205;0.176855056;18.2;8.3;691;8.3;1.2;2.2;49875.30195;52217.7333;16039;23356;3;72;0.72;39;0.654120488;F;15;138;0;SM;0;0;0;0;0;0;0;SM;5.708047388;5.708047388;0
11;18;2;0.621086375;0.4296875;18.2;8.3;691;8.3;1.2;2.2;49875.30195;52217.7333;16039;23356;3;82;0.82;42;0.581541392;M;5;11;0;SM;0;0;0;0;0;0;0;SM;1.607821561;1.607821561;0
11;19;2;0.621086375;0.4296875;18.2;8.3;691;8.3;1.2;2.2;49875.30195;52217.7333;16039;23356;3;81;0.81;41;0.622624761;F;5;11;0;SM;0;0;0;0;0;0;0;SM;1.607821561;1.607821561;0
11;20;1;0;0;18.2;8.3;691;8.3;1.2;2.2;49875.30195;52217.7333;16039;23356;3;45;0.45;35;0.586943486;F;0;63;0;SM;0;0;0;0;0;0;0;SM;0.530749622;0.530749622;0
11;21;2;0.388562327;0.227895727;18.2;8.3;691;8.3;1.2;2.2;49875.30195;52217.7333;16039;23356;3;94;0.94;42;0.666645011;M;8;53;0;ID;0;0;0;0;0;0;0;ID;2.870745238;2.870745238;0
12;1;2;0.562335145;0.375;19.2;7.6;907;15.93;1.15;6;61880.37268;26695.48849;1932;4714;1;50;0.5;34;0.718498012;M;2;6;0;SM;0;0;0;0;0;0;0;SM;0.65660798;0.65660798;0
12;2;2;0.304636097;0.165289256;19.2;7.6;907;15.93;1.15;6;61880.37268;26695.48849;1932;4714;1;20;0.2;25;0.803084499;F;9;90;0;SM;0;0;0;0;0;0;0;SM;3.485485532;3.485485532;0
12;3;2;0.057710596;0.020531671;19.2;7.6;907;15.93;1.15;6;61880.37268;26695.48849;1932;4714;1;25;0.25;28;0.687367206;M;5;477;0;SM;0;0;0;0;0;0;0;SM;5.533683845;5.533683845;0
12;4;2;0.253360719;0.130015031;19.2;7.6;907;15.93;1.15;6;61880.37268;26695.48849;1932;4714;1;39;0.39;35;0.508684355;M;26;346;0;SM;0;0;0;0;0;0;0;SM;10.79369578;10.79369578;0
12;5;2;0.646090505;0.4536862;19.2;7.6;907;15.93;1.15;6;61880.37268;26695.48849;1932;4714;1;17;0.17;26;0.598764711;M;8;15;0;SM;0;0;0;0;0;0;0;SM;2.550610546;2.550610546;0
12;6;2;0.00926335;0.002395206;19.2;7.6;907;15.93;1.15;6;61880.37268;26695.48849;1932;4714;1;60;0.6;36;0.712276327;M;1;833;0;SM;0;0;0;0;0;0;0;SM;7.320719646;7.320719646;0
12;10;2;0.265661941;0.138261329;19.2;7.6;907;15.93;1.15;6;61880.37268;26695.48849;1932;4714;1;55;0.55;33;0.873265108;M;13;161;0;SM;0;0;0;0;0;0;0;SM;5.295752726;5.295752726;0
12;11;1;0;0;19.2;7.6;907;15.93;1.15;6;61880.37268;26695.48849;1932;4714;1;41;0.41;31;0.802246394;M;9;0;0;PH;0;0;0;0;0;0;0;PH;2.727271787;2.727271787;0
12;12;2;0.311962435;0.170519031;19.2;7.6;907;15.93;1.15;6;61880.37268;26695.48849;1932;4714;1;91;0.91;45;0.512476112;F;16;154;0;SM;0;0;0;0;0;0;0;ID;6.145871141;6.145871141;0
12;15;1;0;0;19.2;7.6;907;15.93;1.15;6;61880.37268;26695.48849;1932;4714;1;45;0.45;35;0.586943486;F;0;723;0;AD;0;0;0;0;0;0;0;AD;6.090983758;6.090983758;0
12;17;2;0.571405134;0.383284939;19.2;7.6;907;15.93;1.15;6;61880.37268;26695.48849;1932;4714;1;34;0.34;34;0.488578648;M;23;66;0;SM;0;0;0;0;0;0;0;SM;7.525717979;7.525717979;0
13;2;2;0.410116318;0.244897959;19.7;7.9;808;2;0.35;7.6;60618.70108;25511.68194;1002;22058;5;37;0.37;30;0.807822561;M;0;6;0;SM;0;0;0;0;0;1;0;SM;0.959638272;0.050547583;0.909090689
13;3;1;0;0;19.7;7.9;808;2;0.35;7.6;60618.70108;25511.68194;1002;22058;5;100;1;42;0.70919682;M;0;1;0;SM;0;0;0;0;0;0;0;SM;0.008424597;0.008424597;0
13;5;2;0.257318641;0.132653061;19.7;7.9;808;2;0.35;7.6;60618.70108;25511.68194;1002;22058;5;73;0.73;36;0.866602864;M;1;13;0;SM;0;0;0;0;0;0;0;SM;0.412549962;0.412549962;0
13;6;0;0;1;19.7;7.9;808;2;0.35;7.6;60618.70108;25511.68194;1002;22058;5;86;0.86;40;0.717923331;F;0;0;0;SM;0;0;0;0;0;0;0;SM;0;0;0
13;7;0;0;1;19.7;7.9;808;2;0.35;7.6;60618.70108;25511.68194;1002;22058;5;136;1.36;46;0.711658271;F;0;0;0;SM;0;0;0;0;0;0;0;SM;0;0;0
13;8;0;0;1;19.7;7.9;808;2;0.35;7.6;60618.70108;25511.68194;1002;22058;5;110;1.1;42;0.780116502;F;0;0;0;SM;0;0;0;0;0;0;0;SM;0;0;0
13;10;1;0;0;19.7;7.9;808;2;0.35;7.6;60618.70108;25511.68194;1002;22058;5;40;0.4;29;0.978088422;M;0;21;0;SM;0;0;0;0;0;0;0;SM;0.176916541;0.176916541;0
13;11;0;0;1;19.7;7.9;808;2;0.35;7.6;60618.70108;25511.68194;1002;22058;5;103;1.03;41;0.791732721;F;0;0;0;PH;0;0;0;0;0;0;0;PH;0;0;0
13;12;NA;NA;NA;19.7;7.9;808;2;0.35;7.6;60618.70108;25511.68194;1002;22058;5;76;0.76;39;0.690460515;M;;19;1;SM;0;0;0;0;0;0;0;ID;1.347169649;1.347169649;0
13;13;2;0.211687545;0.103140496;19.7;7.9;808;2;0.35;7.6;60618.70108;25511.68194;1002;22058;5;109;1.09;44;0.66172155;M;3;52;0;SM;0;0;0;0;0;0;0;ID;4.301396276;0.968062776;3.3333335
13;14;3;0.859967281;0.512396694;19.7;7.9;808;2;0.35;7.6;60618.70108;25511.68194;1002;22058;5;116;1.16;43;0.760454418;M;3;7;0;SM;0;1;0;0;0;0;0;ID;1.759464404;0.850373715;0.909090689
13;15;;;;19.7;7.9;808;2;0.35;7.6;60618.70108;25511.68194;1002;22058;5;98;0.98;44;0.594942311;M;;13;0;SM;1;0;0;0;0;0;0;ID;0.261162512;0.261162512;0
13;16;3;0.370802358;0.173828125;19.7;7.9;808;2;0.35;7.6;60618.70108;25511.68194;1002;22058;5;58;0.58;34;0.833457694;F;2;29;0;SM;0;0;0;0;0;1;0;ID;3.409091246;2.500000557;0.909090689
13;17;1;0;0;19.7;7.9;808;2;0.35;7.6;60618.70108;25511.68194;1002;22058;5;116;1.16;43;0.760454418;F;0;31;0;AD;0;0;0;0;0;0;0;ID;0.042122986;0.042122986;0
13;18;2;0.693147181;0.5;19.7;7.9;808;2;0.35;7.6;60618.70108;25511.68194;1002;22058;5;83;0.83;42;0.58863336;M;0;0;1;AD;0;0;0;0;0;1;0;SM;0.32830399;0.32830399;0
13;19;1;0;0;19.7;7.9;808;2;0.35;7.6;60618.70108;25511.68194;1002;22058;5;77;0.77;43;0.504784398;F;0;5;0;AD;0;0;0;0;0;0;0;SM;NA;NA;NA
13;20;2;0.562335145;0.375;19.7;7.9;808;2;0.35;7.6;60618.70108;25511.68194;1002;22058;5;83;0.83;40;0.692879494;F;1;3;0;ID;0;0;0;0;0;0;0;ID;NA;NA;NA
14;1;1;0;0;19.7;7.9;808;2;0.35;7.6;56056.62109;15064.96775;13713;10487;2;74;0.74;38;0.73325858;M;0;1;0;SM;0;0;0;0;0;0;0;SM;0.008424597;0.008424597;0
14;3;2;0.160680562;0.07262371;19.7;7.9;808;2;0.35;7.6;56056.62109;15064.96775;13713;10487;2;56;0.56;34;0.804717774;M;2;51;0;SM;0;0;0;0;0;0;0;SM;1.035714853;1.035714853;0
14;4;1;0;0;19.7;7.9;808;2;0.35;7.6;56056.62109;15064.96775;13713;10487;2;69;0.69;36;0.819117776;F;0;0;0;SM;0;0;0;0;0;2;0;SM;1.818181377;0;1.818181377
14;6;2;0.410116318;0.244897959;19.7;7.9;808;2;0.35;7.6;56056.62109;15064.96775;13713;10487;2;54;0.54;34;0.775977853;M;0;6;0;SM;0;0;0;0;0;1;0;SM;0.959638272;0.050547583;0.909090689
14;11;2;0.392674467;0.231111111;18;7.7;593;5.1;0.47;6.6;56056.62109;15064.96775;13713;10487;2;72;0.72;35;0.939109578;M;0;13;0;PH;0;0;0;0;0;2;0;PH;1.927701141;0.109519763;1.818181377
14;12;2;0.410116318;0.244897959;18;7.7;593;5.1;0.47;6.6;56056.62109;15064.96775;13713;10487;2;79;0.79;42;0.560265488;M;1;6;0;SM;0;0;0;0;0;0;0;AD;0.353577782;0.353577782;0
14;13;NA;NA;NA;18;7.7;593;5.1;0.47;6.6;56056.62109;15064.96775;13713;10487;2;96;0.96;40;0.801402788;M;;62;0;SM;0;0;0;0;0;0;0;AD;NA;NA;NA
14;14;NA;NA;NA;18;7.7;593;5.1;0.47;6.6;56056.62109;15064.96775;13713;10487;2;71;0.71;38;0.70353188;M;;3;0;SM;0;0;0;0;0;0;0;AD;NA;NA;NA
14;15;NA;NA;NA;18;7.7;593;5.1;0.47;6.6;56056.62109;15064.96775;13713;10487;2;56;0.56;31;1.095751172;F;;3;0;SM;0;0;0;0;0;0;0;AD;NA;NA;NA
14;16;NA;NA;NA;18;7.7;593;5.1;0.47;6.6;56056.62109;15064.96775;13713;10487;2;57;0.57;35;0.743461749;M;;57;0;SM;0;0;0;0;0;0;0;AD;NA;NA;NA
14;17;2;0.474139313;0.297520661;18;7.7;593;5.1;0.47;6.6;56056.62109;15064.96775;13713;10487;2;307;3.07;64;0.532802629;F;0;9;0;SM;0;0;0;0;0;2;0;SM;1.894002752;0.075821375;1.818181377
14;18;3;0.21930547;0.08946976;18;7.7;593;5.1;0.47;6.6;56056.62109;15064.96775;13713;10487;2;224;2.24;53;0.730117163;M;3;144;0;SM;0;0;0;0;0;4;0;SM;5.758595343;2.122232589;3.636362755
14;19;2;0.223718076;0.110726644;18;7.7;593;5.1;0.47;6.6;56056.62109;15064.96775;13713;10487;2;30;0.3;30;0.654991265;M;1;16;0;SM;0;0;0;0;0;0;0;SM;0.437823753;0.437823753;0
14;20;2;0.040728051;0.013512888;18;7.7;593;5.1;0.47;6.6;56056.62109;15064.96775;13713;10487;2;26;0.26;28;0.714861894;M;0;146;0;SM;1;0;0;0;0;0;0;SM;2.658562405;1.229991188;1.428571218
15;1;1;0;0;17.3;8.1;664;2;0.18;7.3;63687.74746;67470.6868;67720;15788;4;60;0.6;35;0.782591315;M;0;2;0;SM;0;0;0;0;0;0;0;SM;0.016849194;0.016849194;0
15;2;0;0;1;17.3;8.1;664;2;0.18;7.3;63687.74746;67470.6868;67720;15788;4;20;0.2;26;0.704429072;M;0;0;0;SM;0;0;0;0;0;0;0;SM;0;0;0
15;4;1;0;0;17.3;8.1;664;2;0.18;7.3;63687.74746;67470.6868;67720;15788;4;108;1.08;44;0.65565071;F;1;0;0;SM;0;0;0;0;0;0;0;SM;0.303030199;0.303030199;0
15;5;2;0.693147181;0.5;17.3;8.1;664;2;0.18;7.3;63687.74746;67470.6868;67720;15788;4;99;0.99;41;0.760985819;M;2;2;0;SM;0;0;0;0;0;0;0;SM;0.622909591;0.622909591;0
15;7;1;0;0;17.3;8.1;664;2;0.18;7.3;63687.74746;67470.6868;67720;15788;4;12;0.12;21;0.862908374;M;0;1;0;SM;0;0;0;0;0;0;0;SM;0.008424597;0.008424597;0
15;8;1;0;0;17.3;8.1;664;2;0.18;7.3;63687.74746;67470.6868;67720;15788;4;34;0.34;29;0.831375159;F;0;5;0;SM;0;0;0;0;0;0;0;SM;0.042122986;0.042122986;0
15;9;1;0;0;17.3;8.1;664;2;0.18;7.3;63687.74746;67470.6868;67720;15788;4;56;0.56;35;0.73041856;F;0;22;0;SM;0;0;0;0;0;0;0;SM;0.185341138;0.185341138;0
15;10;0;0;1;17.3;8.1;664;2;0.18;7.3;63687.74746;67470.6868;67720;15788;4;91;0.91;42;0.645369106;M;0;0;0;SM;0;0;0;0;0;0;0;SM;0;0;0
15;11;1;0;0;17.3;8.1;664;2;0.18;7.3;63687.74746;67470.6868;67720;15788;4;26;0.26;24;1.19661;F;1;0;0;ID;0;0;0;0;0;0;0;ID;0.303030199;0.303030199;0
15;12;1;0;0;17.3;8.1;664;2;0.18;7.3;63687.74746;67470.6868;67720;15788;4;85;0.85;39;0.772225576;M;0;16;0;ID;0;0;0;0;0;0;0;ID;0.134793555;0.134793555;0
15;13;1;0;0;17.3;8.1;664;2;0.18;7.3;63687.74746;67470.6868;67720;15788;4;77;0.77;37;0.834107051;F;0;1;0;ID;0;0;0;0;0;0;0;ID;0.008424597;0.008424597;0
15;14;NA;NA;NA;17.3;8.1;664;2;0.18;7.3;63687.74746;67470.6868;67720;15788;4;41;0.41;NA;NA;F;0;1;0;ID;0;0;0;0;0;0;0;ID;;;
15;15;2;0.450561209;0.277777778;17.3;8.1;664;2;0.18;7.3;63687.74746;67470.6868;67720;15788;4;60;0.6;37;0.649953546;F;2;10;0;ID;0;0;0;0;0;0;0;ID;0.690306369;0.690306369;0
15;16;1;0;0;17.3;8.1;664;2;0.18;7.3;63687.74746;67470.6868;67720;15788;4;39;0.39;35;0.508684355;M;0;1;0;ID;0;0;0;0;0;0;0;ID;0.008424597;0.008424597;0
16;1;2;0.636514168;0.444444444;17.4;7.6;596;2;0.15;8.3;68548.10804;72561.65994;3481;7066;2;169;1.69;43;1.107903419;M;0;2;0;SM;0;0;0;0;0;1;0;SM;0.925939883;0.016849194;0.909090689
16;5;2;0.636514168;0.444444444;17.4;7.6;596;2;0.15;8.3;68548.10804;72561.65994;3481;7066;2;58;0.58;35;0.756504937;F;0;2;0;SM;0;0;0;1;0;0;0;SM;2.516849694;0.016849194;2.500000499
16;6;2;0.636514168;0.444444444;17.4;7.6;596;2;0.15;8.3;68548.10804;72561.65994;3481;7066;2;40;0.4;31;0.782679408;F;0;0;0;SM;1;0;0;2;0;0;0;SM;6.428572216;0;6.428572216
16;8;1;0;0;17.4;7.6;596;2;0.15;8.3;68548.10804;72561.65994;3481;7066;2;94;0.94;39;0.853990637;M;0;6;0;SM;0;0;0;0;0;0;0;SM;0.050547583;0.050547583;0
16;9;2;0.636514168;0.444444444;17.4;7.6;596;2;0.15;8.3;68548.10804;72561.65994;3481;7066;2;50;0.5;33;0.793877371;M;0;2;0;SM;0;0;0;0;0;1;0;SM;0.925939883;0.016849194;0.909090689
16;10;1;0;0;17.4;7.6;596;2;0.15;8.3;68548.10804;72561.65994;3481;7066;2;157;1.57;47;0.764572496;M;0;1;0;SM;0;0;0;0;0;0;0;SM;0.008424597;0.008424597;0
16;11;0;0;1;17.4;7.6;596;2;0.15;8.3;68548.10804;72561.65994;3481;7066;2;167;1.67;49;0.707542888;F;0;0;0;PH;0;0;0;0;0;0;0;PH;0;0;0
16;12;0;0;1;17.4;7.6;596;2;0.15;8.3;68548.10804;72561.65994;3481;7066;2;225;2.25;52;0.781579457;F;0;0;0;PH;0;0;0;0;0;0;0;PH;0;0;0
16;13;1;0;0;17.4;7.6;596;2;0.15;8.3;68548.10804;72561.65994;3481;7066;2;85;0.85;40;0.709575385;F;0;36;0;ID;0;0;0;0;0;0;0;ID;0.303285498;0.303285498;0
16;14;2;0.271189373;0.142011834;17.4;7.6;596;2;0.15;8.3;68548.10804;72561.65994;3481;7066;2;94;0.94;36;1.115899578;M;1;12;0;PH;0;0;0;0;0;0;0;ID;0.404125365;0.404125365;0
16;15;2;0.149994924;0.066587396;17.4;7.6;596;2;0.15;8.3;68548.10804;72561.65994;3481;7066;2;126;1.26;60;0.271311462;F;0;28;0;ID;0;1;0;0;0;0;0;SM;3.569222221;0.235888721;3.3333335
16;16;0;0;1;17.4;7.6;596;2;0.15;8.3;68548.10804;72561.65994;3481;7066;2;89;0.89;53;0.290091194;F;0;0;0;ID;0;0;0;0;0;0;0;SM;0;0;0
16;17;0;0;1;17.4;7.6;596;2;0.15;8.3;68548.10804;72561.65994;3481;7066;2;107;1.07;48;0.485675728;F;0;0;0;ID;0;0;0;0;0;0;0;ID;0;0;0
16;18;1;0;0;17.4;7.6;596;2;0.15;8.3;68548.10804;72561.65994;3481;7066;2;24;0.24;36;0.284910531;M;0;16;0;ID;0;0;0;0;0;0;0;ID;0.134793555;0.134793555;0
16;19;1;0;0;17.4;7.6;596;2;0.15;8.3;68548.10804;72561.65994;3481;7066;2;37;0.37;39;0.336145251;F;0;24;0;ID;0;0;0;0;0;0;0;ID;0.202190332;0.202190332;0
16;20;0;0;1;17.4;7.6;596;2;0.15;8.3;68548.10804;72561.65994;3481;7066;2;61;0.61;38;0.604442883;M;0;0;0;ID;0;0;0;0;0;0;0;ID;0;0;0
16;21;2;0.233791659;0.1171875;17.4;7.6;596;2;0.15;8.3;68548.10804;72561.65994;3481;7066;2;113;1.13;45;0.636371435;F;0;15;0;ID;1;0;0;0;0;0;0;ID;1.554940175;0.126368958;1.428571218
16;22;2;0.693147181;0.5;17.4;7.6;596;2;0.15;8.3;68548.10804;72561.65994;3481;7066;2;205;2.05;61;0.417696886;F;0;3;0;ID;3;0;0;0;0;0;0;ID;4.310987445;0.025273792;4.285713653
17;1;1;0;0;17.4;7.6;545;4.6;0.46;5.2;45271.81713;39387.48543;8617;9932;3;86;0.86;38;0.852165376;F;0;45;0;SM;0;0;0;0;0;0;0;SM;0.379106873;0.379106873;0
17;2;1;0;0;17.4;7.6;545;4.6;0.46;5.2;45271.81713;39387.48543;8617;9932;3;135;1.35;42;0.957415707;M;0;9;0;SM;0;0;0;0;0;0;0;SM;0.075821375;0.075821375;0
17;3;1;0;0;17.4;7.6;545;4.6;0.46;5.2;45271.81713;39387.48543;8617;9932;3;103;1.03;40;0.859838408;M;0;8;0;SM;0;0;0;0;0;0;0;SM;0.067396777;0.067396777;0
17;4;2;0.415055273;0.24884532;17.4;7.6;545;4.6;0.46;5.2;45271.81713;39387.48543;8617;9932;3;64;0.64;34;0.919677456;F;15;88;0;PH;0;0;0;0;0;0;0;PH;5.286817529;5.286817529;0
17;5;1;0;0;17.4;7.6;545;4.6;0.46;5.2;45271.81713;39387.48543;8617;9932;3;57;0.57;34;0.819087734;F;0;3;0;ID;0;0;0;0;0;0;0;ID;0.025273792;0.025273792;0
17;6;1;0;0;17.4;7.6;545;4.6;0.46;5.2;45271.81713;39387.48543;8617;9932;3;20;0.2;23;1.06115603;M;0;15;0;SM;0;0;0;0;0;0;0;SM;0.126368958;0.126368958;0
17;7;1;0;0;17.4;7.6;545;4.6;0.46;5.2;45271.81713;39387.48543;8617;9932;3;109;1.09;41;0.837853074;M;0;6;0;SM;0;0;0;0;0;0;0;SM;0.050547583;0.050547583;0
17;9;1;0;0;17.4;7.6;545;4.6;0.46;5.2;45271.81713;39387.48543;8617;9932;3;98;0.98;40;0.818098679;F;0;32;0;PH;0;0;0;0;0;0;0;ID;0.26958711;0.26958711;0
17;10;1;0;0;17.4;7.6;545;4.6;0.46;5.2;45271.81713;39387.48543;8617;9932;3;55;0.55;34;0.790347814;F;0;328;0;PH;0;0;0;0;0;0;0;PH;2.763267874;2.763267874;0
17;11;1;0;0;17.4;7.6;545;4.6;0.46;5.2;45271.81713;39387.48543;8617;9932;3;100;1;39;0.908500678;F;1;0;0;PH;0;0;0;0;0;0;0;PH;0.303030199;0.303030199;0
17;12;2;0.562335145;0.375;17.4;7.6;545;4.6;0.46;5.2;45271.81713;39387.48543;8617;9932;3;143;1.43;42;1.014151452;M;9;3;0;PH;0;0;0;0;0;0;0;PH;2.752545578;2.752545578;0
17;13;2;0.369333122;0.213039486;17.4;7.6;545;4.6;0.46;5.2;45271.81713;39387.48543;8617;9932;3;110;1.1;50;0.435619463;F;8;58;0;PH;0;0;0;0;0;0;0;ID;2.912868224;2.912868224;0
17;14;2;0.092216057;0.036351166;17.4;7.6;545;4.6;0.46;5.2;45271.81713;39387.48543;8617;9932;3;97;0.97;38;0.961163273;F;1;53;0;PH;0;0;0;0;0;0;0;PH;0.749533849;0.749533849;0
17;15;1;0;0;17.4;7.6;545;4.6;0.46;5.2;45271.81713;39387.48543;8617;9932;3;112;1.12;48;0.508370855;M;0;3;0;ID;0;0;0;0;0;0;0;ID;0.025273792;0.025273792;0
17;17;2;0.693147181;0.5;17.4;7.6;545;4.6;0.46;5.2;45271.81713;39387.48543;8617;9932;3;81;0.81;43;0.531006964;F;4;4;0;ID;0;0;0;0;0;0;0;ID;1.245819183;1.245819183;0
17;18;1;0;0;17.4;7.6;545;4.6;0.46;5.2;45271.81713;39387.48543;8617;9932;3;60;0.6;43;0.393338492;M;1;0;0;ID;0;0;0;0;0;0;0;ID;0.303030199;0.303030199;0
17;19;1;0;0;17.4;7.6;545;4.6;0.46;5.2;45271.81713;39387.48543;8617;9932;3;68;0.68;42;0.482253837;F;0;16;0;SM;0;0;0;0;0;0;0;SM;0.134793555;0.134793555;0
17;20;1;0;0;17.4;7.6;545;4.6;0.46;5.2;45271.81713;39387.48543;8617;9932;3;94;0.94;52;0.326526529;M;0;44;0;SM;0;0;0;0;0;0;0;SM;0.370682276;0.370682276;0
18;1;2;0.429323022;0.26035503;22.5;7.6;561;3.207777778;0.054;2.1;44142.91515;15837.75852;4261;9992;3;85;0.85;39;0.772225576;M;0;2;0;SM;0;0;0;0;0;11;0;SM;10.01684677;0.016849194;9.999997575
18;2;2;0.325082973;0.18;22.5;7.6;561;3.207777778;0.054;2.1;44142.91515;15837.75852;4261;9992;3;77;0.77;37;0.834107051;M;0;9;0;SM;0;0;0;0;0;1;0;SM;0.984912063;0.075821375;0.909090689
18;3;1;0;0;22.5;7.6;561;3.207777778;0.054;2.1;44142.91515;15837.75852;4261;9992;3;67;0.67;38;0.663896282;F;0;11;0;SM;0;0;0;0;0;0;0;SM;0.092670569;0.092670569;0
18;5;2;0.246241006;0.125306304;22.5;7.6;561;3.207777778;0.054;2.1;44142.91515;15837.75852;4261;9992;3;54;0.54;31;1.056617201;M;0;125;0;SM;0;0;0;0;0;9;0;SM;9.234890845;1.053074647;8.181816198
18;6;1;0;0;22.5;7.6;561;3.207777778;0.054;2.1;44142.91515;15837.75852;4261;9992;3;78;0.78;35;1.017368709;M;0;91;0;SM;0;0;0;0;0;0;0;SM;0.766638343;0.766638343;0
18;7;2;0.693147181;0.5;22.5;7.6;561;3.207777778;0.054;2.1;44142.91515;15837.75852;4261;9992;3;72;0.72;34;1.034637138;M;0;1;0;SM;0;0;1;0;0;0;0;SM;5.008438247;0.008424597;5.00001365
18;12;1;0;0;22.5;7.6;561;3.207777778;0.054;2.1;44142.91515;15837.75852;4261;9992;3;63;0.63;21;4.530268962;M;0;21;0;PH;0;0;0;0;0;0;0;PH;0.176916541;0.176916541;0
18;13;1;0;0;22.5;7.6;561;3.207777778;0.054;2.1;44142.91515;15837.75852;4261;9992;3;55;0.55;31;1.076184186;F;0;168;0;PH;0;0;0;0;0;0;0;PH;1.415332325;1.415332325;0
18;14;0;0;1;22.5;7.6;561;3.207777778;0.054;2.1;44142.91515;15837.75852;4261;9992;3;80;0.8;37;0.866604728;F;0;0;0;ID;0;0;0;0;0;0;0;ID;0;0;0
18;15;0;0;1;22.5;7.6;561;3.207777778;0.054;2.1;44142.91515;15837.75852;4261;9992;3;117;1.17;46;0.612235424;F;0;0;0;SM;0;0;0;0;0;0;0;SM;0;0;0
18;16;1;0;0;22.5;7.6;561;3.207777778;0.054;2.1;44142.91515;15837.75852;4261;9992;3;126;1.26;47;0.613605952;M;0;1;0;SM;0;0;0;0;0;0;0;SM;0.008424597;0.008424597;0
18;17;1;0;0;22.5;7.6;561;3.207777778;0.054;2.1;44142.91515;15837.75852;4261;9992;3;112;1.12;51;0.415137121;M;0;1;0;ID;0;0;0;0;0;0;0;ID;0.008424597;0.008424597;0
18;18;3;0.900256051;0.53125;22.5;7.6;561;3.207777778;0.054;2.1;44142.91515;15837.75852;4261;9992;3;38;0.38;34;0.546058489;M;1;2;0;ID;0;0;0;0;0;5;0;ID;4.865332836;0.319879393;4.545453443
18;19;1;0;0;22.5;7.6;561;3.207777778;0.054;2.1;44142.91515;15837.75852;4261;9992;3;22;0.22;32;0.387139356;F;0;6;0;ID;0;0;0;0;0;0;0;ID;0.050547583;0.050547583;0
18;20;1;0;0;22.5;7.6;561;3.207777778;0.054;2.1;44142.91515;15837.75852;4261;9992;3;29;0.29;35;0.378252469;M;0;30;0;ID;0;0;0;0;0;0;0;ID;0.252737915;0.252737915;0
18;21;0;0;1;22.5;7.6;561;3.207777778;0.054;2.1;44142.91515;15837.75852;4261;9992;3;128;1.28;51;0.474442424;M;0;0;0;ID;0;0;0;0;0;0;0;ID;0;0;0
19;1;2;0.325082973;0.18;16.2;8.3;941;0.75;0.24;8.7;64632.42266;67396.48604;31094;6093;1;61;0.61;36;0.724147599;F;1;9;0;SM;0;0;0;0;0;0;0;SM;0.378851573;0.378851573;0
19;2;1;0;0;16.2;8.3;941;0.75;0.24;8.7;64632.42266;67396.48604;31094;6093;1;78;0.78;39;0.708630529;M;0;2;0;ID;0;0;0;0;0;0;0;ID;0.016849194;0.016849194;0
19;3;2;0.636514168;0.444444444;16.2;8.3;941;0.75;0.24;8.7;64632.42266;67396.48604;31094;6093;1;34;0.34;29;0.831375159;F;1;2;0;PH;0;0;0;0;0;0;0;PH;0.319879393;0.319879393;0
19;4;2;0.233791659;0.1171875;16.2;8.3;941;0.75;0.24;8.7;64632.42266;67396.48604;31094;6093;1;36;0.36;30;0.785989518;F;4;60;0;ID;0;0;0;0;0;0;0;ID;1.717596625;1.717596625;0
19;6;1;0;0;16.2;8.3;941;0.75;0.24;8.7;64632.42266;67396.48604;31094;6093;1;25;0.25;27;0.776196905;F;0;45;0;ID;0;0;0;0;0;0;0;ID;0.379106873;0.379106873;0
19;7;2;0.529706199;0.345679012;16.2;8.3;941;0.75;0.24;8.7;64632.42266;67396.48604;31094;6093;1;22;0.22;25;0.883392949;F;4;14;0;PH;0;0;0;0;0;0;0;PH;1.330065154;1.330065154;0
19;10;2;0.237377798;0.119511091;16.2;8.3;941;0.75;0.24;8.7;64632.42266;67396.48604;31094;6093;1;30;0.3;29;0.733566316;F;3;44;0;SM;0;0;0;0;0;0;0;SM;1.279772871;1.279772871;0
19;11;1;0;0;16.2;8.3;941;0.75;0.24;8.7;64632.42266;67396.48604;31094;6093;1;134;1.34;42;0.950323738;F;2;0;0;PH;0;0;0;0;0;0;0;PH;0.606060397;0.606060397;0
19;12;2;0.562335145;0.375;16.2;8.3;941;0.75;0.24;8.7;64632.42266;67396.48604;31094;6093;1;157;1.57;43;1.029235721;M;1;3;0;PH;0;0;0;0;0;0;0;PH;0.32830399;0.32830399;0
19;13;2;0.693147181;0.5;16.2;8.3;941;0.75;0.24;8.7;64632.42266;67396.48604;31094;6093;1;29;0.29;36;0.344266891;F;1;1;0;PH;0;0;0;0;0;0;0;PH;0.311454796;0.311454796;0
19;14;2;0.500402424;0.32;16.2;8.3;941;0.75;0.24;8.7;64632.42266;67396.48604;31094;6093;1;193;1.93;56;0.523346652;F;4;1;0;ID;0;0;0;0;0;0;0;ID;1.220545391;1.220545391;0
19;15;0;0;1;16.2;8.3;941;0.75;0.24;8.7;64632.42266;67396.48604;31094;6093;1;66;0.66;53;0.215123807;F;0;0;0;ID;0;0;0;0;0;0;0;ID;0;0;0
19;16;1;0;0;16.2;8.3;941;0.75;0.24;8.7;64632.42266;67396.48604;31094;6093;1;118;1.18;56;0.319973601;F;2;0;0;ID;0;0;0;0;0;0;0;ID;0.606060397;0.606060397;0
19;17;0;0;1;16.2;8.3;941;0.75;0.24;8.7;64632.42266;67396.48604;31094;6093;1;235;2.35;62;0.453497734;F;0;0;0;ID;0;0;0;0;0;0;0;ID;0;0;0
19;18;1;0;0;16.2;8.3;941;0.75;0.24;8.7;64632.42266;67396.48604;31094;6093;1;33;0.33;33;0.523959065;M;0;3;0;ID;0;0;0;0;0;0;0;ID;0.025273792;0.025273792;0
19;19;1;0;0;16.2;8.3;941;0.75;0.24;8.7;64632.42266;67396.48604;31094;6093;1;79;0.79;46;0.413389731;M;0;3;0;ID;0;0;0;0;0;0;0;ID;0.025273792;0.025273792;0
19;20;1;0;0;16.2;8.3;941;0.75;0.24;8.7;64632.42266;67396.48604;31094;6093;1;266;2.66;63;0.486593604;F;1;0;0;ID;0;0;0;0;0;0;0;ID;0.303030199;0.303030199;0
20;1;0;0;1;15.9;8.1;875;2;0.095;8.1;72865.43489;76898.41061;40589;2762;1;54;0.54;35;0.704332183;M;0;0;0;SM;0;0;0;0;0;0;0;SM;0;0;0
20;4;0;0;1;15.9;8.1;875;2;0.095;8.1;72865.43489;76898.41061;40589;2762;1;20;0.2;24;0.920469231;F;0;0;0;SM;0;0;0;0;0;0;0;SM;0;0;0
20;5;2;0.410116318;0.244897959;15.9;8.1;875;2;0.095;8.1;72865.43489;76898.41061;40589;2762;1;20;0.2;28;0.549893765;F;1;6;0;SM;0;0;0;0;0;0;0;SM;0.353577782;0.353577782;0
20;6;2;0.433398873;0.263671875;15.9;8.1;875;2;0.095;8.1;72865.43489;76898.41061;40589;2762;1;44;0.44;32;0.774278711;M;5;27;0;SM;0;0;0;0;0;0;0;SM;1.742615116;1.742615116;0
20;8;1;0;0;15.9;8.1;875;2;0.095;8.1;72865.43489;76898.41061;40589;2762;1;20;0.2;26;0.704429072;M;0;11;0;SM;0;0;0;0;0;0;0;SM;0.092670569;0.092670569;0
20;9;2;0.585952618;0.396694215;15.9;8.1;875;2;0.095;8.1;72865.43489;76898.41061;40589;2762;1;13;0.13;23;0.68975142;F;8;3;0;SM;0;0;0;0;0;0;0;SM;2.44951538;2.44951538;0
20;10;2;0.689009238;0.495867769;15.9;8.1;875;2;0.095;8.1;72865.43489;76898.41061;40589;2762;1;30;0.3;28;0.824840647;F;5;6;0;SM;0;0;0;0;0;0;0;SM;1.565698576;1.565698576;0
21;1;0;0;1;19.6;8;812;1;0.36;6.9;58440.63861;21751.45973;7562;10425;1;134;1.34;41;1.03002121;F;0;0;0;KM;0;0;0;0;0;0;0;KM;0;0;0
21;2;2;0.286835983;0.152777778;19.6;8;812;1;0.36;6.9;58440.63861;21751.45973;7562;10425;1;127;1.27;43;0.832566475;F;0;22;2;KM;0;0;0;0;0;0;0;KM;5.185342252;5.185342252;0
21;3;1;0;0;19.6;8;812;1;0.36;6.9;58440.63861;21751.45973;7562;10425;1;130;1.3;42;0.921955866;M;0;6;0;SM;0;0;0;0;0;0;0;SM;0.050547583;0.050547583;0
21;4;1;0;0;19.6;8;812;1;0.36;6.9;58440.63861;21751.45973;7562;10425;1;54;0.54;33;0.85738756;F;0;6;0;SM;0;0;0;0;0;0;0;SM;0.050547583;0.050547583;0
21;5;2;0.184907399;0.08677686;19.6;8;812;1;0.36;6.9;58440.63861;21751.45973;7562;10425;1;21;0.21;25;0.843238724;M;2;42;0;SM;0;0;0;0;0;0;0;SM;0.959893478;0.959893478;0
21;6;1;0;0;19.6;8;812;1;0.36;6.9;58440.63861;21751.45973;7562;10425;1;126;1.26;43;0.826010833;M;0;25;0;SM;0;0;0;0;0;0;0;SM;0.210614929;0.210614929;0
21;7;2;0.189208981;0.089355469;19.6;8;812;1;0.36;6.9;58440.63861;21751.45973;7562;10425;1;64;0.64;35;0.834764069;F;3;61;0;SM;0;0;0;0;0;0;0;SM;1.422991023;1.422991023;0
21;9;2;0.529706199;0.345679012;19.6;8;812;1;0.36;6.9;58440.63861;21751.45973;7562;10425;1;53;0.53;33;0.841510013;F;0;14;4;KM;0;0;0;0;0;0;0;KM;10.11794659;10.11794659;0
21;10;3;0.735387525;0.417230331;19.6;8;812;1;0.36;6.9;58440.63861;21751.45973;7562;10425;1;21;0.21;22;1.292661259;M;10;39;0;SM;0;0;0;0;0;4;0;SM;6.995224029;3.358861275;3.636362755
21;11;1;0;0;19.6;8;812;1;0.36;6.9;58440.63861;21751.45973;7562;10425;1;88;0.88;39;0.799480596;M;0;0;0;PH;0;0;0;1;0;0;0;PH;2.500000499;0;2.500000499
21;12;2;0.554789602;0.368151936;19.6;8;812;1;0.36;6.9;58440.63861;21751.45973;7562;10425;1;106;1.06;38;1.050343371;F;9;28;0;PH;0;0;0;0;0;0;0;PH;2.963160507;2.963160507;0
21;13;2;0.500402424;0.32;19.6;8;812;1;0.36;6.9;58440.63861;21751.45973;7562;10425;1;94;0.94;45;0.529370928;M;4;16;0;PH;0;0;0;0;0;0;0;PH;1.346914349;1.346914349;0
21;14;2;0.693147181;0.5;19.6;8;812;1;0.36;6.9;58440.63861;21751.45973;7562;10425;1;32;0.32;36;0.379880708;M;0;3;3;ID;0;0;0;0;0;0;0;ID;7.525275462;7.525275462;0
21;15;1;0;0;19.6;8;812;1;0.36;6.9;58440.63861;21751.45973;7562;10425;1;62;0.62;42;0.439702028;M;0;13;0;ID;0;0;0;0;0;0;0;ID;0.109519763;0.109519763;0
21;16;2;0.214559155;0.104938272;19.6;8;812;1;0.36;6.9;58440.63861;21751.45973;7562;10425;1;62;0.62;35;0.808677692;M;1;17;0;ID;0;0;0;0;0;0;0;ID;0.44624835;0.44624835;0
21;17;1;0;0;19.6;8;812;1;0.36;6.9;58440.63861;21751.45973;7562;10425;1;60;0.6;44;0.364250395;M;0;1;0;ID;0;0;0;0;0;0;0;ID;0.008424597;0.008424597;0
21;18;3;0.790267968;0.461538462;19.6;8;812;1;0.36;6.9;58440.63861;21751.45973;7562;10425;1;57;0.57;36;0.67666251;M;1;9;3;ID;0;0;0;0;0;0;0;SM;7.878853244;7.878853244;0
21;19;1;0;0;19.6;8;812;1;0.36;6.9;58440.63861;21751.45973;7562;10425;1;105;1.05;47;0.511338294;F;0;2;0;ID;0;0;0;0;0;0;0;ID;0.016849194;0.016849194;0
21;20;1;0;0;19.6;8;812;1;0.36;6.9;58440.63861;21751.45973;7562;10425;1;44;0.44;40;0.367309611;M;0;1;0;ID;0;0;0;0;0;0;0;ID;0.008424597;0.008424597;0
22;1;1;0;0;17.3;7.1;358;2;0.12;6.5;47879.02199;44196.46983;13904;21941;6;130;1.3;43;0.852233399;M;0;24;0;KM;0;0;0;0;0;0;0;KM;0.202190332;0.202190332;0
22;2;1;0;0;17.3;7.1;358;2;0.12;6.5;47879.02199;44196.46983;13904;21941;6;143;1.43;46;0.748287741;M;0;16;0;KM;0;0;0;0;0;0;0;KM;0.134793555;0.134793555;0
22;3;1;0;0;17.3;7.1;358;2;0.12;6.5;47879.02199;44196.46983;13904;21941;6;117;1.17;41;0.899346877;M;0;2;0;KM;0;0;0;0;0;0;0;KM;0.016849194;0.016849194;0
22;4;1;0;0;17.3;7.1;358;2;0.12;6.5;47879.02199;44196.46983;13904;21941;6;127;1.27;45;0.715213914;M;0;7;0;KM;0;0;0;0;0;0;0;KM;0.05897218;0.05897218;0
22;5;1;0;0;17.3;7.1;358;2;0.12;6.5;47879.02199;44196.46983;13904;21941;6;130;1.3;43;0.852233399;M;0;8;0;KM;0;0;0;0;0;0;0;KM;0.067396777;0.067396777;0
22;7;1;0;0;17.3;7.1;358;2;0.12;6.5;47879.02199;44196.46983;13904;21941;6;34;0.34;28;0.9348194;M;0;7;0;KM;0;0;0;0;0;0;0;KM;0.05897218;0.05897218;0
22;10;0;0;1;17.3;7.1;358;2;0.12;6.5;47879.02199;44196.46983;13904;21941;6;123;1.23;44;0.746713309;M;0;0;0;KM;0;0;0;0;0;0;0;KM;0;0;0
22;11;1;0;0;17.3;7.1;358;2;0.12;6.5;47879.02199;44196.46983;13904;21941;6;128;1.28;40;1.06853705;M;0;1;0;PH;0;0;0;0;0;0;0;PH;0.008424597;0.008424597;0
22;12;1;0;0;17.3;7.1;358;2;0.12;6.5;47879.02199;44196.46983;13904;21941;6;112;1.12;43;0.734231852;F;0;2;0;PH;0;0;0;0;0;0;0;PH;0.016849194;0.016849194;0
22;13;2;0.693147181;0.5;17.3;7.1;358;2;0.12;6.5;47879.02199;44196.46983;13904;21941;6;91;0.91;36;1.080285762;F;0;1;0;PH;0;0;0;0;0;1;0;ID;0.917515286;0.008424597;0.909090689
22;14;2;0.245835972;0.125039855;17.3;7.1;358;2;0.12;6.5;47879.02199;44196.46983;13904;21941;6;61;0.61;43;0.399894134;M;13;181;0;AD;0;0;0;0;0;0;0;SM;5.464244669;5.464244669;0
22;15;1;0;0;17.3;7.1;358;2;0.12;6.5;47879.02199;44196.46983;13904;21941;6;65;0.65;47;0.316542753;M;0;5;0;AD;0;0;0;0;0;0;0;SM;0.042122986;0.042122986;0
22;16;0;0;1;17.3;7.1;358;2;0.12;6.5;47879.02199;44196.46983;13904;21941;6;94;0.94;46;0.491881452;M;0;0;0;AD;0;0;0;0;0;0;0;SM;0;0;0
22;17;0;0;1;17.3;7.1;358;2;0.12;6.5;47879.02199;44196.46983;13904;21941;6;46;0.46;42;0.326230537;F;0;0;0;ID;0;0;0;0;0;0;0;ID;0;0;0
22;18;1;0;0;17.3;7.1;358;2;0.12;6.5;47879.02199;44196.46983;13904;21941;6;84;0.84;44;0.509950552;F;0;1;0;ID;0;0;0;0;0;0;0;ID;0.008424597;0.008424597;0
22;19;0;0;1;17.3;7.1;358;2;0.12;6.5;47879.02199;44196.46983;13904;21941;6;59;0.59;42;0.418426124;M;0;0;0;ID;0;0;0;0;0;0;0;ID;0;0;0
22;20;0;0;1;17.3;7.1;358;2;0.12;6.5;47879.02199;44196.46983;13904;21941;6;75;0.75;41;0.576504408;M;0;0;0;ID;0;0;0;0;0;0;0;ID;0;0;0
23;1;0;0;1;15.1;7.2;166;2;0.16;8;53511.25618;49989.625;19715;8318;7;66;0.66;37;0.714948901;M;0;0;0;PH;0;0;0;0;0;0;0;PH;0;0;0
23;2;0;0;1;15.1;7.2;166;2;0.16;8;53511.25618;49989.625;19715;8318;7;90;0.9;39;0.81765061;M;0;0;0;SM;0;0;0;0;0;0;0;SM;0;0;0
23;3;0;0;1;15.1;7.2;166;2;0.16;8;53511.25618;49989.625;19715;8318;7;84;0.84;39;0.763140569;F;0;0;0;ID;0;0;0;0;0;0;0;ID;0;0;0
23;4;0;0;1;15.1;7.2;166;2;0.16;8;53511.25618;49989.625;19715;8318;7;67;0.67;36;0.795375231;F;0;0;0;SM;0;0;0;0;0;0;0;SM;0;0;0
23;5;2;0.132691421;0.057093426;15.1;7.2;166;2;0.16;8;53511.25618;49989.625;19715;8318;7;74;0.74;36;0.878474136;F;33;1;0;PH;0;0;0;0;0;0;0;PH;10.00842115;10.00842115;0
23;6;1;0;0;15.1;7.2;166;2;0.16;8;53511.25618;49989.625;19715;8318;7;107;1.07;40;0.893230191;M;0;1;0;PH;0;0;0;0;0;0;0;PH;0.008424597;0.008424597;0
23;7;0;0;1;15.1;7.2;166;2;0.16;8;53511.25618;49989.625;19715;8318;7;83;0.83;37;0.899102405;M;0;0;0;PH;0;0;0;0;0;0;0;PH;0;0;0
23;8;1;0;0;15.1;7.2;166;2;0.16;8;53511.25618;49989.625;19715;8318;7;83;0.83;38;0.822438677;M;0;1;0;SM;0;0;0;0;0;0;0;SM;0.008424597;0.008424597;0
23;9;1;0;0;15.1;7.2;166;2;0.16;8;53511.25618;49989.625;19715;8318;7;75;0.75;35;0.978239143;M;0;2;0;SM;0;0;0;0;0;0;0;SM;0.016849194;0.016849194;0
23;10;0;0;1;15.1;7.2;166;2;0.16;8;53511.25618;49989.625;19715;8318;7;82;0.82;37;0.888269846;M;0;0;0;SM;0;0;0;0;0;0;0;SM;0;0;0
23;11;1;0;0;15.1;7.2;166;2;0.16;8;53511.25618;49989.625;19715;8318;7;46;0.46;31;0.90008132;M;0;10;0;PH;0;0;0;0;0;0;0;PH;0.084245972;0.084245972;0
23;12;1;0;0;15.1;7.2;166;2;0.16;8;53511.25618;49989.625;19715;8318;7;50;0.5;35;0.652159429;F;0;1;0;PH;0;0;0;0;0;0;0;PH;0.008424597;0.008424597;0
23;13;0;0;1;15.1;7.2;166;2;0.16;8;53511.25618;49989.625;19715;8318;7;55;0.55;32;0.967848389;F;0;0;0;ID;0;0;0;0;0;0;0;ID;0;0;0
23;14;0;0;1;15.1;7.2;166;2;0.16;8;53511.25618;49989.625;19715;8318;7;71;0.71;37;0.769111696;M;0;0;0;PH;0;0;0;0;0;0;0;PH;0;0;0
23;15;1;0;0;15.1;7.2;166;2;0.16;8;53511.25618;49989.625;19715;8318;7;23;0.23;31;0.45004066;F;3;0;0;AD;0;0;0;0;0;0;0;SM;0.909090596;0.909090596;0
23;16;1;0;0;15.1;7.2;166;2;0.16;8;53511.25618;49989.625;19715;8318;7;68;0.68;40;0.567660308;F;1;0;0;AD;0;0;0;0;0;0;0;SM;0.303030199;0.303030199;0
23;17;NA;NA;NA;15.1;7.2;166;2;0.16;8;53511.25618;49989.625;19715;8318;7;28;0.28;39;0.25438019;M;;0;0;SM;0;0;0;0;0;0;0;SM;;;0
23;18;NA;NA;NA;15.1;7.2;166;2;0.16;8;53511.25618;49989.625;19715;8318;7;62;0.62;38;0.614351783;F;;1;0;SM;0;0;0;0;0;0;0;SM;;;0
23;19;NA;NA;NA;15.1;7.2;166;2;0.16;8;53511.25618;49989.625;19715;8318;7;44;0.44;37;0.4766326;F;;0;0;SM;0;0;0;0;0;0;0;SM;;;0
23;20;NA;NA;NA;15.1;7.2;166;2;0.16;8;53511.25618;49989.625;19715;8318;7;63;0.63;36;0.747890143;M;;0;0;SM;0;0;0;0;0;0;0;SM;;;0
24;1;1;0;0;22.9;8;740;2;0.58;1.9;37413.39053;35027.42509;461;37125;5;139;1.39;45;0.782793181;M;0;17;0;SM;0;0;0;0;0;0;0;SM;0.143218152;0.143218152;0
24;2;1;0;0;22.9;8;740;2;0.58;1.9;37413.39053;35027.42509;461;37125;5;123;1.23;44;0.746713309;F;0;77;0;ID;0;0;0;0;0;0;0;ID;0.648693983;0.648693983;0
24;3;1;0;0;22.9;8;740;2;0.58;1.9;37413.39053;35027.42509;461;37125;5;113;1.13;44;0.68600491;F;0;161;0;PH;0;0;0;0;0;0;0;PH;1.356360145;1.356360145;1.428571218
24;4;1;0;0;22.9;8;740;2;0.58;1.9;37413.39053;35027.42509;461;37125;5;135;1.35;46;0.706425489;F;0;24;0;ID;0;0;0;0;0;0;0;ID;0.202190332;0.202190332;0
24;5;1;0;0;22.9;8;740;2;0.58;1.9;37413.39053;35027.42509;461;37125;5;134;1.34;46;0.701192708;M;0;5;0;SM;0;0;0;0;0;0;0;SM;0.042122986;0.042122986;0
24;6;1;0;0;22.9;8;740;2;0.58;1.9;37413.39053;35027.42509;461;37125;5;124;1.24;43;0.81289955;F;0;81;0;PH;0;0;0;0;0;0;0;PH;0.682392371;0.682392371;2.337661906
24;7;3;0.062933006;0.01985;22.9;8;740;2;0.58;1.9;37413.39053;35027.42509;461;37125;5;105;1.05;41;0.807106172;F;1;198;0;PH;1;0;0;0;0;0;0;PH;3.399671657;1.971100439;0
24;8;1;0;0;22.9;8;740;2;0.58;1.9;37413.39053;35027.42509;461;37125;5;154;1.54;45;0.867267266;M;0;102;0;SM;0;0;0;0;0;0;0;SM;0.859308912;0.859308912;0
24;9;1;0;0;22.9;8;740;2;0.58;1.9;37413.39053;35027.42509;461;37125;5;100;1;40;0.834794571;M;0;120;0;SM;0;0;0;0;0;0;0;SM;1.010951661;1.010951661;0
24;10;3;0.73562194;0.40625;22.9;8;740;2;0.58;1.9;37413.39053;35027.42509;461;37125;5;170;1.7;47;0.827881047;M;0;6;0;SM;1;0;0;0;0;1;0;SM;2.388209489;0.050547583;0
24;11;1;0;0;22.9;8;740;2;0.58;1.9;37413.39053;35027.42509;461;37125;5;140;1.4;40;1.168712399;M;0;8;0;ID;0;0;0;0;0;0;0;ID;0.067396777;0.067396777;0
24;12;1;0;0;22.9;8;740;2;0.58;1.9;37413.39053;35027.42509;461;37125;5;134;1.34;42;0.950323738;M;0;2;0;ID;0;0;0;0;0;0;0;ID;0.016849194;0.016849194;0
26;1;1;0;0;18.4;8.1;958;2;0.31;5.3;59347.2448;62693.46116;16041;21588;5;90;0.9;36;1.06841449;M;0;4;0;SM;0;0;0;0;0;0;0;SM;0.033698389;0.033698389;0
26;2;1;0;0;18.4;8.1;958;2;0.31;5.3;59347.2448;62693.46116;16041;21588;5;28;0.28;25;1.124318299;M;0;8;0;SM;0;0;0;0;0;0;0;SM;0.067396777;0.067396777;0
26;3;2;0.202273002;0.097304405;18.4;8.1;958;2;0.31;5.3;59347.2448;62693.46116;16041;21588;5;14;0.14;22;0.861774172;F;4;74;0;SM;0;0;0;0;0;0;0;SM;1.835540985;1.835540985;0
26;4;1;0;0;18.4;8.1;958;2;0.31;5.3;59347.2448;62693.46116;16041;21588;5;54;0.54;31;1.056617201;M;0;47;0;SM;0;0;0;0;0;0;0;SM;0.395956067;0.395956067;0
26;5;1;0;0;18.4;8.1;958;2;0.31;5.3;59347.2448;62693.46116;16041;21588;5;63;0.63;31;1.232720068;F;0;13;0;SM;0;0;0;0;0;0;0;SM;0.109519763;0.109519763;0.909090689
26;6;2;0.056001534;0.0198;18.4;8.1;958;2;0.31;5.3;59347.2448;62693.46116;16041;21588;5;36;0.36;28;0.989808776;M;1;99;0;SM;0;0;0;0;0;0;0;SM;1.137065319;1.137065319;0
26;7;1;0;0;18.4;8.1;958;2;0.31;5.3;59347.2448;62693.46116;16041;21588;5;27;0.27;26;0.950979247;F;0;190;0;SM;0;0;0;0;0;0;0;SM;1.600673463;1.600673463;0
26;9;2;0.693147181;0.5;18.4;8.1;958;2;0.31;5.3;59347.2448;62693.46116;16041;21588;5;77;0.77;34;1.106486939;F;1;0;1;SM;0;0;0;0;0;0;0;SM;2.803030755;2.803030755;0
26;11;3;0.228374661;0.099659735;18.4;8.1;958;2;0.31;5.3;59347.2448;62693.46116;16041;21588;5;29;0.29;30;0.633158223;M;5;109;0;ID;0;0;0;0;0;1;0;ID;3.342522773;2.433432085;0
26;12;1;0;0;18.4;8.1;958;2;0.31;5.3;59347.2448;62693.46116;16041;21588;5;33;0.33;33;0.523959065;M;0;102;0;ID;0;0;0;0;0;0;0;ID;0.859308912;0.859308912;0
26;13;2;0.070054281;0.025969529;18.4;8.1;958;2;0.31;5.3;59347.2448;62693.46116;16041;21588;5;37;0.37;29;0.90473179;M;1;75;0;ID;0;0;0;0;0;0;0;ID;0.934874987;0.934874987;0
26;14;2;0.295439192;0.15879017;18.4;8.1;958;2;0.31;5.3;59347.2448;62693.46116;16041;21588;5;33;0.33;32;0.580709033;M;2;21;0;ID;0;0;0;0;0;0;0;ID;0.782976938;0.782976938;0
26;15;1;0;0;18.4;8.1;958;2;0.31;5.3;59347.2448;62693.46116;16041;21588;5;31;0.31;32;0.545514546;M;0;141;0;ID;0;0;0;0;0;0;0;ID;1.187868202;1.187868202;0
26;16;2;0.079487003;0.030295858;18.4;8.1;958;2;0.31;5.3;59347.2448;62693.46116;16041;21588;5;21;0.21;28;0.577388453;M;1;64;0;ID;0;0;0;0;0;0;0;ID;0.842204418;0.842204418;0
26;17;1;0;0;18.4;8.1;958;2;0.31;5.3;59347.2448;62693.46116;16041;21588;5;144;1.44;42;1.02124342;M;0;142;0;ID;0;0;0;0;0;0;0;ID;1.196292799;1.196292799;0
26;18;1;0;0;18.4;8.1;958;2;0.31;5.3;59347.2448;62693.46116;16041;21588;5;37;0.37;32;0.651098007;F;0;24;0;ID;0;0;0;0;0;0;0;ID;0.202190332;0.202190332;0
26;19;2;0.206192051;0.099722992;18.4;8.1;958;2;0.31;5.3;59347.2448;62693.46116;16041;21588;5;130;1.3;35;1.695614515;M;1;18;0;ID;0;0;0;0;0;0;0;ID;0.454672948;0.454672948;0
26;20;2;0.128318706;0.054751041;18.4;8.1;958;2;0.31;5.3;59347.2448;62693.46116;16041;21588;5;59;0.59;45;0.332264732;M;2;69;0;ID;0;0;0;0;0;0;0;ID;1.187357602;1.187357602;0
28;1;1;0;0;23.4;8.5;974;2;0.37;5.6;45740.16059;46890.91789;10888;32524;11;156;1.56;47;0.759702608;F;0;22;0;KM;0;0;0;0;0;0;0;KM;0.185341138;0.185341138;0
28;2;1;0;0;23.4;8.5;974;2;0.37;5.6;45740.16059;46890.91789;10888;32524;11;159;1.59;45;0.895425294;M;0;9;0;KM;0;0;0;0;0;0;0;KM;0.075821375;0.075821375;0
28;3;1;0;0;23.4;8.5;974;2;0.37;5.6;45740.16059;46890.91789;10888;32524;11;131;1.31;43;0.858789041;M;0;6;0;KM;0;0;0;0;0;0;0;KM;0.050547583;0.050547583;0
28;5;1;0;0;23.4;8.5;974;2;0.37;5.6;45740.16059;46890.91789;10888;32524;11;72;0.72;36;0.854731592;F;0;2;0;KM;0;0;0;0;0;0;0;KM;0.016849194;0.016849194;0
28;6;0;0;1;23.4;8.5;974;2;0.37;5.6;45740.16059;46890.91789;10888;32524;11;120;1.2;39;1.090200813;M;0;0;0;KM;0;0;0;0;0;0;0;KM;0;0;0
28;7;2;0.673011667;0.48;23.4;8.5;974;2;0.37;5.6;45740.16059;46890.91789;10888;32524;11;132;1.32;44;0.801350868;F;0;3;2;KM;0;0;0;0;0;0;0;KM;5.025274905;5.025274905;0
28;8;0;0;1;23.4;8.5;974;2;0.37;5.6;45740.16059;46890.91789;10888;32524;11;100;1;41;0.768672545;F;0;0;0;KM;0;0;0;0;0;0;0;KM;0;0;0
28;9;1;0;0;23.4;8.5;974;2;0.37;5.6;45740.16059;46890.91789;10888;32524;11;38;0.38;27;1.179819295;F;0;2;0;KM;0;0;0;0;0;0;0;KM;0.016849194;0.016849194;0
28;10;1;0;0;23.4;8.5;974;2;0.37;5.6;45740.16059;46890.91789;10888;32524;11;68;0.68;33;1.079673224;M;0;4;0;KM;0;0;0;0;0;0;0;KM;0.033698389;0.033698389;0
28;11;1;0;0;23.4;8.5;974;2;0.37;5.6;45740.16059;46890.91789;10888;32524;11;80;0.8;43;0.524451323;F;0;62;0;SM;0;0;0;0;0;0;0;SM;0.522325025;0.522325025;0
28;12;1;0;0;23.4;8.5;974;2;0.37;5.6;45740.16059;46890.91789;10888;32524;11;115;1.15;44;0.698146589;F;0;163;0;SM;0;0;0;0;0;0;0;SM;1.37320934;1.37320934;0
28;13;1;0;0;23.4;8.5;974;2;0.37;5.6;45740.16059;46890.91789;10888;32524;11;112;1.12;41;0.86091325;M;0;349;0;SM;0;0;0;0;0;0;0;SM;2.940184414;2.940184414;0
28;14;1;0;0;23.4;8.5;974;2;0.37;5.6;45740.16059;46890.91789;10888;32524;11;105;1.05;43;0.688342361;F;0;297;0;SM;0;0;0;0;0;0;0;ID;2.502105361;2.502105361;0
28;15;1;0;0;23.4;8.5;974;2;0.37;5.6;45740.16059;46890.91789;10888;32524;11;69;0.69;38;0.683714081;M;0;85;0;SM;0;0;0;0;0;0;0;ID;0.71609076;0.71609076;2.337661906
28;16;1;0;0;23.4;8.5;974;2;0.37;5.6;45740.16059;46890.91789;10888;32524;11;82;0.82;44;0.497808872;F;0;5;0;ID;0;0;0;0;0;0;0;ID;0.042122986;0.042122986;0
28;17;1;0;0;23.4;8.5;974;2;0.37;5.6;45740.16059;46890.91789;10888;32524;11;63;0.63;36;0.747890143;F;0;8;0;ID;0;0;0;0;0;0;0;ID;0.067396777;0.067396777;0
28;18;1;0;0;23.4;8.5;974;2;0.37;5.6;45740.16059;46890.91789;10888;32524;11;50;0.5;35;0.652159429;M;0;10;0;ID;0;0;0;0;0;0;0;ID;0.084245972;0.084245972;0
28;19;3;1.039720771;0.625;23.4;8.5;974;2;0.37;5.6;45740.16059;46890.91789;10888;32524;11;85;0.85;44;0.516021392;M;0;2;0;ID;1;0;0;0;0;1;0;ID;2.354511101;0.016849194;0
28;20;1;0;0;23.4;8.5;974;2;0.37;5.6;45740.16059;46890.91789;10888;32524;11;56;0.56;43;0.367115926;M;0;1;0;ID;0;0;0;0;0;0;0;ID;0.008424597;0.008424597;0
29;1;0;0;1;17.9;7.7;762;2;0.1;8.1;73590.70441;39137.99383;14625;8411;3;110;1.1;42;0.780116502;F;0;0;0;SM;0;0;0;0;0;0;0;SM;0;0;0
29;2;1;0;0;17.9;7.7;762;2;0.1;8.1;73590.70441;39137.99383;14625;8411;3;123;1.23;44;0.746713309;F;0;2;0;SM;0;0;0;0;0;0;0;SM;0.016849194;0.016849194;0
29;4;1;0;0;17.9;7.7;762;2;0.1;8.1;73590.70441;39137.99383;14625;8411;3;67;0.67;34;0.962787337;F;1;0;0;KM;0;0;0;0;0;0;0;KM;0.303030199;0.303030199;9.99999923
29;5;2;0.636514168;0.444444444;17.9;7.7;762;2;0.1;8.1;73590.70441;39137.99383;14625;8411;3;106;1.06;41;0.814792897;M;2;4;0;SM;0;0;0;0;0;0;0;SM;0.639758786;0.639758786;0
29;6;1;0;0;17.9;7.7;762;2;0.1;8.1;73590.70441;39137.99383;14625;8411;3;55;0.55;33;0.873265108;M;1;0;0;SM;0;0;0;0;0;0;0;SM;0.303030199;0.303030199;0.909090689
29;7;1;0;0;17.9;7.7;762;2;0.1;8.1;73590.70441;39137.99383;14625;8411;3;175;1.75;48;0.794329461;F;0;5;0;SM;0;0;0;0;0;0;0;SM;0.042122986;0.042122986;3.246752595
29;8;2;0.271189373;0.142011834;17.9;7.7;762;2;0.1;8.1;73590.70441;39137.99383;14625;8411;3;94;0.94;40;0.784706896;F;0;12;0;KM;0;0;0;0;1;0;0;KM;10.1010944;0.101095166;5.454544132
29;10;1;0;0;17.9;7.7;762;2;0.1;8.1;73590.70441;39137.99383;14625;8411;3;54;0.54;32;0.950251145;F;0;4;0;KM;0;0;0;0;0;0;0;KM;0.033698389;0.033698389;0
30;1;2;0.325082973;0.18;22.5;7.8;734;5.6;0.44;2.5;45131.07839;29684.13812;6985;7893;8;114;1.14;42;0.808484375;M;0;9;0;SM;0;0;0;0;0;1;0;SM;0.984912063;0.075821375;0
30;2;4;0.278445137;0.109795918;22.5;7.8;734;5.6;0.44;2.5;45131.07839;29684.13812;6985;7893;8;89;0.89;40;0.742967168;M;1;66;0;SM;1;0;0;0;0;2;0;SM;4.105806207;0.859053612;0
30;3;3;0.178797334;0.074326772;22.5;7.8;734;5.6;0.44;2.5;45131.07839;29684.13812;6985;7893;8;96;0.96;41;0.737925643;F;1;175;0;SM;0;0;0;0;0;6;0;SM;7.231878836;1.777334704;0
30;4;0;0;1;22.5;7.8;734;5.6;0.44;2.5;45131.07839;29684.13812;6985;7893;8;202;2.02;49;0.85583032;M;0;0;0;SM;0;0;0;0;0;0;0;SM;0;0;0
30;5;1;0;0;22.5;7.8;734;5.6;0.44;2.5;45131.07839;29684.13812;6985;7893;8;100;1;41;0.768672545;M;0;12;0;SM;0;0;0;0;0;0;0;SM;0.101095166;0.101095166;0
30;6;2;0.036616729;0.011904335;22.5;7.8;734;5.6;0.44;2.5;45131.07839;29684.13812;6985;7893;8;106;1.06;43;0.694898003;F;1;166;0;ID;0;0;0;0;0;0;0;ID;1.70151333;1.70151333;0
30;7;0;0;1;22.5;7.8;734;5.6;0.44;2.5;45131.07839;29684.13812;6985;7893;8;95;0.95;40;0.793054842;F;0;0;0;ID;0;0;0;0;0;0;0;ID;0;0;0
30;10;2;0.304636097;0.165289256;22.5;7.8;734;5.6;0.44;2.5;45131.07839;29684.13812;6985;7893;8;141;1.41;43;0.924345456;M;2;20;0;ID;0;0;0;0;0;0;0;ID;0.774552341;0.774552341;0
31;1;1;0;0;20.2;7.7;671;2;0.26;4.2;43713.21298;2368.890831;1004;23430;6;93;0.93;41;0.714865466;F;0;120;0;ID;0;0;0;0;0;0;0;ID;1.010951661;1.010951661;0.909090689
31;2;1;0;0;20.2;7.7;671;2;0.26;4.2;43713.21298;2368.890831;1004;23430;6;123;1.23;43;0.806343909;M;0;1;0;SM;0;0;0;0;0;0;0;SM;0.008424597;0.008424597;5.000001073
31;3;2;0.500402424;0.32;20.2;7.7;671;2;0.26;4.2;43713.21298;2368.890831;1004;23430;6;107;1.07;42;0.758840597;M;0;4;1;KM;0;0;0;0;0;0;0;KM;2.533698946;2.533698946;0
31;4;2;0.636514168;0.444444444;20.2;7.7;671;2;0.26;4.2;43713.21298;2368.890831;1004;23430;6;123;1.23;44;0.746713309;M;0;2;1;SM;0;0;0;0;0;0;0;SM;2.516849751;2.516849751;0
31;5;2;0.033158392;0.010581711;20.2;7.7;671;2;0.26;4.2;43713.21298;2368.890831;1004;23430;6;96;0.96;41;0.737925643;F;0;187;0;KM;0;0;0;0;0;1;0;KM;2.48449036;1.575399672;0
31;6;2;0.693147181;0.5;20.2;7.7;671;2;0.26;4.2;43713.21298;2368.890831;1004;23430;6;171;1.71;48;0.776173359;F;0;1;0;SM;0;0;1;0;0;0;0;SM;5.00842567;0.008424597;0
31;8;1;0;0;20.2;7.7;671;2;0.26;4.2;43713.21298;2368.890831;1004;23430;6;123;1.23;41;0.94546723;M;0;19;0;ID;0;0;0;0;0;0;0;ID;0.160067346;0.160067346;0
31;9;2;0.214559155;0.104938272;20.2;7.7;671;2;0.26;4.2;43713.21298;2368.890831;1004;23430;6;87;0.87;36;1.032800674;M;0;17;1;SM;0;0;0;0;0;0;0;SM;2.643218709;2.643218709;0
32;1;1;0;0;17.9;8;687;1;0.16;8.5;55885.32365;18797.65393;4133;7968;2;172;1.72;49;0.728726807;M;0;50;0;KM;0;0;0;0;0;0;0;KM;0.421229859;0.421229859;2.857142436
32;2;1;0;0;17.9;8;687;1;0.16;8.5;55885.32365;18797.65393;4133;7968;2;57;0.57;34;0.819087734;F;0;32;0;KM;0;0;0;0;0;0;0;KM;0.26958711;0.26958711;0
32;4;2;0.450561209;0.277777778;17.9;8;687;1;0.16;8.5;55885.32365;18797.65393;4133;7968;2;53;0.53;33;0.841510013;F;1;5;0;SM;0;0;0;0;0;0;0;SM;0.345153184;0.345153184;0
32;6;1;0;0;17.9;8;687;1;0.16;8.5;55885.32365;18797.65393;4133;7968;2;90;0.9;40;0.751315114;F;0;3;0;SM;0;0;0;0;0;0;0;SM;0.025273792;0.025273792;0
32;8;2;0.392674467;0.231111111;17.9;8;687;1;0.16;8.5;55885.32365;18797.65393;4133;7968;2;46;0.46;31;0.90008132;F;0;13;0;SM;2;0;0;0;0;0;0;SM;2.966662199;0.109519763;0
32;9;2;0.562335145;0.375;17.9;8;687;1;0.16;8.5;55885.32365;18797.65393;4133;7968;2;37;0.37;29;0.90473179;F;2;6;0;SM;0;0;0;0;0;0;0;SM;0.65660798;0.65660798;1.428571218
32;10;2;0.153032981;0.068290391;17.9;8;687;1;0.16;8.5;55885.32365;18797.65393;4133;7968;2;37;0.37;28;1.017303464;F;4;109;0;ID;0;0;0;0;0;0;0;ID;2.130401886;2.130401886;0
32;11;1;0;0;17.9;8;687;1;0.16;8.5;55885.32365;18797.65393;4133;7968;2;72;0.72;47;0.350631973;F;0;15;0;ID;0;0;0;0;0;0;0;ID;0.126368958;0.126368958;0
32;12;2;0.129740695;0.055510204;17.9;8;687;1;0.16;8.5;55885.32365;18797.65393;4133;7968;2;114;1.14;48;0.517448906;F;1;34;0;ID;0;0;0;0;0;0;0;ID;0.589466502;0.589466502;0
32;13;3;0.394397691;0.185;17.9;8;687;1;0.16;8.5;55885.32365;18797.65393;4133;7968;2;70;0.7;42;0.496437774;F;1;18;0;ID;1;0;0;0;0;0;0;ID;1.883244165;0.454672948;0
32;14;2;0.214559155;0.104938272;17.9;8;687;1;0.16;8.5;55885.32365;18797.65393;4133;7968;2;107;1.07;48;0.485675728;F;1;17;0;ID;0;0;0;0;0;0;0;ID;0.44624835;0.44624835;0
32;15;1;0;0;17.9;8;687;1;0.16;8.5;55885.32365;18797.65393;4133;7968;2;47;0.47;39;0.426995318;F;0;26;0;ID;0;0;0;0;0;0;0;ID;0.219039527;0.219039527;0
32;16;2;0.134222964;0.057919358;17.9;8;687;1;0.16;8.5;55885.32365;18797.65393;4133;7968;2;39;0.39;37;0.422469805;F;2;65;0;ID;0;0;0;0;0;0;0;ID;1.153659213;1.153659213;0
32;17;1;0;0;17.9;8;687;1;0.16;8.5;55885.32365;18797.65393;4133;7968;2;53;0.53;39;0.481505359;M;0;11;0;ID;0;0;0;0;0;0;0;ID;0.092670569;0.092670569;0
32;18;2;0.348832096;0.197530864;17.9;8;687;1;0.16;8.5;55885.32365;18797.65393;4133;7968;2;16;0.16;28;0.439915012;M;2;16;0;ID;0;0;0;0;0;0;0;ID;0.740853952;0.740853952;0
32;19;2;0.398307114;0.23553719;17.9;8;687;1;0.16;8.5;55885.32365;18797.65393;4133;7968;2;146;1.46;50;0.578185832;F;3;19;0;ID;0;0;0;0;0;0;0;ID;1.069157942;1.069157942;0
33;1;1;0;0;20.4;8;580;2.1;0.19;6.6;63398.00232;26850.4624;12656;5316;3;143;1.43;45;0.805319604;F;0;7;0;SM;0;0;0;0;0;0;0;SM;0.05897218;0.05897218;0.909090689
33;2;1;0;0;20.4;8;580;2.1;0.19;6.6;63398.00232;26850.4624;12656;5316;3;60;0.6;35;0.782591315;M;0;14;0;SM;0;0;0;0;0;0;0;SM;0.11794436;0.11794436;0
33;3;0;0;1;20.4;8;580;2.1;0.19;6.6;63398.00232;26850.4624;12656;5316;3;146;1.46;44;0.886342627;M;0;0;0;SM;0;0;0;0;0;0;0;SM;0;0;0
33;4;0;0;1;20.4;8;580;2.1;0.19;6.6;63398.00232;26850.4624;12656;5316;3;120;1.2;43;0.786676984;M;0;0;0;SM;0;0;0;0;0;0;0;SM;0;0;0
33;5;2;0.636514168;0.444444444;20.4;8;580;2.1;0.19;6.6;63398.00232;26850.4624;12656;5316;3;30;0.3;28;0.824840647;M;0;2;0;SM;0;0;0;0;0;1;0;SM;0.925939883;0.016849194;0
33;6;0;0;1;20.4;8;580;2.1;0.19;6.6;63398.00232;26850.4624;12656;5316;3;23;0.23;26;0.810093433;M;0;0;0;SM;0;0;0;0;0;0;0;SM;0;0;0
33;7;0;0;1;20.4;8;580;2.1;0.19;6.6;63398.00232;26850.4624;12656;5316;3;97;0.97;39;0.881245657;M;0;0;0;SM;0;0;0;0;0;0;0;SM;0;0;0
33;8;1;0;0;20.4;8;580;2.1;0.19;6.6;63398.00232;26850.4624;12656;5316;3;103;1.03;40;0.859838408;F;0;1;0;SM;0;0;0;0;0;0;0;SM;0.008424597;0.008424597;0
33;9;0;0;1;20.4;8;580;2.1;0.19;6.6;63398.00232;26850.4624;12656;5316;3;114;1.14;43;0.747343135;F;0;0;0;SM;0;0;0;0;0;0;0;SM;0;0;0
33;10;0;0;1;20.4;8;580;2.1;0.19;6.6;63398.00232;26850.4624;12656;5316;3;42;0.42;30;0.916987772;F;0;0;0;SM;0;0;0;0;0;0;0;SM;0;0;0
33;11;0;0;1;20.4;8;580;2.1;0.19;6.6;63398.00232;26850.4624;12656;5316;3;83;0.83;35;1.082584652;F;0;0;0;PH;0;0;0;0;0;0;0;PH;0;0;0
33;12;0;0;1;20.4;8;580;2.1;0.19;6.6;63398.00232;26850.4624;12656;5316;3;74;0.74;34;1.063377058;F;0;0;0;ID;0;0;0;0;0;0;0;ID;0;0;0
33;13;1;0;0;20.4;8;580;2.1;0.19;6.6;63398.00232;26850.4624;12656;5316;3;128;1.28;35;1.669528138;F;0;7;0;ID;0;0;0;0;0;0;0;PH;0.05897218;0.05897218;0
33;14;0;0;1;20.4;8;580;2.1;0.19;6.6;63398.00232;26850.4624;12656;5316;3;54;0.54;42;0.382966283;F;0;0;0;ID;0;0;0;0;0;0;0;ID;0;0;0
33;15;NA;NA;NA;20.4;8;580;2.1;0.19;6.6;63398.00232;26850.4624;12656;5316;3;69;0.69;NA;NA;F;0;5;0;ID;0;1;0;0;0;0;0;ID;;;0
33;16;0;0;1;20.4;8;580;2.1;0.19;6.6;63398.00232;26850.4624;12656;5316;3;50;0.5;43;0.327782077;F;0;0;0;ID;0;0;0;0;0;0;0;ID;0;0;0
33;17;1;0;0;20.4;8;580;2.1;0.19;6.6;63398.00232;26850.4624;12656;5316;3;61;0.61;42;0.43261006;F;0;2;0;ID;0;0;0;0;0;0;0;ID;0.016849194;0.016849194;2.727272066
33;18;0;0;1;20.4;8;580;2.1;0.19;6.6;63398.00232;26850.4624;12656;5316;3;21;0.21;35;0.27390696;M;0;0;0;ID;0;0;0;0;0;0;0;ID;0;0;0
33;19;1;0;0;20.4;8;580;2.1;0.19;6.6;63398.00232;26850.4624;12656;5316;3;36;0.36;NA;NA;M;0;1;0;ID;0;0;0;0;0;0;0;ID;;;0
33;20;1;0;0;20.4;8;580;2.1;0.19;6.6;63398.00232;26850.4624;12656;5316;3;14;0.14;28;0.384925635;M;0;5;0;ID;0;0;0;0;0;0;0;ID;0.016849194;0.042122986;0
33;20;NA;NA;NA;20.4;8;580;2.1;0.19;6.6;63398.00232;26850.4624;12656;5316;3;50;0.5;42;0.35459841;M;0;2;0;ID;0;0;0;0;0;0;0;ID;0.042122986;0.016849194;0
34;1;1;0;0;19.5;8.1;734;3.6;0.16;7.7;65158.97932;30465.36231;5950;17084;1;123;1.23;44;0.746713309;F;0;2;0;SM;0;0;0;0;0;0;0;SM;0.016849194;0.016849194;0
34;2;1;0;0;19.5;8.1;734;3.6;0.16;7.7;65158.97932;30465.36231;5950;17084;1;113;1.13;44;0.68600491;M;0;0;0;SM;0;0;0;0;0;3;0;SM;2.727272066;0;0
34;3;1;0;0;19.5;8.1;734;3.6;0.16;7.7;65158.97932;30465.36231;5950;17084;1;104;1.04;43;0.681786719;M;0;1;0;SM;0;0;0;0;0;0;0;SM;0.008424597;0.008424597;0
34;4;2;0.184907399;0.08677686;19.5;8.1;734;3.6;0.16;7.7;65158.97932;30465.36231;5950;17084;1;105;1.05;42;0.744656661;F;0;21;1;SM;0;0;0;0;0;0;0;SM;2.676917098;2.676917098;0
34;5;1;0;0;19.5;8.1;734;3.6;0.16;7.7;65158.97932;30465.36231;5950;17084;1;100;1;42;0.70919682;F;0;1;0;SM;0;0;0;0;0;0;0;SM;0.008424597;0.008424597;0
34;6;2;0.126930545;0.054012346;19.5;8.1;734;3.6;0.16;7.7;65158.97932;30465.36231;5950;17084;1;40;0.4;32;0.703889737;F;1;35;0;SM;0;0;0;0;0;0;0;SM;0.5978911;0.5978911;0
34;7;2;0.562335145;0.375;19.5;8.1;734;3.6;0.16;7.7;65158.97932;30465.36231;5950;17084;1;80;0.8;39;0.726800542;F;0;3;1;SM;0;0;0;0;0;0;0;SM;2.525274348;2.525274348;0
34;8;1;0;0;19.5;8.1;734;3.6;0.16;7.7;65158.97932;30465.36231;5950;17084;1;129;1.29;45;0.726477125;F;0;1;0;SM;0;0;0;0;0;0;0;SM;0.008424597;0.008424597;0
34;9;2;0.407694112;0.242969028;19.5;8.1;734;3.6;0.16;7.7;65158.97932;30465.36231;5950;17084;1;55;0.55;34;0.790347814;F;15;91;0;SM;0;0;0;0;0;0;0;SM;5.312091321;5.312091321;0
34;10;2;0.271189373;0.142011834;19.5;8.1;734;3.6;0.16;7.7;65158.97932;30465.36231;5950;17084;1;55;0.55;35;0.717375372;F;1;12;0;SM;0;0;0;0;0;0;0;SM;0.404125365;0.404125365;0
34;11;2;0.500402424;0.32;19.5;8.1;734;3.6;0.16;7.7;65158.97932;30465.36231;5950;17084;1;62;0.62;35;0.808677692;M;3;12;0;PH;0;0;0;0;0;0;0;PH;1.010185762;1.010185762;1.428571218
34;12;1;0;0;19.5;8.1;734;3.6;0.16;7.7;65158.97932;30465.36231;5950;17084;1;80;0.8;40;0.667835657;F;0;98;0;ID;0;0;0;0;0;0;0;ID;0.825610523;0.825610523;3.3333335
34;13;NA;NA;NA;19.5;8.1;734;3.6;0.16;7.7;65158.97932;30465.36231;5950;17084;1;103;1.03;NA;NA;M;0;0;0;ID;0;0;0;0;0;0;0;PH;;;
34;14;1;0;0;19.5;8.1;734;3.6;0.16;7.7;65158.97932;30465.36231;5950;17084;1;100;1;41;0.768672545;F;0;4;0;ID;0;0;0;0;0;0;0;PH;0.033698389;0.033698389;0
34;15;1;0;0;19.5;8.1;734;3.6;0.16;7.7;65158.97932;30465.36231;5950;17084;1;30;0.3;34;0.431098807;F;0;29;0;ID;0;0;0;0;0;0;0;SM;0.244313318;0.244313318;0
34;16;2;0.693147181;0.5;19.5;8.1;734;3.6;0.16;7.7;65158.97932;30465.36231;5950;17084;1;29;0.29;36;0.344266891;F;1;1;0;ID;0;0;0;0;0;0;0;SM;0.311454796;0.311454796;0
34;17;1;0;0;19.5;8.1;734;3.6;0.16;7.7;65158.97932;30465.36231;5950;17084;1;42;0.42;41;0.322842469;F;0;5;0;ID;0;0;0;0;0;0;0;SM;0.042122986;0.042122986;0
34;18;3;0.566085739;0.291666667;19.5;8.1;734;3.6;0.16;7.7;65158.97932;30465.36231;5950;17084;1;58;0.58;41;0.445830076;F;1;10;0;ID;1;0;0;0;0;0;0;SM;1.815847388;0.38727617;0
34;19;2;0.116906849;0.04875;19.5;8.1;734;3.6;0.16;7.7;65158.97932;30465.36231;5950;17084;1;26;0.26;34;0.373618966;M;0;39;0;ID;0;1;0;0;0;0;0;SM;3.66189279;0.32855929;0
34;20;2;0.124250837;0.052593134;19.5;8.1;734;3.6;0.16;7.7;65158.97932;30465.36231;5950;17084;1;29;0.29;34;0.416728847;F;2;72;0;ID;0;0;0;0;0;0;0;SM;1.212631394;1.212631394;0
35;2;2;0.104732439;0.042533081;17;8.1;791;2;0.22;8.5;59901.22779;62281.61413;27722;9918;6;72;0.72;37;0.779944255;F;1;45;0;KM;0;0;0;0;0;0;0;KM;0.682137071;0.682137071;0
35;3;1;0;0;17;8.1;791;2;0.22;8.5;59901.22779;62281.61413;27722;9918;6;97;0.97;41;0.745612368;M;0;15;0;KM;0;0;0;0;0;0;0;KM;0.126368958;0.126368958;0
35;4;1;0;0;17;8.1;791;2;0.22;8.5;59901.22779;62281.61413;27722;9918;6;123;1.23;43;0.806343909;F;0;37;0;KM;0;0;0;0;0;0;0;KM;0.311710095;0.311710095;1.428571218
35;5;2;0.169658227;0.07779401;17;8.1;791;2;0.22;8.5;59901.22779;62281.61413;27722;9918;6;130;1.3;44;0.789209188;M;3;71;0;ID;0;0;0;0;0;0;0;ID;1.507236995;1.507236995;1.428571218
35;6;2;0.031634274;0.010008087;17;8.1;791;2;0.22;8.5;59901.22779;62281.61413;27722;9918;6;60;0.6;34;0.862197615;M;6;1187;0;KM;0;0;0;0;0;0;0;KM;11.81817804;11.81817804;3.3333335
35;8;1;0;0;17;8.1;791;2;0.22;8.5;59901.22779;62281.61413;27722;9918;6;36;0.36;28;0.989808776;F;0;8;0;KM;0;0;0;0;0;0;0;KM;0.067396777;0.067396777;0
35;9;1;0;0;17;8.1;791;2;0.22;8.5;59901.22779;62281.61413;27722;9918;6;77;0.77;38;0.762985279;F;0;71;0;KM;0;0;0;0;0;0;0;KM;0.598146399;0.598146399;0
36;1;2;0.124250837;0.052593134;18.3;8.2;879;3.1;0.4;6.5;63856.37472;66416.40839;30226;11143;3;40;0.4;31;0.782679408;M;1;36;0;SM;0;0;0;0;0;0;0;SM;0.606315697;0.606315697;0
36;2;2;0.233791659;0.1171875;18.3;8.2;879;3.1;0.4;6.5;63856.37472;66416.40839;30226;11143;3;110;1.1;43;0.721120569;M;0;15;0;SM;1;0;0;0;0;0;0;SM;1.554940175;0.126368958;0
36;3;3;0.07560162;0.025293715;18.3;8.2;879;3.1;0.4;6.5;63856.37472;66416.40839;30226;11143;3;63;0.63;34;0.905307496;M;3;309;0;SM;1;0;0;0;0;0;0;SM;4.940862341;3.512291123;0
36;5;3;0.119800856;0.042769376;18.3;8.2;879;3.1;0.4;6.5;63856.37472;66416.40839;30226;11143;3;84;0.84;39;0.763140569;F;1;90;0;SM;0;1;0;0;0;0;0;SM;4.394577444;1.061243944;0
36;6;2;0.040498826;0.013422206;18.3;8.2;879;3.1;0.4;6.5;63856.37472;66416.40839;30226;11143;3;38;0.38;31;0.743545438;M;1;147;0;SM;0;0;0;0;0;0;0;SM;1.541445983;1.541445983;0
36;7;2;0.025729776;0.007843016;18.3;8.2;879;3.1;0.4;6.5;63856.37472;66416.40839;30226;11143;3;40;0.4;32;0.703889737;M;0;253;1;KM;0;0;0;0;0;0;0;KM;4.631423642;4.631423642;0
36;8;2;0.026077833;0.007968;18.3;8.2;879;3.1;0.4;6.5;63856.37472;66416.40839;30226;11143;3;47;0.47;34;0.675388132;M;0;249;1;KM;0;0;0;0;0;0;0;KM;4.597725254;4.597725254;0
36;9;1;0;0;18.3;8.2;879;3.1;0.4;6.5;63856.37472;66416.40839;30226;11143;3;42;0.42;32;0.739084224;F;0;351;0;KM;0;0;0;0;0;0;0;KM;2.957033609;2.957033609;0
36;10;2;0.051396505;0.017855694;18.3;8.2;879;3.1;0.4;6.5;63856.37472;66416.40839;30226;11143;3;30;0.3;29;0.733566316;M;1;110;0;SM;0;0;0;0;0;0;0;SM;1.229735888;1.229735888;0
36;11;0;0;1;18.3;8.2;879;3.1;0.4;6.5;63856.37472;66416.40839;30226;11143;3;110;1.1;40;0.918274028;F;0;0;0;PH;0;0;0;0;0;0;0;PH;0;0;0
36;12;1;0;0;18.3;8.2;879;3.1;0.4;6.5;63856.37472;66416.40839;30226;11143;3;63;0.63;35;0.82172088;M;6;0;0;PH;0;0;0;0;0;0;0;PH;1.818181191;1.818181191;10.0000273
36;13;1;0;0;18.3;8.2;879;3.1;0.4;6.5;63856.37472;66416.40839;30226;11143;3;57;0.57;32;1.003042876;M;0;81;0;ID;0;0;0;0;0;0;0;ID;0.682392371;0.682392371;0
36;15;2;0.194908687;0.092801904;18.3;8.2;879;3.1;0.4;6.5;63856.37472;66416.40839;30226;11143;3;24;0.24;27;0.745149029;F;4;78;0;SM;0;0;0;0;0;0;0;SM;1.869239374;1.869239374;1.818181377
36;16;2;0.124250837;0.052593134;18.3;8.2;879;3.1;0.4;6.5;63856.37472;66416.40839;30226;11143;3;18;0.18;32;0.316750382;M;4;144;0;SM;0;0;0;0;0;0;0;SM;2.425262787;2.425262787;2.727272066
36;17;2;0.232622807;0.116432818;18.3;8.2;879;3.1;0.4;6.5;63856.37472;66416.40839;30226;11143;3;15;0.15;28;0.412420323;M;9;136;0;SM;0;0;0;0;0;0;0;SM;3.873017002;3.873017002;0
36;19;2;0.02787987;0.008620528;18.3;8.2;879;3.1;0.4;6.5;63856.37472;66416.40839;30226;11143;3;21;0.21;30;0.458493886;M;2;460;0;ID;0;0;0;0;0;0;0;SM;4.481375098;4.481375098;1.818181377
36;20;3;0.361572635;0.165925926;18.3;8.2;879;3.1;0.4;6.5;63856.37472;66416.40839;30226;11143;3;38;0.38;33;0.603346802;M;2;41;0;ID;0;0;2;0;0;0;0;SM;10.95149618;0.951468881;0.909090689
36;21;1;0;0;18.3;8.2;879;3.1;0.4;6.5;63856.37472;66416.40839;30226;11143;3;14;0.14;30;0.305662591;F;0;25;0;ID;0;0;0;0;0;0;0;ID;0.210614929;0.210614929;0
38;1;3;0.660578888;0.354570637;18;8;725;2;0.22;6;53189.11542;16286.39435;356;2869;7;45;0.45;33;0.714489634;F;0;15;2;SM;0;0;0;0;0;2;0;SM;6.944551449;5.126370071;3.636362755
38;2;2;0.171411444;0.078814036;18;8;725;2;0.22;6;53189.11542;16286.39435;356;2869;7;65;0.65;38;0.644078482;F;0;70;0;SM;0;0;0;0;0;3;0;SM;3.316993868;0.589721802;0
38;3;3;0.311047804;0.137520661;18;8;725;2;0.22;6;53189.11542;16286.39435;356;2869;7;42;0.42;31;0.821813379;F;2;51;2;ID;0;0;0;0;0;0;0;ID;6.035715967;6.035715967;0
38;4;2;0.529706199;0.345679012;18;8;725;2;0.22;6;53189.11542;16286.39435;356;2869;7;70;0.7;37;0.758279137;F;0;7;0;SM;0;0;0;0;0;2;0;SM;1.877153558;0.05897218;0.909090689
38;5;3;0.261160086;0.112264514;18;8;725;2;0.22;6;53189.11542;16286.39435;356;2869;7;47;0.47;31;0.919648305;F;0;48;2;SM;0;0;0;0;0;1;0;SM;6.313472467;5.404381778;0
38;6;1;0;0;18;8;725;2;0.22;6;53189.11542;16286.39435;356;2869;7;52;0.52;35;0.678245806;F;0;48;0;ID;0;0;0;0;0;0;0;ID;0.404380664;0.404380664;5.454544132
38;7;3;0.668017819;0.380952381;18;8;725;2;0.22;6;53189.11542;16286.39435;356;2869;7;62;0.62;36;0.736018871;F;0;16;1;SM;0;0;0;0;0;4;0;SM;6.271156866;2.634794112;1.818181377
38;8;1;0;0;18;8;725;2;0.22;6;53189.11542;16286.39435;356;2869;7;46;0.46;34;0.661018171;F;0;276;0;PH;0;0;0;0;0;0;0;PH;2.32518882;2.32518882;0.909090689
38;9;3;0.193404714;0.077511111;18;8;725;2;0.22;6;53189.11542;16286.39435;356;2869;7;53;0.53;35;0.691288995;F;2;72;1;ID;0;0;0;0;0;0;0;ID;3.712631951;3.712631951;0.909090689
38;10;2;0.04628812;0.01574704;18;8;725;2;0.22;6;53189.11542;16286.39435;356;2869;7;73;0.73;38;0.72334968;M;0;125;0;PH;0;0;0;0;0;1;0;PH;1.962165336;1.053074647;0.909090689
38;11;;NA;NA;18;8;725;2;0.22;6;53189.11542;16286.39435;356;2869;7;65;0.65;36;0.771632687;M;;37;0;SM;0;0;0;0;0;0;0;SM;;;
38;12;3;0.067031469;0.021466989;18;8;725;2;0.22;6;53189.11542;16286.39435;356;2869;7;27;0.27;32;0.475125573;F;3;457;0;SM;0;0;0;0;0;2;0;SM;6.577312882;0.311710095;0
38;13;3;0.956044381;0.581314879;18;8;725;2;0.22;6;53189.11542;16286.39435;356;2869;7;46;0.46;35;0.599986675;F;2;9;0;SM;0;0;0;0;0;6;0;SM;6.136425903;0.681881772;0
38;14;;NA;NA;18;8;725;2;0.22;6;53189.11542;16286.39435;356;2869;7;38;0.38;34;0.546058489;M;;50;0;SM;0;0;0;0;0;4;0;SM;;;
38;15;;NA;NA;18;8;725;2;0.22;6;53189.11542;16286.39435;356;2869;7;35;0.35;34;0.502948609;F;;156;0;SM;0;0;0;0;0;1;0;SM;;;
38;16;2;0.693147181;0.5;18;8;725;2;0.22;6;53189.11542;16286.39435;356;2869;7;37;0.37;35;0.482597977;M;0;2;0;ID;0;0;0;0;0;2;0;ID;1.835030572;0.016849194;0
38;17;2;0.055098576;0.019415609;18;8;725;2;0.22;6;53189.11542;16286.39435;356;2869;7;51;0.51;35;0.665202617;M;0;101;0;ID;0;0;0;0;0;1;0;ID;1.759975003;0.850884315;0
38;18;2;0.129740695;0.055510204;18;8;725;2;0.22;6;53189.11542;16286.39435;356;2869;7;66;0.66;39;0.599610447;F;0;34;0;ID;0;0;0;0;0;1;0;AD;1.195526993;0.286436304;0
38;19;2;0.096508961;0.038446751;18;8;725;2;0.22;6;53189.11542;16286.39435;356;2869;7;33;0.33;30;0.720490392;M;0;50;0;ID;0;0;0;0;0;1;0;AD;1.330320547;0.421229859;0
38;20;0;0;1;18;8;725;2;0.22;6;53189.11542;16286.39435;356;2869;7;40;0.4;35;0.521727543;F;0;0;0;ID;0;0;0;0;0;0;0;AD;0;0;0
39;1;1;0;0;19.3;8.1;945;7.8;2.1;1.6;63663.03924;23736.38943;10148;12700;3;30;0.3;28;0.824840647;M;0;4;0;SM;0;0;0;0;0;0;0;SM;0.033698389;0.033698389;0
39;2;1;0;0;19.3;8.1;945;7.8;2.1;1.6;63663.03924;23736.38943;10148;12700;3;56;0.56;35;0.73041856;F;0;8;0;SM;0;0;0;0;0;0;0;SM;0.067396777;0.067396777;0
39;3;2;0.124250837;0.052593134;19.3;8.1;945;7.8;2.1;1.6;63663.03924;23736.38943;10148;12700;3;47;0.47;32;0.827070441;M;2;72;0;SM;0;0;0;0;0;0;0;SM;1.212631394;1.212631394;0
39;4;1;0;0;19.3;8.1;945;7.8;2.1;1.6;63663.03924;23736.38943;10148;12700;3;43;0.43;31;0.841380364;F;0;3;0;SM;0;0;0;0;0;0;0;SM;0.025273792;0.025273792;0
39;5;3;0.38873439;0.184444444;19.3;8.1;945;7.8;2.1;1.6;63663.03924;23736.38943;10148;12700;3;47;0.47;31;0.919648305;F;1;27;2;SM;0;0;0;0;0;0;0;SM;5.530495436;5.530495436;0
39;6;1;0;0;19.3;8.1;945;7.8;2.1;1.6;63663.03924;23736.38943;10148;12700;3;67;0.67;35;0.873893635;M;0;112;0;PH;0;0;0;0;0;0;0;PH;0.943554884;0.943554884;0
39;7;2;0.253036975;0.129799892;19.3;8.1;945;7.8;2.1;1.6;63663.03924;23736.38943;10148;12700;3;85;0.85;39;0.772225576;M;3;40;0;PH;0;0;0;0;0;0;0;PH;1.246074483;1.246074483;0
39;8;2;0.154076104;0.068877551;19.3;8.1;945;7.8;2.1;1.6;63663.03924;23736.38943;10148;12700;3;54;0.54;32;0.950251145;M;2;54;0;PH;0;0;0;0;0;0;0;PH;1.060988644;1.060988644;0
39;9;2;0.175975125;0.081484835;19.3;8.1;945;7.8;2.1;1.6;63663.03924;23736.38943;10148;12700;3;64;0.64;34;0.919677456;F;2;45;0;ID;0;0;0;0;0;0;0;ID;0.98516727;0.98516727;0
39;10;2;0.178844913;0.083175803;19.3;8.1;945;7.8;2.1;1.6;63663.03924;23736.38943;10148;12700;3;47;0.47;30;1.026152982;F;1;22;0;ID;0;0;0;0;0;0;0;PH;0.488371336;0.488371336;0
39;11;1;0;0;19.3;8.1;945;7.8;2.1;1.6;63663.03924;23736.38943;10148;12700;3;42;0.42;36;0.498593429;F;0;23;0;ID;0;0;0;0;0;0;0;ID;0.193765735;0.193765735;0
39;12;3;0.246406499;0.10446281;19.3;8.1;945;7.8;2.1;1.6;63663.03924;23736.38943;10148;12700;3;59;0.59;35;0.769548126;M;2;52;1;ID;0;0;0;0;0;0;0;ID;3.544140007;3.544140007;0
39;13;1;0;0;19.3;8.1;945;7.8;2.1;1.6;63663.03924;23736.38943;10148;12700;3;25;0.25;31;0.48917463;M;0;13;0;ID;0;0;0;0;0;0;0;ID;0.109519763;0.109519763;0
39;14;2;0.636514168;0.444444444;19.3;8.1;945;7.8;2.1;1.6;63663.03924;23736.38943;10148;12700;3;41;0.41;38;0.406264889;F;2;1;0;ID;0;0;0;0;0;0;0;ID;0.614484994;0.614484994;0
39;15;1;0;0;19.3;8.1;945;7.8;2.1;1.6;63663.03924;23736.38943;10148;12700;3;29;0.29;28;0.797345959;F;0;6;0;ID;0;0;0;0;0;0;0;ID;0.050547583;0.050547583;0
39;16;2;0.376770161;0.21875;19.3;8.1;945;7.8;2.1;1.6;63663.03924;23736.38943;10148;12700;3;54;0.54;36;0.641048694;F;5;35;0;ID;0;0;0;0;0;0;0;ID;1.810011894;1.810011894;0
39;17;2;0.184907399;0.08677686;19.3;8.1;945;7.8;2.1;1.6;63663.03924;23736.38943;10148;12700;3;34;0.34;31;0.665277497;F;2;42;0;ID;0;0;0;0;0;0;0;ID;0.959893478;0.959893478;0
39;18;2;0.562335145;0.375;19.3;8.1;945;7.8;2.1;1.6;63663.03924;23736.38943;10148;12700;3;65;0.65;35;0.847807258;F;5;15;0;ID;0;0;0;0;0;0;0;ID;1.64151995;1.64151995;1.428571218
39;19;3;0.409458619;0.193905817;19.3;8.1;945;7.8;2.1;1.6;63663.03924;23736.38943;10148;12700;3;43;0.43;34;0.617908291;M;1;17;1;ID;0;0;0;0;0;0;0;ID;2.946248907;2.946248907;0
39;20;2;0.257318641;0.132653061;19.3;8.1;945;7.8;2.1;1.6;63663.03924;23736.38943;10148;12700;3;48;0.48;34;0.689758092;M;1;13;0;ID;0;0;0;0;0;0;0;ID;0.412549962;0.412549962;1.428571218
40;1;1;0;0;17.6;8;672;5.9;0.56;2.5;60384.20904;20784.66418;7186;15598;2;78;0.78;39;0.708630529;F;0;140;0;ID;0;0;0;0;0;0;0;PH;1.179443605;1.179443605;0
40;2;1;0;0;17.6;8;672;5.9;0.56;2.5;60384.20904;20784.66418;7186;15598;2;81;0.81;38;0.802620878;M;0;68;0;SM;0;0;0;0;0;0;0;SM;0.572872608;0.572872608;0
40;4;1;0;0;17.6;8;672;5.9;0.56;2.5;60384.20904;20784.66418;7186;15598;2;87;0.87;40;0.726271276;F;0;39;0;SM;0;0;0;0;0;0;0;SM;0.32855929;0.32855929;0
40;5;3;0.305706507;0.139231824;17.6;8;672;5.9;0.56;2.5;60384.20904;20784.66418;7186;15598;2;141;1.41;45;0.794056393;M;3;50;0;ID;1;0;0;0;0;0;0;PH;2.758891672;1.330320454;1.428571218
40;6;1;0;0;17.6;8;672;5.9;0.56;2.5;60384.20904;20784.66418;7186;15598;2;90;0.9;39;0.81765061;M;0;530;0;PH;0;0;0;0;0;0;0;PH;4.465036503;4.465036503;0
40;7;2;0.035210991;0.011363265;17.6;8;672;5.9;0.56;2.5;60384.20904;20784.66418;7186;15598;2;83;0.83;37;0.899102405;M;0;174;0;SM;1;0;0;0;0;0;0;SM;2.894451126;1.465879909;0
40;8;1;0;0;17.6;8;672;5.9;0.56;2.5;60384.20904;20784.66418;7186;15598;2;57;0.57;34;0.819087734;F;0;203;0;ID;0;0;0;0;0;0;0;ID;1.710193227;1.710193227;0
40;9;1;0;0;17.6;8;672;5.9;0.56;2.5;60384.20904;20784.66418;7186;15598;2;110;1.1;43;0.721120569;F;0;20;0;SM;0;0;0;0;0;0;0;SM;0.168491944;0.168491944;1.428571218
40;10;1;0;0;17.6;8;672;5.9;0.56;2.5;60384.20904;20784.66418;7186;15598;2;47;0.47;31;0.919648305;M;0;103;0;ID;0;0;0;0;0;0;0;ID;0.867733509;0.867733509;0
40;11;3;0.151289034;0.056710775;17.6;8;672;5.9;0.56;2.5;60384.20904;20784.66418;7186;15598;2;84;0.84;42;0.595725329;M;1;67;0;ID;1;0;0;0;0;0;0;ID;2.296049427;0.867478209;0
40;12;1;0;0;17.6;8;672;5.9;0.56;2.5;60384.20904;20784.66418;7186;15598;2;25;0.25;30;0.545826054;M;0;65;0;ID;0;0;0;0;0;0;0;ID;0.547598816;0.547598816;1.428571218
40;13;1;0;0;17.6;8;672;5.9;0.56;2.5;60384.20904;20784.66418;7186;15598;2;53;0.53;36;0.629177422;F;0;116;0;ID;0;0;0;0;0;0;0;ID;0.977253272;0.977253272;0
40;14;1;0;0;17.6;8;672;5.9;0.56;2.5;60384.20904;20784.66418;7186;15598;2;50;0.5;37;0.541627955;M;0;42;0;ID;0;0;0;0;0;0;0;ID;0.353833081;0.353833081;0
40;15;2;0.104732439;0.042533081;17.6;8;672;5.9;0.56;2.5;60384.20904;20784.66418;7186;15598;2;34;0.34;35;0.443468412;M;0;45;0;ID;1;0;0;0;0;0;0;ID;1.807678091;0.379106873;0
40;16;1;0;0;17.6;8;672;5.9;0.56;2.5;60384.20904;20784.66418;7186;15598;2;29;0.29;32;0.51032006;F;0;34;0;ID;0;0;0;0;0;0;0;ID;0.286436304;0.286436304;0.909090689
40;17;1;0;0;17.6;8;672;5.9;0.56;2.5;60384.20904;20784.66418;7186;15598;2;49;0.49;37;0.530795396;F;0;27;0;ID;0;0;0;0;0;0;0;ID;0.227464124;0.227464124;0
40;18;2;0.056465174;0.019997959;17.6;8;672;5.9;0.56;2.5;60384.20904;20784.66418;7186;15598;2;39;0.39;32;0.686292494;F;0;98;0;ID;1;0;0;0;0;0;0;ID;2.254181741;0.825610523;0
40;19;2;0.325082973;0.18;17.6;8;672;5.9;0.56;2.5;60384.20904;20784.66418;7186;15598;2;30;0.3;36;0.356138163;M;1;9;0;ID;0;0;0;0;0;0;0;ID;0.378851573;0.378851573;10.95238065
40;20;1;0;0;17.6;8;672;5.9;0.56;2.5;60384.20904;20784.66418;7186;15598;2;50;0.5;38;0.495444986;M;0;36;0;ID;0;0;0;0;0;0;0;ID;0.303285498;0.303285498;6.428572114
40;21;1;0;0;17.6;8;672;5.9;0.56;2.5;60384.20904;20784.66418;7186;15598;2;30;0.3;34;0.431098807;F;0;210;0;ID;0;0;0;0;0;0;0;ID;1.769165407;1.769165407;1.428571218
41;1;2;0.257318641;0.132653061;21.6;8.2;885;1;0.28;7;60481.18795;20943.65897;7280;13650;3;47;0.47;31;0.919648305;M;0;13;0;PH;0;0;0;0;0;1;0;PH;1.018610452;0.109519763;15.90909011
41;2;1;0;0;21.6;8.2;885;1;0.28;7;60481.18795;20943.65897;7280;13650;3;106;1.06;42;0.751748629;M;0;1;0;SM;0;0;0;0;0;0;0;SM;0.008424597;0.008424597;5.000000896
41;3;0;0;1;21.6;8.2;885;1;0.28;7;60481.18795;20943.65897;7280;13650;3;90;0.9;40;0.751315114;F;0;0;0;SM;0;0;0;0;0;0;0;SM;0;0;6.190475936
41;4;4;1.366158848;0.74;21.6;8.2;885;1;0.28;7;60481.18795;20943.65897;7280;13650;3;109;1.09;41;0.837853074;M;3;2;0;ID;3;2;0;0;0;0;0;PH;11.87832044;0.92593979;0
41;5;3;1.33217904;0.72;21.6;8.2;885;1;0.28;7;60481.18795;20943.65897;7280;13650;3;81;0.81;37;0.877437287;F;1;2;0;ID;1;0;0;0;0;0;1;PH;6.748451506;0.319879393;0
41;6;2;0.135793959;0.058769513;21.6;8.2;885;1;0.28;7;60481.18795;20943.65897;7280;13650;3;24;0.24;28;0.659872518;F;0;32;0;ID;1;0;0;0;0;0;0;PH;1.698158327;0.26958711;0
41;7;3;1.075139324;0.583333333;21.6;8.2;885;1;0.28;7;60481.18795;20943.65897;7280;13650;3;55;0.55;34;0.790347814;M;0;3;0;SM;7;0;0;0;0;1;1;SM;15.9343639;0.025273792;2.857142436
41;8;1;0.562335145;0.375;21.6;8.2;885;1;0.28;7;60481.18795;20943.65897;7280;13650;3;83;0.83;40;0.692879494;F;0;3;0;SM;0;0;0;0;0;0;1;SM;5.025274687;0.025273792;12.85714423
41;9;3;1.011404265;0.611111111;21.6;8.2;885;1;0.28;7;60481.18795;20943.65897;7280;13650;3;140;1.4;46;0.732589396;F;0;3;0;ID;2;1;0;0;0;0;0;PH;6.215749727;0.025273792;0
41;10;0;0;1;21.6;8.2;885;1;0.28;7;60481.18795;20943.65897;7280;13650;3;104;1.04;40;0.868186353;F;0;0;0;SM;0;0;0;0;0;0;0;SM;0;0;1.818181377
41;11;1;0;0;21.6;8.2;885;1;0.28;7;60481.18795;20943.65897;7280;13650;3;79;0.79;34;1.13522686;M;4;0;0;PH;0;0;0;0;0;0;0;PH;1.212120794;1.212120794;6.785714153
41;12;2;0.410116318;0.244897959;21.6;8.2;885;1;0.28;7;60481.18795;20943.65897;7280;13650;3;57;0.57;32;1.003042876;M;2;12;0;PH;0;0;0;0;0;0;0;PH;0.707155563;0.707155563;0
41;13;3;0.64256684;0.359309935;21.6;8.2;885;1;0.28;7;60481.18795;20943.65897;7280;13650;3;81;0.81;36;0.961573041;F;7;32;0;ID;2;0;0;0;0;0;0;PH;5.247940935;2.390798499;0
41;14;3;1.33217904;0.72;21.6;8.2;885;1;0.28;7;60481.18795;20943.65897;7280;13650;3;83;0.83;36;0.985315585;F;2;4;0;PH;2;0;0;0;0;0;2;PH;13.49690301;0.639758786;0
41;15;0;0;1;21.6;8.2;885;1;0.28;7;60481.18795;20943.65897;7280;13650;3;74;0.74;35;0.965195955;F;0;0;0;ID;0;0;0;0;0;0;0;ID;0;0;1.818181377
41;16;3;1.039720771;0.625;21.6;8.2;885;1;0.28;7;60481.18795;20943.65897;7280;13650;3;99;0.99;41;0.760985819;F;1;1;0;SM;0;0;0;0;0;2;0;SM;6.886809319;0.311454796;0
41;16;3;0.702918931;0.3984375;21.6;8.2;885;1;0.28;7;60481.18795;20943.65897;7280;13650;3;82;0.82;37;0.888269846;M;0;12;0;ID;3;0;0;1;0;0;0;PH;2.129636173;0.101095166;0
41;17;2;0.450561209;0.277777778;21.6;8.2;885;1;0.28;7;60481.18795;20943.65897;7280;13650;3;46;0.46;35;0.599986675;F;5;1;0;SM;0;0;0;0;0;0;0;SM;1.52357559;1.52357559;0
41;18;2;0.661563238;0.46875;21.6;8.2;885;1;0.28;7;60481.18795;20943.65897;7280;13650;3;45;0.45;33;0.714489634;M;5;3;0;SM;0;0;0;0;0;0;0;SM;1.540424784;1.540424784;0
41;20;2;0.693147181;0.5;21.6;8.2;885;1;0.28;7;60481.18795;20943.65897;7280;13650;3;26;0.26;29;0.635757474;F;3;3;0;ID;0;0;0;0;0;0;0;ID;0.934364387;0.934364387;0
42;1;3;1.054920168;0.64;18.8;8;776;2.1;0.56;8.5;64836.74081;25423.6562;11806;9393;4;42;0.42;30;0.916987772;M;0;2;1;SM;0;0;0;0;0;2;0;SM;4.335031129;2.516849751;0
42;2;1;0;0;18.8;8;776;2.1;0.56;8.5;64836.74081;25423.6562;11806;9393;4;94;0.94;41;0.722552192;M;0;5;0;SM;0;0;0;0;0;0;0;SM;0.042122986;0.042122986;0
42;3;2;0.450561209;0.277777778;18.8;8;776;2.1;0.56;8.5;64836.74081;25423.6562;11806;9393;4;72;0.72;37;0.779944255;M;2;10;0;ID;0;0;0;0;0;0;0;ID;0.690306369;0.690306369;0
42;4;1;0;0;18.8;8;776;2.1;0.56;8.5;64836.74081;25423.6562;11806;9393;4;42;0.42;31;0.821813379;F;0;5;0;SM;0;0;0;0;0;0;0;SM;0.042122986;0.042122986;0
42;5;2;0.500402424;0.32;18.8;8;776;2.1;0.56;8.5;64836.74081;25423.6562;11806;9393;4;108;1.08;42;0.765932565;M;2;8;0;SM;0;0;0;0;0;0;0;SM;0.673457174;0.673457174;0
42;6;1;0;0;18.8;8;776;2.1;0.56;8.5;64836.74081;25423.6562;11806;9393;4;96;0.96;40;0.801402788;F;0;142;0;PH;0;0;0;0;0;0;0;PH;1.196292799;1.196292799;0
42;7;2;0.068120803;0.025100546;18.8;8;776;2.1;0.56;8.5;64836.74081;25423.6562;11806;9393;4;72;0.72;35;0.939109578;M;3;233;0;ID;0;0;0;0;0;0;0;ID;2.872021737;2.872021737;1.428571218
42;8;2;0.598269589;0.408163265;18.8;8;776;2.1;0.56;8.5;64836.74081;25423.6562;11806;9393;4;130;1.3;44;0.789209188;M;10;4;0;PH;0;0;0;0;0;0;0;PH;3.064000374;3.064000374;0
42;9;1;0;0;18.8;8;776;2.1;0.56;8.5;64836.74081;25423.6562;11806;9393;4;55;0.55;32;0.967848389;F;0;109;0;ID;0;0;0;0;0;0;0;ID;0.918281092;0.918281092;0
42;10;1;0;0;18.8;8;776;2.1;0.56;8.5;64836.74081;25423.6562;11806;9393;4;121;1.21;41;0.930093779;F;0;1;0;SM;0;0;0;0;0;0;0;SM;0.008424597;0.008424597;0
42;11;1;0;0;18.8;8;776;2.1;0.56;8.5;64836.74081;25423.6562;11806;9393;4;36;0.36;30;0.785989518;F;0;15;0;ID;0;0;0;0;0;0;0;ID;0.126368958;0.126368958;0
42;13;2;0.689943758;0.4968;18.8;8;776;2.1;0.56;8.5;64836.74081;25423.6562;11806;9393;4;43;0.43;33;0.682734539;M;23;27;0;ID;0;0;0;0;0;0;0;PH;7.197158689;7.197158689;0
42;14;3;0.394397691;0.185;18.8;8;776;2.1;0.56;8.5;64836.74081;25423.6562;11806;9393;4;77;0.77;38;0.762985279;M;1;18;0;ID;1;0;0;0;0;0;0;PH;1.883244165;0.454672948;0
42;15;2;0.140760122;0.061476442;18.8;8;776;2.1;0.56;8.5;64836.74081;25423.6562;11806;9393;4;19;0.19;27;0.589909648;M;2;61;0;ID;0;0;0;0;0;0;0;ID;1.119960825;1.119960825;
42;16;1;0;0;18.8;8;776;2.1;0.56;8.5;64836.74081;25423.6562;11806;9393;4;62;0.62;37;0.671618664;M;0;8;0;ID;0;0;0;0;0;0;0;ID;0.067396777;0.067396777;
42;17;2;0.206192051;0.099722992;18.8;8;776;2.1;0.56;8.5;64836.74081;25423.6562;11806;9393;4;48;0.48;35;0.626073052;F;1;18;0;ID;0;0;0;0;0;0;0;ID;0.454672948;0.454672948;
42;18;2;0.590842246;0.401234568;18.8;8;776;2.1;0.56;8.5;64836.74081;25423.6562;11806;9393;4;26;0.26;31;0.508741615;F;5;13;0;AD;0;0;0;0;0;0;0;AD;1.624670756;1.624670756;
42;19;1;0;0;18.8;8;776;2.1;0.56;8.5;64836.74081;25423.6562;11806;9393;4;42;0.42;31;0.821813379;F;0;30;0;AD;0;0;0;0;0;0;0;AD;0.252737915;0.252737915;
42;20;1;0;0;18.8;8;776;2.1;0.56;8.5;64836.74081;25423.6562;11806;9393;4;35;0.35;33;0.55571416;M;0;75;0;SM;0;0;0;0;0;0;0;SM;0.631844788;0.631844788;
