fish;site;Updist3;updist;netcen;updist2;nr_species;Temp;pH;Conductivity;Nitrogen;Phosphorus;Oxygen;PI;PI_ecto;PI_endo;confactor2;weight;length;length in cm;weight in g;confactor;Sex ;gyro;tricho;glugea;contra;cystsliver;proteo;acantho;cama;angui;cistsintestine
1;1;4472;67745.12507;65212.97453;17856;3;15.9;7.9;790;2;0.28;7.6;0.050547583;0.050547583;0;26.34125825;177;49;4.9;1.77;36.12;F;0;6;0;0;0;0;0;0;0;0
2;1;4472;67745.12507;65212.97453;17856;3;15.9;7.9;790;2;0.28;7.6;0.084245972;0.084245972;0;32.34125825;183;49;4.9;1.83;37.35;F;0;10;0;0;0;0;0;0;0;0
3;1;4472;67745.12507;65212.97453;17856;3;15.9;7.9;790;2;0.28;7.6;1.504392592;0.075821375;1.428571218;30.16089761;166;47;4.7;1.66;35.32;M;0;9;0;1;0;0;0;0;0;0
4;1;4472;67745.12507;65212.97453;17856;3;15.9;7.9;790;2;0.28;7.6;0.109519763;0.109519763;0;12.66249107;100;40;4;1;25;M;0;13;0;0;0;0;0;0;0;0
5;1;4472;67745.12507;65212.97453;17856;3;15.9;7.9;790;2;0.28;7.6;1.58280307;1.58280307;0;11.1711652;69;35;3.5;0.69;19.71;F;4;44;0;0;0;0;0;0;0;0
6;1;4472;67745.12507;65212.97453;17856;3;15.9;7.9;790;2;0.28;7.6;6.787418342;3.454084842;3.3333335;-7.981021112;61;37;3.7;0.61;16.49;M;0;410;0;0;1;0;0;0;0;0
7;1;4472;67745.12507;65212.97453;17856;3;15.9;7.9;790;2;0.28;7.6;12.7788428;12.7788428;0;1.44892939;36;30;3;0.36;12;F;5;150;4;0;0;0;0;0;0;0
8;1;4472;67745.12507;65212.97453;17856;3;15.9;7.9;790;2;0.28;7.6;4.582980863;4.582980863;0;-2.896531061;72;38;3.8;0.72;18.95;M;0;544;0;0;0;0;0;0;0;0
9;1;4472;67745.12507;65212.97453;17856;3;15.9;7.9;790;2;0.28;7.6;3.022387987;3.022387987;0;11.99573389;55;32;3.2;0.55;17.19;F;8;71;0;0;0;0;0;0;0;0
11;1;4472;67745.12507;65212.97453;17856;3;15.9;7.9;790;2;0.28;7.6;0;0;0;12.16089761;148;47;4.7;1.48;31.49;F;0;0;0;0;0;0;0;0;0;0
12;1;4472;67745.12507;65212.97453;17856;3;15.9;7.9;790;2;0.28;7.6;0.025273792;0.025273792;0;48.64479724;170;45;4.5;1.7;37.78;F;0;3;0;0;0;0;0;0;0;0
13;1;4472;67745.12507;65212.97453;17856;3;15.9;7.9;790;2;0.28;7.6;0.151642749;0.151642749;0;70.45286562;289;58;5.8;2.89;49.83;F;0;18;0;0;0;0;0;0;0;0
14;1;4472;67745.12507;65212.97453;17856;3;15.9;7.9;790;2;0.28;7.6;0.168491944;0.168491944;0;74.06399963;300;59;5.9;3;50.85;F;0;20;0;0;0;0;0;0;0;0
15;1;4472;67745.12507;65212.97453;17856;3;15.9;7.9;790;2;0.28;7.6;0.042122986;0.042122986;0;-34.33750893;53;40;4;0.53;13.25;M;0;5;0;0;0;0;0;0;0;0
16;1;4472;67745.12507;65212.97453;17856;3;15.9;7.9;790;2;0.28;7.6;0.185341138;0.185341138;0;-12.21384216;131;48;4.8;1.31;27.29;M;0;22;0;0;0;0;0;0;0;0
17;1;4472;67745.12507;65212.97453;17856;3;15.9;7.9;790;2;0.28;7.6;0;0;0;-4.547134383;214;58;5.8;2.14;36.9;M;0;0;0;0;0;0;0;0;0;0
18;1;4472;67745.12507;65212.97453;17856;3;15.9;7.9;790;2;0.28;7.6;0.008424597;0.008424597;0;-29.86443576;151;53;5.3;1.51;28.49;M;0;1;0;0;0;0;0;0;0;0
19;1;4472;67745.12507;65212.97453;17856;3;15.9;7.9;790;2;0.28;7.6;0;0;0;24.54414238;265;61;6.1;2.65;43.44;M;0;0;0;0;0;0;0;0;0;0
20;1;4472;67745.12507;65212.97453;17856;3;15.9;7.9;790;2;0.28;7.6;0.042122986;0.042122986;0;-20.86443576;160;53;5.3;1.6;30.19;F;0;5;0;0;0;0;0;0;0;0
1;2;19778;52437.11916;50877.1074;33186;7;18.2;7.8;788;1.5;0.88;5;0.025273792;0.025273792;0;1.682756158;109;43;4.3;1.09;25.35;M;0;3;0;0;0;0;0;0;0;0
2;2;19778;52437.11916;50877.1074;33186;7;18.2;7.8;788;1.5;0.88;5;1.495967995;0.067396777;1.428571218;7.662491068;95;40;4;0.95;23.75;F;0;8;0;1;0;0;0;0;0;0
3;2;19778;52437.11916;50877.1074;33186;7;18.2;7.8;788;1.5;0.88;5;3.636362755;0;3.636362755;3.018978888;72;37;3.7;0.72;19.46;M;0;0;0;0;0;0;0;0;4;0
4;2;19778;52437.11916;50877.1074;33186;7;18.2;7.8;788;1.5;0.88;5;0;0;0;-5.019952042;76;39;3.9;0.76;19.49;M;0;0;0;0;0;0;0;0;0;0
5;2;19778;52437.11916;50877.1074;33186;7;18.2;7.8;788;1.5;0.88;5;0.303030199;0.303030199;0;0.164573389;94;41;4.1;0.94;22.93;M;1;0;0;0;0;0;0;0;0;0
6;2;19778;52437.11916;50877.1074;33186;7;18.2;7.8;788;1.5;0.88;5;0.26958711;0.26958711;0;-5.317243842;102;43;4.3;1.02;23.72;F;0;32;0;0;0;0;0;0;0;0
7;2;19778;52437.11916;50877.1074;33186;7;18.2;7.8;788;1.5;0.88;5;0.294860901;0.294860901;0;3.712802683;67;36;3.6;0.67;18.61;M;0;35;0;0;0;0;0;0;0;0
8;2;19778;52437.11916;50877.1074;33186;7;18.2;7.8;788;1.5;0.88;5;0.336983887;0.336983887;0;11.38029132;64;34;3.4;0.64;18.82;M;0;40;0;0;0;0;0;0;0;0
9;2;19778;52437.11916;50877.1074;33186;7;18.2;7.8;788;1.5;0.88;5;0.050547583;0.050547583;0;14.10346894;89;38;3.8;0.89;23.42;M;0;6;0;0;0;0;0;0;0;0
11;2;19778;52437.11916;50877.1074;33186;7;18.2;7.8;788;1.5;0.88;5;10.000002;0;10.000002;12.16457339;106;41;4.1;1.06;25.85;M;0;0;0;0;0;0;4;0;0;0
12;2;19778;52437.11916;50877.1074;33186;7;18.2;7.8;788;1.5;0.88;5;0.025273792;0.025273792;0;-28.8288348;29;35;3.5;0.29;8.29;M;0;3;0;0;0;0;0;0;0;0
13;2;19778;52437.11916;50877.1074;33186;7;18.2;7.8;788;1.5;0.88;5;0;0;0;-37.49992995;63;42;4.2;0.63;15;M;0;0;0;0;0;0;0;0;0;0
14;2;19778;52437.11916;50877.1074;33186;7;18.2;7.8;788;1.5;0.88;5;0.311454796;0.311454796;0;-26.61970868;26;34;3.4;0.26;7.65;F;1;1;0;0;0;0;0;0;0;0
15;2;19778;52437.11916;50877.1074;33186;7;18.2;7.8;788;1.5;0.88;5;0.033698389;0.033698389;0;-26.00426611;17;32;3.2;0.17;5.31;F;0;4;0;0;0;0;0;0;0;0
16;2;19778;52437.11916;50877.1074;33186;7;18.2;7.8;788;1.5;0.88;5;0;0;0;-34.98102111;34;37;3.7;0.34;9.19;M;0;0;0;0;0;0;0;0;0;0
17;2;19778;52437.11916;50877.1074;33186;7;18.2;7.8;788;1.5;0.88;5;2.19703295;0.378851573;1.818181377;-12.49992995;88;42;4.2;0.88;20.95;M;1;9;0;0;0;0;0;0;2;0
18;2;19778;52437.11916;50877.1074;33186;7;18.2;7.8;788;1.5;0.88;5;0.732684654;0.732684654;0;-21.28719732;42;36;3.6;0.42;11.67;M;1;51;0;0;0;0;0;0;0;0
19;2;19778;52437.11916;50877.1074;33186;7;18.2;7.8;788;1.5;0.88;5;3.493337067;0.993336567;2.500000499;-3.019952042;78;39;3.9;0.78;20;M;3;10;0;0;0;0;1;0;0;0
20;2;19778;52437.11916;50877.1074;33186;7;18.2;7.8;788;1.5;0.88;5;0.362002379;0.362002379;0;-34.89653106;40;38;3.8;0.4;10.53;F;1;7;0;0;0;0;0;0;0;0
21;2;19778;52437.11916;50877.1074;33186;7;18.2;7.8;788;1.5;0.88;5;0;0;0;-24.01995204;57;39;3.9;0.57;14.62;M;0;0;0;0;0;0;0;0;0;0
1;3;15827;32574.44868;38651.53331;1783;5;20.1;7.5;475;3.6;0.29;6.2;0;0;0;21.64479724;143;45;4.5;1.43;31.78;M;0;0;0;0;0;0;0;0;0;0
2;3;15827;32574.44868;38651.53331;1783;5;20.1;7.5;475;3.6;0.29;6.2;0.050547583;0.050547583;0;23.16089761;159;47;4.7;1.59;33.83;M;0;6;0;0;0;0;0;0;0;0
3;3;15827;32574.44868;38651.53331;1783;5;20.1;7.5;475;3.6;0.29;6.2;0.008424597;0.008424597;0;14.16089761;150;47;4.7;1.5;31.91;F;0;1;0;0;0;0;0;0;0;0
4;3;15827;32574.44868;38651.53331;1783;5;20.1;7.5;475;3.6;0.29;6.2;0.042122986;0.042122986;0;28.16089761;164;47;4.7;1.64;34.89;F;0;5;0;0;0;0;0;0;0;0
5;3;15827;32574.44868;38651.53331;1783;5;20.1;7.5;475;3.6;0.29;6.2;0.033698389;0.033698389;0;21.72640685;136;44;4.4;1.36;30.91;M;0;4;0;0;0;0;0;0;0;0
11;3;15827;32574.44868;38651.53331;1783;5;20.1;7.5;475;3.6;0.29;6.2;0.033698389;0.033698389;0;26.83997398;185;50;5;1.85;37;M;0;4;0;0;0;0;0;0;0;0
12;3;15827;32574.44868;38651.53331;1783;5;20.1;7.5;475;3.6;0.29;6.2;0.008424597;0.008424597;0;21.72640685;136;44;4.4;1.36;30.91;F;0;1;0;0;0;0;0;0;0;0
13;3;15827;32574.44868;38651.53331;1783;5;20.1;7.5;475;3.6;0.29;6.2;0;0;0;35.83997398;194;50;5;1.94;38.8;F;0;0;0;0;0;0;0;0;0;0
14;3;15827;32574.44868;38651.53331;1783;5;20.1;7.5;475;3.6;0.29;6.2;1.010951661;1.010951661;0;89.78615784;233;48;4.8;2.33;48.54;F;0;120;0;0;0;0;0;0;0;0
15;3;15827;32574.44868;38651.53331;1783;5;20.1;7.5;475;3.6;0.29;6.2;0.008424597;0.008424597;0;-19.54829754;109;46;4.6;1.09;23.7;F;0;1;0;0;0;0;0;0;0;0
16;3;15827;32574.44868;38651.53331;1783;5;20.1;7.5;475;3.6;0.29;6.2;0.025273792;0.025273792;0;-53.16002602;105;50;5;1.05;21;F;0;3;0;0;0;0;0;0;0;0
17;3;15827;32574.44868;38651.53331;1783;5;20.1;7.5;475;3.6;0.29;6.2;0.025273792;0.025273792;0;-4.548297545;124;46;4.6;1.24;26.96;F;0;3;0;0;0;0;0;0;0;0
18;3;15827;32574.44868;38651.53331;1783;5;20.1;7.5;475;3.6;0.29;6.2;1.436995815;0.008424597;1.428571218;-7.86443576;173;53;5.3;1.73;32.64;M;0;1;0;1;0;0;0;0;0;0
19;3;15827;32574.44868;38651.53331;1783;5;20.1;7.5;475;3.6;0.29;6.2;0;0;0;-8.499929954;92;42;4.2;0.92;21.9;M;0;0;0;0;0;0;0;0;0;0
20;3;15827;32574.44868;38651.53331;1783;5;20.1;7.5;475;3.6;0.29;6.2;0.32830399;0.32830399;0;1.341258254;152;49;4.9;1.52;31.02;F;1;3;0;0;0;0;0;0;0;0
1;4;6736;65226.64401;63911.70352;28980;1;17.3;7.9;993;7.5;0.76;6.6;0.395956067;0.395956067;0;6.374500081;45;31;3.1;0.45;14.52;M;0;47;0;0;0;0;0;0;0;0
2;4;6736;65226.64401;63911.70352;28980;1;17.3;7.9;993;7.5;0.76;6.6;0.185341138;0.185341138;0;-4.287197317;59;36;3.6;0.59;16.39;M;0;22;0;0;0;0;0;0;0;0
3;4;6736;65226.64401;63911.70352;28980;1;17.3;7.9;993;7.5;0.76;6.6;0.210614929;0.210614929;0;5.205246691;36;29;2.9;0.36;12.41;M;0;25;0;0;0;0;0;0;0;0
4;4;6736;65226.64401;63911.70352;28980;1;17.3;7.9;993;7.5;0.76;6.6;0.143218152;0.143218152;0;1.374500081;40;31;3.1;0.4;12.9;M;0;17;0;0;0;0;0;0;0;0
5;4;6736;65226.64401;63911.70352;28980;1;17.3;7.9;993;7.5;0.76;6.6;1.272114174;1.272114174;0;0.7330238;18;24;2.4;0.18;7.5;M;0;151;0;0;0;0;0;0;0;0
6;4;6736;65226.64401;63911.70352;28980;1;17.3;7.9;993;7.5;0.76;6.6;0.261162512;0.261162512;0;5.44892939;40;30;3;0.4;13.33;F;0;31;0;0;0;0;0;0;0;0
7;4;6736;65226.64401;63911.70352;28980;1;17.3;7.9;993;7.5;0.76;6.6;0.438079053;0.438079053;0;4.326405926;52;33;3.3;0.52;15.76;M;0;52;0;0;0;0;0;0;0;0
8;4;6736;65226.64401;63911.70352;28980;1;17.3;7.9;993;7.5;0.76;6.6;0.370682276;0.370682276;0;3.427775324;25;26;2.6;0.25;9.62;F;0;44;0;0;0;0;0;0;0;0
9;4;6736;65226.64401;63911.70352;28980;1;17.3;7.9;993;7.5;0.76;6.6;0.682392371;0.682392371;0;-0.794753309;30;29;2.9;0.3;10.34;M;0;81;0;0;0;0;0;0;0;0
10;4;6736;65226.64401;63911.70352;28980;1;17.3;7.9;993;7.5;0.76;6.6;0.77506294;0.77506294;0;-0.794753309;30;29;2.9;0.3;10.34;M;0;92;0;0;0;0;0;0;0;0
11;4;6736;65226.64401;63911.70352;28980;1;17.3;7.9;993;7.5;0.76;6.6;0.893007301;0.893007301;0;4.380291324;57;34;3.4;0.57;16.76;M;0;106;0;0;0;0;0;0;0;0
12;4;6736;65226.64401;63911.70352;28980;1;17.3;7.9;993;7.5;0.76;6.6;0.648693983;0.648693983;0;8.374500081;47;31;3.1;0.47;15.16;F;0;77;0;0;0;0;0;0;0;0
13;4;6736;65226.64401;63911.70352;28980;1;17.3;7.9;993;7.5;0.76;6.6;0;0;0;1.326405926;49;33;3.3;0.49;14.85;F;0;0;0;0;0;0;0;0;0;0
15;4;6736;65226.64401;63911.70352;28980;1;17.3;7.9;993;7.5;0.76;6.6;0;0.084245972;0;9.13556424;122;43;4.3;1.22;28.37;F;0;0;0;0;0;0;0;0;0;0
15;4;6736;65226.64401;63911.70352;28980;1;17.3;7.9;993;7.5;0.76;6.6;0.084245972;0;0;14.68275616;190;53;5.3;1.9;35.85;M;0;10;0;0;0;0;0;0;0;0
16;4;6736;65226.64401;63911.70352;28980;1;17.3;7.9;993;7.5;0.76;6.6;0.345153184;0.345153184;0;-48.58040331;155;56;5.6;1.55;27.68;F;1;5;0;0;0;0;0;0;0;0
17;4;6736;65226.64401;63911.70352;28980;1;17.3;7.9;993;7.5;0.76;6.6;0.488626636;0.488626636;0;-22.98102111;46;37;3.7;0.46;12.43;M;0;58;0;0;0;0;0;0;0;0
18;4;6736;65226.64401;63911.70352;28980;1;17.3;7.9;993;7.5;0.76;6.6;0.404380664;0.404380664;0;-9.625499919;29;31;3.1;0.29;9.35;F;0;48;0;0;0;0;0;0;0;0
19;4;6736;65226.64401;63911.70352;28980;1;17.3;7.9;993;7.5;0.76;6.6;0.876158106;0.876158106;0;-10.37032314;17;28;2.8;0.17;6.07;M;0;104;0;0;0;0;0;0;0;0
20;4;6736;65226.64401;63911.70352;28980;1;17.3;7.9;993;7.5;0.76;6.6;0.126368958;0.126368958;0;-7.370323139;20;28;2.8;0.2;7.14;F;0;15;0;0;0;0;0;0;0;0
1;5;12171;67952.65478;64168.17228;31664;3;19.1;8.1;940;1;0.19;9;0.32855929;0.32855929;0;6.164573389;100;41;4.1;1;24.39;F;0;39;0;0;0;0;0;0;0;0
2;5;12171;67952.65478;64168.17228;31664;3;19.1;8.1;940;1;0.19;9;0.143218152;0.143218152;0;3.427775324;25;26;2.6;0.25;9.62;M;0;17;0;0;0;0;0;0;0;0
3;5;12171;67952.65478;64168.17228;31664;3;19.1;8.1;940;1;0.19;9;2.489304562;1.060733345;1.428571218;0.44892939;35;30;3;0.35;11.67;M;3;18;0;1;0;0;0;0;0;0
5;5;12171;67952.65478;64168.17228;31664;3;19.1;8.1;940;1;0.19;9;0.11794436;0.11794436;0;1.380291324;54;34;3.4;0.54;15.88;M;0;14;0;0;0;0;0;0;0;0
6;5;12171;67952.65478;64168.17228;31664;3;19.1;8.1;940;1;0.19;9;0.496795934;0.496795934;0;-3.004266115;40;32;3.2;0.4;12.5;M;1;23;0;0;0;0;0;0;0;0
10;5;12171;67952.65478;64168.17228;31664;3;19.1;8.1;940;1;0.19;9;0.101095166;0.101095166;0;0.629676861;28;28;2.8;0.28;10;M;0;12;0;0;0;0;0;0;0;0
11;5;12171;67952.65478;64168.17228;31664;3;19.1;8.1;940;1;0.19;9;0.05897218;0.05897218;0;26.29608014;192;51;5.1;1.92;37.65;M;0;7;0;0;0;0;0;0;0;0
12;5;12171;67952.65478;64168.17228;31664;3;19.1;8.1;940;1;0.19;9;0.429654456;0.429654456;0;-44.89653106;30;38;3.8;0.3;7.89;M;0;51;0;0;0;0;0;0;0;0
13;5;12171;67952.65478;64168.17228;31664;3;19.1;8.1;940;1;0.19;9;0.294860901;0.294860901;0;2.70844478;27;27;2.7;0.27;10;M;0;35;0;0;0;0;0;0;0;0
15;5;12171;67952.65478;64168.17228;31664;3;19.1;8.1;940;1;0.19;9;0.126368958;0.126368958;0;-10.79475331;20;29;2.9;0.2;6.9;F;0;15;0;0;0;0;0;0;0;0
16;5;12171;67952.65478;64168.17228;31664;3;19.1;8.1;940;1;0.19;9;0.075821375;0.075821375;0;76.96991154;273;55;5.5;2.73;49.64;F;0;9;0;0;0;0;0;0;0;0
17;5;12171;67952.65478;64168.17228;31664;3;19.1;8.1;940;1;0.19;9;3.341758097;0.008424597;3.3333335;-9.758267603;4;19;1.9;0.04;2.11;M;0;1;0;0;1;0;0;0;0;0
19;5;12171;67952.65478;64168.17228;31664;3;19.1;8.1;940;1;0.19;9;0.38753147;0.38753147;0;-0.708608511;15;23;2.3;0.15;6.52;F;0;46;0;0;0;0;0;0;0;0
1;6;2371;45780.07402;45262.0497;2279;11;18.4;7.9;373;2;0.073;5.5;0.033698389;0.033698389;0;-3.287197317;60;36;3.6;0.6;16.67;M;0;4;0;0;0;0;0;0;0;0
2;6;2371;45780.07402;45262.0497;2279;11;18.4;7.9;373;2;0.073;5.5;3.804855642;0.471522142;3.3333335;-8.981021112;60;37;3.7;0.6;16.22;F;1;20;0;0;1;0;0;0;0;0
3;6;2371;45780.07402;45262.0497;2279;11;18.4;7.9;373;2;0.073;5.5;0.008424597;0.008424597;0;-0.794753309;30;29;2.9;0.3;10.34;F;0;1;0;0;0;0;0;0;0;0
4;6;2371;45780.07402;45262.0497;2279;11;18.4;7.9;373;2;0.073;5.5;0.101095166;0.101095166;0;-0.981021112;68;37;3.7;0.68;18.38;F;0;12;0;0;0;0;0;0;0;0
7;6;2371;45780.07402;45262.0497;2279;11;18.4;7.9;373;2;0.073;5.5;3.367031889;0.033698389;3.3333335;7.171165203;65;35;3.5;0.65;18.57;M;0;4;0;0;1;0;0;0;0;0
8;6;2371;45780.07402;45262.0497;2279;11;18.4;7.9;373;2;0.073;5.5;0.084245972;0.084245972;0;5.380291324;58;34;3.4;0.58;17.06;M;0;10;0;0;0;0;0;0;0;0
9;6;2371;45780.07402;45262.0497;2279;11;18.4;7.9;373;2;0.073;5.5;0.336728587;0.336728587;0;-4.835426611;89;41;4.1;0.89;21.71;F;1;4;0;0;0;0;0;0;0;0
10;6;2371;45780.07402;45262.0497;2279;11;18.4;7.9;373;2;0.073;5.5;3.336140482;3.336140482;0;-7.019952042;74;39;3.9;0.74;18.97;F;0;396;0;0;0;0;0;0;0;0
11;6;2371;45780.07402;45262.0497;2279;11;18.4;7.9;373;2;0.073;5.5;0;0;0;8.712802683;72;36;3.6;0.72;20;F;0;0;0;0;0;0;0;0;0;0
12;6;2371;45780.07402;45262.0497;2279;11;18.4;7.9;373;2;0.073;5.5;0.44650365;0.44650365;0;-1.287197317;62;36;3.6;0.62;17.22;M;0;53;0;0;0;0;0;0;0;0
13;6;2371;45780.07402;45262.0497;2279;11;18.4;7.9;373;2;0.073;5.5;0.016849194;0.016849194;0;7.205246691;38;29;2.9;0.38;13.1;M;0;2;0;0;0;0;0;0;0;0
14;6;2371;45780.07402;45262.0497;2279;11;18.4;7.9;373;2;0.073;5.5;0.362257679;0.362257679;0;24.98004796;106;39;3.9;1.06;27.18;M;0;43;0;0;0;0;0;0;0;0
15;6;2371;45780.07402;45262.0497;2279;11;18.4;7.9;373;2;0.073;5.5;0.143218152;0.143218152;0;4.164573389;98;41;4.1;0.98;23.9;M;0;17;0;0;0;0;0;0;0;0
16;6;2371;45780.07402;45262.0497;2279;11;18.4;7.9;373;2;0.073;5.5;0;0;0;-36.01995204;45;39;3.9;0.45;11.54;M;0;0;0;0;0;0;0;0;0;0
17;6;2371;45780.07402;45262.0497;2279;11;18.4;7.9;373;2;0.073;5.5;1.120471424;1.120471424;0;-5.287197317;58;36;3.6;0.58;16.11;F;0;133;0;0;0;0;0;0;0;0
18;6;2371;45780.07402;45262.0497;2279;11;18.4;7.9;373;2;0.073;5.5;0.572872608;0.572872608;0;-8.673594074;39;33;3.3;0.39;11.82;M;0;68;0;0;0;0;0;0;0;0
19;6;2371;45780.07402;45262.0497;2279;11;18.4;7.9;373;2;0.073;5.5;0.210614929;0.210614929;0;-9.896531061;65;38;3.8;0.65;17.11;F;0;25;0;0;0;0;0;0;0;0
20;6;2371;45780.07402;45262.0497;2279;11;18.4;7.9;373;2;0.073;5.5;0.042122986;0.042122986;0;-11.29155522;13;27;2.7;0.13;4.81;M;0;5;0;0;0;0;0;0;0;0
21;6;2371;45780.07402;45262.0497;2279;11;18.4;7.9;373;2;0.073;5.5;4.728971098;1.482218503;3.246752595;-1.2669762;16;24;2.4;0.16;6.67;M;2;104;0;1;0;0;0;0;2;0
1;7;6715;76509.32419;72386.11495;76625;1;15.9;8.2;802;2;0.17;8.4;0.193765735;0.193765735;0;-5.499929954;95;42;4.2;0.95;22.62;F;0;23;0;0;0;0;0;0;0;0
3;7;6715;76509.32419;72386.11495;76625;1;15.9;8.2;802;2;0.17;8.4;0.016849194;0.016849194;0;12.01897889;81;37;3.7;0.81;21.89;M;0;2;0;0;0;0;0;0;0;0
5;7;6715;76509.32419;72386.11495;76625;1;15.9;8.2;802;2;0.17;8.4;0.084245972;0.084245972;0;5.44892939;40;30;3;0.4;13.33;M;0;10;0;0;0;0;0;0;0;0
6;7;6715;76509.32419;72386.11495;76625;1;15.9;8.2;802;2;0.17;8.4;1.10311163;1.10311163;0;2.70844478;27;27;2.7;0.27;10;M;2;59;0;0;0;0;0;0;0;0
8;7;6715;76509.32419;72386.11495;76625;1;15.9;8.2;802;2;0.17;8.4;0.033698389;0.033698389;0;5.374500081;44;31;3.1;0.44;14.19;F;0;4;0;0;0;0;0;0;0;0
10;7;6715;76509.32419;72386.11495;76625;1;15.9;8.2;802;2;0.17;8.4;0.033698389;0.033698389;0;3.70844478;28;27;2.7;0.28;10.37;F;0;4;0;0;0;0;0;0;0;0
11;7;6715;76509.32419;72386.11495;76625;1;15.9;8.2;802;2;0.17;8.4;0;0;0;13.71280268;77;36;3.6;0.77;21.39;F;0;0;0;0;0;0;0;0;0;0
12;7;6715;76509.32419;72386.11495;76625;1;15.9;8.2;802;2;0.17;8.4;0.202190332;0.202190332;0;-13.62549992;25;31;3.1;0.25;8.06;M;0;24;0;0;0;0;0;0;0;0
13;7;6715;76509.32419;72386.11495;76625;1;15.9;8.2;802;2;0.17;8.4;2.323657022;2.323657022;0;-16.89653106;58;38;3.8;0.58;15.26;M;6;60;0;0;0;0;0;0;0;0
14;7;6715;76509.32419;72386.11495;76625;1;15.9;8.2;802;2;0.17;8.4;0.353577782;0.353577782;0;-8.29155522;16;27;2.7;0.16;5.93;M;1;6;0;0;0;0;0;0;0;0
15;7;6715;76509.32419;72386.11495;76625;1;15.9;8.2;802;2;0.17;8.4;0.976487373;0.976487373;0;-0.2669762;17;24;2.4;0.17;7.08;M;3;8;0;0;0;0;0;0;0;0
16;7;6715;76509.32419;72386.11495;76625;1;15.9;8.2;802;2;0.17;8.4;2.929972718;2.929972718;0;3.291391489;19;23;2.3;0.19;8.26;F;7;96;0;0;0;0;0;0;0;0
17;7;6715;76509.32419;72386.11495;76625;1;15.9;8.2;802;2;0.17;8.4;0.025273792;0.025273792;0;29.13556424;210;53;5.3;2.1;39.62;F;0;3;0;0;0;0;0;0;0;0
18;7;6715;76509.32419;72386.11495;76625;1;15.9;8.2;802;2;0.17;8.4;0.05897218;0.05897218;0;40.54649243;229;54;5.4;2.29;42.41;M;0;7;0;0;0;0;0;0;0;0
19;7;6715;76509.32419;72386.11495;76625;1;15.9;8.2;802;2;0.17;8.4;1.31321596;1.31321596;0;20.13556424;201;53;5.3;2.01;37.92;F;4;12;0;0;0;0;0;0;0;0
2;9;23559;49932.68291;47724.46004;14010;4;20.5;8.1;906;2;0.31;7;0.025273792;0.025273792;0;29.66249107;117;40;4;1.17;29.25;F;0;3;0;0;0;0;0;0;0;0
3;9;23559;49932.68291;47724.46004;14010;4;20.5;8.1;906;2;0.31;7;1.622336953;0.193765735;1.428571218;11.98004796;93;39;3.9;0.93;23.85;F;0;23;0;1;0;0;0;0;0;0
4;9;23559;49932.68291;47724.46004;14010;4;20.5;8.1;906;2;0.31;7;1.515151086;0.606060397;0.909090689;43.16089761;179;47;4.7;1.79;38.09;F;2;0;0;0;0;0;0;0;1;0
5;9;23559;49932.68291;47724.46004;14010;4;20.5;8.1;906;2;0.31;7;0.454672948;0.454672948;0;21.01897889;90;37;3.7;0.9;24.32;F;1;18;0;0;0;0;0;0;0;0
6;9;23559;49932.68291;47724.46004;14010;4;20.5;8.1;906;2;0.31;7;0;0;0;29.45170246;158;46;4.6;1.58;34.35;M;0;0;0;0;0;0;0;0;0;0
7;9;23559;49932.68291;47724.46004;14010;4;20.5;8.1;906;2;0.31;7;0;0;0;31.78615784;175;48;4.8;1.75;36.46;M;0;0;0;0;0;0;0;0;0;0
8;9;23559;49932.68291;47724.46004;14010;4;20.5;8.1;906;2;0.31;7;0.471522142;0.471522142;0;4.164573389;98;41;4.1;0.98;23.9;F;1;20;0;0;0;0;0;0;0;0
9;9;23559;49932.68291;47724.46004;14010;4;20.5;8.1;906;2;0.31;7;17.41607369;2.416072291;15.0000014;21.98004796;103;39;3.9;1.03;26.41;F;7;35;0;0;3;0;0;0;0;1
10;9;23559;49932.68291;47724.46004;14010;4;20.5;8.1;906;2;0.31;7;8.392306576;0.05897218;8.333334396;1.103468939;76;38;3.8;0.76;20;M;0;7;0;0;1;0;0;0;0;1
2;11;23356;52217.7333;49875.30195;16039;3;18.2;8.3;691;8.3;1.2;2.2;0.319879393;0.319879393;0;-12.49992995;88;42;4.2;0.88;20.95;M;1;2;0;0;0;0;0;0;0;0
3;11;23356;52217.7333;49875.30195;16039;3;18.2;8.3;691;8.3;1.2;2.2;0.311454796;0.311454796;0;1.164573389;95;41;4.1;0.95;23.17;F;1;1;0;0;0;0;0;0;0;0
4;11;23356;52217.7333;49875.30195;16039;3;18.2;8.3;691;8.3;1.2;2.2;0.244313318;0.244313318;0;4.164573389;98;41;4.1;0.98;23.9;M;0;29;0;0;0;0;0;0;0;0
5;11;23356;52217.7333;49875.30195;16039;3;18.2;8.3;691;8.3;1.2;2.2;0.968062776;0.968062776;0;-14.33750893;73;40;4;0.73;18.25;M;3;7;0;0;0;0;0;0;0;0
6;11;23356;52217.7333;49875.30195;16039;3;18.2;8.3;691;8.3;1.2;2.2;0.429399156;0.429399156;0;-1.287197317;62;36;3.6;0.62;17.22;M;1;15;0;0;0;0;0;0;0;0
7;11;23356;52217.7333;49875.30195;16039;3;18.2;8.3;691;8.3;1.2;2.2;0.067396777;0.067396777;0;-1.273593151;113;44;4.4;1.13;25.68;M;0;8;0;0;0;0;0;0;0;0
8;11;23356;52217.7333;49875.30195;16039;3;18.2;8.3;691;8.3;1.2;2.2;0.505475831;0.505475831;0;-3.287197317;60;36;3.6;0.6;16.67;F;0;60;0;0;0;0;0;0;0;0
9;11;23356;52217.7333;49875.30195;16039;3;18.2;8.3;691;8.3;1.2;2.2;5.522196967;2.188863467;3.3333335;4.018978888;73;37;3.7;0.73;19.73;F;6;44;0;0;1;0;0;0;0;0
10;11;23356;52217.7333;49875.30195;16039;3;18.2;8.3;691;8.3;1.2;2.2;0.143218152;0.143218152;0;13.45170246;142;46;4.6;1.42;30.87;M;0;17;0;0;0;0;0;0;0;0
11;11;23356;52217.7333;49875.30195;16039;3;18.2;8.3;691;8.3;1.2;2.2;0.909090596;0.909090596;0;8.726406849;123;44;4.4;1.23;27.95;F;3;0;0;0;0;0;0;0;0;0
12;11;23356;52217.7333;49875.30195;16039;3;18.2;8.3;691;8.3;1.2;2.2;3.61159919;3.61159919;0;14.38029132;67;34;3.4;0.67;19.71;F;10;69;0;0;0;0;0;0;0;0
14;11;23356;52217.7333;49875.30195;16039;3;18.2;8.3;691;8.3;1.2;2.2;0.631334189;0.631334189;0;22.66249107;110;40;4;1.1;27.5;M;2;3;0;0;0;0;0;0;0;0
15;11;23356;52217.7333;49875.30195;16039;3;18.2;8.3;691;8.3;1.2;2.2;5.025399717;5.025399717;0;-19.83542661;74;41;4.1;0.74;18.05;M;16;21;0;0;0;0;0;0;0;0
16;11;23356;52217.7333;49875.30195;16039;3;18.2;8.3;691;8.3;1.2;2.2;2.466364574;2.466364574;0;-22.98102111;46;37;3.7;0.46;12.43;F;8;5;0;0;0;0;0;0;0;0
17;11;23356;52217.7333;49875.30195;16039;3;18.2;8.3;691;8.3;1.2;2.2;5.708047388;5.708047388;0;-9.019952042;72;39;3.9;0.72;18.46;F;15;138;0;0;0;0;0;0;0;0
18;11;23356;52217.7333;49875.30195;16039;3;18.2;8.3;691;8.3;1.2;2.2;1.607821561;1.607821561;0;-18.49992995;82;42;4.2;0.82;19.52;M;5;11;0;0;0;0;0;0;0;0
19;11;23356;52217.7333;49875.30195;16039;3;18.2;8.3;691;8.3;1.2;2.2;1.607821561;1.607821561;0;-12.83542661;81;41;4.1;0.81;19.76;F;5;11;0;0;0;0;0;0;0;0
20;11;23356;52217.7333;49875.30195;16039;3;18.2;8.3;691;8.3;1.2;2.2;0.530749622;0.530749622;0;-12.8288348;45;35;3.5;0.45;12.86;F;0;63;0;0;0;0;0;0;0;0
21;11;23356;52217.7333;49875.30195;16039;3;18.2;8.3;691;8.3;1.2;2.2;2.870745238;2.870745238;0;-6.499929954;94;42;4.2;0.94;22.38;M;8;53;0;0;0;0;0;0;0;0
1;12;4714;26695.48849;61880.37268;1932;1;19.2;7.6;907;15.93;1.15;6;0.65660798;0.65660798;0;-2.619708676;50;34;3.4;0.5;14.71;M;2;6;0;0;0;0;0;0;0;0
2;12;4714;26695.48849;61880.37268;1932;1;19.2;7.6;907;15.93;1.15;6;3.485485532;3.485485532;0;0.773893371;20;25;2.5;0.2;8;F;9;90;0;0;0;0;0;0;0;0
3;12;4714;26695.48849;61880.37268;1932;1;19.2;7.6;907;15.93;1.15;6;5.533683845;5.533683845;0;-2.370323139;25;28;2.8;0.25;8.93;M;5;477;0;0;0;0;0;0;0;0
4;12;4714;26695.48849;61880.37268;1932;1;19.2;7.6;907;15.93;1.15;6;10.79369578;10.79369578;0;-18.8288348;39;35;3.5;0.39;11.14;M;26;346;0;0;0;0;0;0;0;0
5;12;4714;26695.48849;61880.37268;1932;1;19.2;7.6;907;15.93;1.15;6;2.550610546;2.550610546;0;-4.572224676;17;26;2.6;0.17;6.54;M;8;15;0;0;0;0;0;0;0;0
6;12;4714;26695.48849;61880.37268;1932;1;19.2;7.6;907;15.93;1.15;6;7.320719646;7.320719646;0;-3.287197317;60;36;3.6;0.6;16.67;M;1;833;0;0;0;0;0;0;0;0
10;12;4714;26695.48849;61880.37268;1932;1;19.2;7.6;907;15.93;1.15;6;5.295752726;5.295752726;0;7.326405926;55;33;3.3;0.55;16.67;M;13;161;0;0;0;0;0;0;0;0
11;12;4714;26695.48849;61880.37268;1932;1;19.2;7.6;907;15.93;1.15;6;2.727271787;2.727271787;0;2.374500081;41;31;3.1;0.41;13.23;M;9;0;0;0;0;0;0;0;0;0
12;12;4714;26695.48849;61880.37268;1932;1;19.2;7.6;907;15.93;1.15;6;6.145871141;6.145871141;0;-30.35520276;91;45;4.5;0.91;20.22;F;16;154;0;0;0;0;0;0;0;0
15;12;4714;26695.48849;61880.37268;1932;1;19.2;7.6;907;15.93;1.15;6;6.090983758;6.090983758;0;-12.8288348;45;35;3.5;0.45;12.86;F;0;723;0;0;0;0;0;0;0;0
17;12;4714;26695.48849;61880.37268;1932;1;19.2;7.6;907;15.93;1.15;6;7.525717979;7.525717979;0;-18.61970868;34;34;3.4;0.34;10;M;23;66;0;0;0;0;0;0;0;0
2;13;22058;25511.68194;60618.70108;1002;5;19.7;7.9;808;2;0.35;7.6;0.959638272;0.050547583;0.909090689;2.44892939;37;30;3;0.37;12.33;M;0;6;0;0;0;0;0;0;1;0
3;13;22058;25511.68194;60618.70108;1002;5;19.7;7.9;808;2;0.35;7.6;0.008424597;0.008424597;0;-0.499929954;100;42;4.2;1;23.81;M;0;1;0;0;0;0;0;0;0;0
5;13;22058;25511.68194;60618.70108;1002;5;19.7;7.9;808;2;0.35;7.6;0.412549962;0.412549962;0;9.712802683;73;36;3.6;0.73;20.28;M;1;13;0;0;0;0;0;0;0;0
6;13;22058;25511.68194;60618.70108;1002;5;19.7;7.9;808;2;0.35;7.6;0;0;0;-1.337508932;86;40;4;0.86;21.5;F;0;0;0;0;0;0;0;0;0;0
7;13;22058;25511.68194;60618.70108;1002;5;19.7;7.9;808;2;0.35;7.6;0;0;0;7.451702455;136;46;4.6;1.36;29.57;F;0;0;0;0;0;0;0;0;0;0
8;13;22058;25511.68194;60618.70108;1002;5;19.7;7.9;808;2;0.35;7.6;0;0;0;9.500070046;110;42;4.2;1.1;26.19;F;0;0;0;0;0;0;0;0;0;0
10;13;22058;25511.68194;60618.70108;1002;5;19.7;7.9;808;2;0.35;7.6;0.176916541;0.176916541;0;9.205246691;40;29;2.9;0.4;13.79;M;0;21;0;0;0;0;0;0;0;0
11;13;22058;25511.68194;60618.70108;1002;5;19.7;7.9;808;2;0.35;7.6;0;0;0;9.164573389;103;41;4.1;1.03;25.12;F;0;0;0;0;0;0;0;0;0;0
13;13;22058;25511.68194;60618.70108;1002;5;19.7;7.9;808;2;0.35;7.6;1.347169649;1.347169649;0;-5.273593151;109;44;4.4;1.09;24.77;M;3;52;0;0;0;0;0;0;0;0
14;13;22058;25511.68194;60618.70108;1002;5;19.7;7.9;808;2;0.35;7.6;4.301396276;0.968062776;3.3333335;8.682756158;116;43;4.3;1.16;26.98;M;3;7;0;0;1;0;0;0;0;0
16;13;22058;25511.68194;60618.70108;1002;5;19.7;7.9;808;2;0.35;7.6;1.759464404;0.850373715;0.909090689;5.380291324;58;34;3.4;0.58;17.06;F;2;29;0;0;0;0;0;0;1;0
17;13;22058;25511.68194;60618.70108;1002;5;19.7;7.9;808;2;0.35;7.6;0.261162512;0.261162512;0;8.682756158;116;43;4.3;1.16;26.98;F;0;31;0;0;0;0;0;0;0;0
18;13;22058;25511.68194;60618.70108;1002;5;19.7;7.9;808;2;0.35;7.6;3.409091246;2.500000557;0.909090689;-17.49992995;83;42;4.2;0.83;19.76;M;0;0;1;0;0;0;0;0;1;0
19;13;22058;25511.68194;60618.70108;1002;5;19.7;7.9;808;2;0.35;7.6;0.042122986;0.042122986;0;-30.31724384;77;43;4.3;0.77;17.91;F;0;5;0;0;0;0;0;0;0;0
20;13;22058;25511.68194;60618.70108;1002;5;19.7;7.9;808;2;0.35;7.6;0.32830399;0.32830399;0;-4.337508932;83;40;4;0.83;20.75;F;1;3;0;0;0;0;0;0;0;0
1;14;10487;15064.96775;56056.62109;13713;2;19.7;7.9;808;2;0.35;7.6;0.008424597;0.008424597;0;-0.896531061;74;38;3.8;0.74;19.47;M;0;1;0;0;0;0;0;0;0;0
3;14;10487;15064.96775;56056.62109;13713;2;19.7;7.9;808;2;0.35;7.6;1.035714853;1.035714853;0;2.380291324;56;34;3.4;0.56;16.47;M;2;51;0;0;0;0;0;0;0;0
4;14;10487;15064.96775;56056.62109;13713;2;19.7;7.9;808;2;0.35;7.6;1.818181377;0;1.818181377;3.380291324;69;36;3.6;0.69;19.17;F;0;0;0;0;0;0;0;0;2;0
6;14;10487;15064.96775;56056.62109;13713;2;19.7;7.9;808;2;0.35;7.6;0.959638272;0.050547583;0.909090689;1.380291324;54;34;3.4;0.54;15.88;M;0;6;0;0;0;0;0;0;1;0
11;14;10487;15064.96775;56056.62109;13713;2;18;7.7;593;5.1;0.47;6.6;1.927701141;0.109519763;1.818181377;14.1711652;72;35;3.5;0.72;20.57;M;0;13;0;0;0;0;0;0;2;0
12;14;10487;15064.96775;56056.62109;13713;2;18;7.7;593;5.1;0.47;6.6;0.353577782;0.353577782;0;-21.49992995;79;42;4.2;0.79;18.81;M;1;6;0;0;0;0;0;0;0;0
17;14;10487;15064.96775;56056.62109;13713;2;18;7.7;593;5.1;0.47;6.6;1.894002752;0.075821375;1.818181377;45.61567012;307;64;6.4;3.07;47.97;F;0;9;0;0;0;0;0;0;2;0
18;14;10487;15064.96775;56056.62109;13713;2;18;7.7;593;5.1;0.47;6.6;5.758595343;2.122232589;3.636362755;43.13556424;224;53;5.3;2.24;42.26;M;3;144;0;0;0;0;0;0;4;0
19;14;10487;15064.96775;56056.62109;13713;2;18;7.7;593;5.1;0.47;6.6;0.437823753;0.437823753;0;-4.55107061;30;30;3;0.3;10;M;1;16;0;0;0;0;0;0;0;0
20;14;10487;15064.96775;56056.62109;13713;2;18;7.7;593;5.1;0.47;6.6;2.658562405;1.229991188;1.428571218;-1.370323139;26;28;2.8;0.26;9.29;M;0;146;0;1;0;0;0;0;0;0
1;15;15788;67470.6868;63687.74746;67720;4;17.3;8.1;664;2;0.18;7.3;0.016849194;0.016849194;0;2.171165203;60;35;3.5;0.6;17.14;M;0;2;0;0;0;0;0;0;0;0
2;15;15788;67470.6868;63687.74746;67720;4;17.3;8.1;664;2;0.18;7.3;0;0;0;-1.572224676;20;26;2.6;0.2;7.69;M;0;0;0;0;0;0;0;0;0;0
4;15;15788;67470.6868;63687.74746;67720;4;17.3;8.1;664;2;0.18;7.3;0.303030199;0.303030199;0;-6.273593151;108;44;4.4;1.08;24.55;F;1;0;0;0;0;0;0;0;0;0
5;15;15788;67470.6868;63687.74746;67720;4;17.3;8.1;664;2;0.18;7.3;0.622909591;0.622909591;0;5.164573389;99;41;4.1;0.99;24.15;M;2;2;0;0;0;0;0;0;0;0
7;15;15788;67470.6868;63687.74746;67720;4;17.3;8.1;664;2;0.18;7.3;0.008424597;0.008424597;0;-1.849261844;12;21;2.1;0.12;5.71;M;0;1;0;0;0;0;0;0;0;0
8;15;15788;67470.6868;63687.74746;67720;4;17.3;8.1;664;2;0.18;7.3;0.042122986;0.042122986;0;3.205246691;34;29;2.9;0.34;11.72;F;0;5;0;0;0;0;0;0;0;0
9;15;15788;67470.6868;63687.74746;67720;4;17.3;8.1;664;2;0.18;7.3;0.185341138;0.185341138;0;-1.828834797;56;35;3.5;0.56;16;F;0;22;0;0;0;0;0;0;0;0
10;15;15788;67470.6868;63687.74746;67720;4;17.3;8.1;664;2;0.18;7.3;0;0;0;-9.499929954;91;42;4.2;0.91;21.67;M;0;0;0;0;0;0;0;0;0;0
11;15;15788;67470.6868;63687.74746;67720;4;17.3;8.1;664;2;0.18;7.3;0.303030199;0.303030199;0;8.7330238;26;24;2.4;0.26;10.83;F;1;0;0;0;0;0;0;0;0;0
12;15;15788;67470.6868;63687.74746;67720;4;17.3;8.1;664;2;0.18;7.3;0.134793555;0.134793555;0;3.980047958;85;39;3.9;0.85;21.79;M;0;16;0;0;0;0;0;0;0;0
13;15;15788;67470.6868;63687.74746;67720;4;17.3;8.1;664;2;0.18;7.3;0.008424597;0.008424597;0;8.018978888;77;37;3.7;0.77;20.81;F;0;1;0;0;0;0;0;0;0;0
15;15;15788;67470.6868;63687.74746;67720;4;17.3;8.1;664;2;0.18;7.3;0.690306369;0.690306369;0;-8.981021112;60;37;3.7;0.6;16.22;F;2;10;0;0;0;0;0;0;0;0
16;15;15788;67470.6868;63687.74746;67720;4;17.3;8.1;664;2;0.18;7.3;0.008424597;0.008424597;0;-18.8288348;39;35;3.5;0.39;11.14;M;0;1;0;0;0;0;0;0;0;0
1;16;7066;72561.65994;68548.10804;3481;2;17.4;7.6;596;2;0.15;8.3;0.925939883;0.016849194;0.909090689;61.68275616;169;43;4.3;1.69;39.3;M;0;2;0;0;0;0;0;0;1;0
5;16;7066;72561.65994;68548.10804;3481;2;17.4;7.6;596;2;0.15;8.3;2.516849694;0.016849194;2.500000499;0.171165203;58;35;3.5;0.58;16.57;F;0;2;0;0;0;0;1;0;0;0
6;16;7066;72561.65994;68548.10804;3481;2;17.4;7.6;596;2;0.15;8.3;6.428572216;0;6.428572216;1.374500081;40;31;3.1;0.4;12.9;F;0;0;0;1;0;0;2;0;0;0
8;16;7066;72561.65994;68548.10804;3481;2;17.4;7.6;596;2;0.15;8.3;0.050547583;0.050547583;0;12.98004796;94;39;3.9;0.94;24.1;M;0;6;0;0;0;0;0;0;0;0
9;16;7066;72561.65994;68548.10804;3481;2;17.4;7.6;596;2;0.15;8.3;0.925939883;0.016849194;0.909090689;2.326405926;50;33;3.3;0.5;15.15;M;0;2;0;0;0;0;0;0;1;0
10;16;7066;72561.65994;68548.10804;3481;2;17.4;7.6;596;2;0.15;8.3;0.008424597;0.008424597;0;21.16089761;157;47;4.7;1.57;33.4;M;0;1;0;0;0;0;0;0;0;0
11;16;7066;72561.65994;68548.10804;3481;2;17.4;7.6;596;2;0.15;8.3;0;0;0;16.34125825;167;49;4.9;1.67;34.08;F;0;0;0;0;0;0;0;0;0;0
12;16;7066;72561.65994;68548.10804;3481;2;17.4;7.6;596;2;0.15;8.3;0;0;0;51.72335185;225;52;5.2;2.25;43.27;F;0;0;0;0;0;0;0;0;0;0
13;16;7066;72561.65994;68548.10804;3481;2;17.4;7.6;596;2;0.15;8.3;0.303285498;0.303285498;0;-2.337508932;85;40;4;0.85;21.25;F;0;36;0;0;0;0;0;0;0;0
14;16;7066;72561.65994;68548.10804;3481;2;17.4;7.6;596;2;0.15;8.3;0.404125365;0.404125365;0;30.71280268;94;36;3.6;0.94;26.11;M;1;12;0;0;0;0;0;0;0;0
15;16;7066;72561.65994;68548.10804;3481;2;17.4;7.6;596;2;0.15;8.3;3.569222221;0.235888721;3.3333335;-107.2434998;126;60;6;1.26;21;F;0;28;0;0;1;0;0;0;0;0
16;16;7066;72561.65994;68548.10804;3481;2;17.4;7.6;596;2;0.15;8.3;0;0;0;-91.86443576;89;53;5.3;0.89;16.79;F;0;0;0;0;0;0;0;0;0;0
17;16;7066;72561.65994;68548.10804;3481;2;17.4;7.6;596;2;0.15;8.3;0;0;0;-36.21384216;107;48;4.8;1.07;22.29;F;0;0;0;0;0;0;0;0;0;0
18;16;7066;72561.65994;68548.10804;3481;2;17.4;7.6;596;2;0.15;8.3;0.134793555;0.134793555;0;-39.28719732;24;36;3.6;0.24;6.67;M;0;16;0;0;0;0;0;0;0;0
19;16;7066;72561.65994;68548.10804;3481;2;17.4;7.6;596;2;0.15;8.3;0.202190332;0.202190332;0;-44.01995204;37;39;3.9;0.37;9.49;F;0;24;0;0;0;0;0;0;0;0
20;16;7066;72561.65994;68548.10804;3481;2;17.4;7.6;596;2;0.15;8.3;0;0;0;-13.89653106;61;38;3.8;0.61;16.05;M;0;0;0;0;0;0;0;0;0;0
21;16;7066;72561.65994;68548.10804;3481;2;17.4;7.6;596;2;0.15;8.3;1.554940175;0.126368958;1.428571218;-8.355202759;113;45;4.5;1.13;25.11;F;0;15;0;1;0;0;0;0;0;0
22;16;7066;72561.65994;68548.10804;3481;2;17.4;7.6;596;2;0.15;8.3;4.310987445;0.025273792;4.285713653;-35.45585762;205;61;6.1;2.05;33.61;F;0;3;0;3;0;0;0;0;0;0
1;17;9932;39387.48543;45271.81713;8617;3;17.4;7.6;545;4.6;0.46;5.2;0.379106873;0.379106873;0;11.10346894;86;38;3.8;0.86;22.63;F;0;45;0;0;0;0;0;0;0;0
2;17;9932;39387.48543;45271.81713;8617;3;17.4;7.6;545;4.6;0.46;5.2;0.075821375;0.075821375;0;34.50007005;135;42;4.2;1.35;32.14;M;0;9;0;0;0;0;0;0;0;0
3;17;9932;39387.48543;45271.81713;8617;3;17.4;7.6;545;4.6;0.46;5.2;0.067396777;0.067396777;0;15.66249107;103;40;4;1.03;25.75;M;0;8;0;0;0;0;0;0;0;0
4;17;9932;39387.48543;45271.81713;8617;3;17.4;7.6;545;4.6;0.46;5.2;5.286817529;5.286817529;0;11.38029132;64;34;3.4;0.64;18.82;F;15;88;0;0;0;0;0;0;0;0
5;17;9932;39387.48543;45271.81713;8617;3;17.4;7.6;545;4.6;0.46;5.2;0.025273792;0.025273792;0;4.380291324;57;34;3.4;0.57;16.76;F;0;3;0;0;0;0;0;0;0;0
6;17;9932;39387.48543;45271.81713;8617;3;17.4;7.6;545;4.6;0.46;5.2;0.126368958;0.126368958;0;4.291391489;20;23;2.3;0.2;8.7;M;0;15;0;0;0;0;0;0;0;0
7;17;9932;39387.48543;45271.81713;8617;3;17.4;7.6;545;4.6;0.46;5.2;0.050547583;0.050547583;0;15.16457339;109;41;4.1;1.09;26.59;M;0;6;0;0;0;0;0;0;0;0
9;17;9932;39387.48543;45271.81713;8617;3;17.4;7.6;545;4.6;0.46;5.2;0.26958711;0.26958711;0;10.66249107;98;40;4;0.98;24.5;F;0;32;0;0;0;0;0;0;0;0
10;17;9932;39387.48543;45271.81713;8617;3;17.4;7.6;545;4.6;0.46;5.2;2.763267874;2.763267874;0;2.380291324;55;34;3.4;0.55;16.18;F;0;328;0;0;0;0;0;0;0;0
11;17;9932;39387.48543;45271.81713;8617;3;17.4;7.6;545;4.6;0.46;5.2;0.303030199;0.303030199;0;18.98004796;100;39;3.9;1;25.64;F;1;0;0;0;0;0;0;0;0;0
12;17;9932;39387.48543;45271.81713;8617;3;17.4;7.6;545;4.6;0.46;5.2;2.752545578;2.752545578;0;42.50007005;143;42;4.2;1.43;34.05;M;9;3;0;0;0;0;0;0;0;0
13;17;9932;39387.48543;45271.81713;8617;3;17.4;7.6;545;4.6;0.46;5.2;2.912868224;2.912868224;0;-48.16002602;110;50;5;1.1;22;F;8;58;0;0;0;0;0;0;0;0
14;17;9932;39387.48543;45271.81713;8617;3;17.4;7.6;545;4.6;0.46;5.2;0.749533849;0.749533849;0;22.10346894;97;38;3.8;0.97;25.53;F;1;53;0;0;0;0;0;0;0;0
15;17;9932;39387.48543;45271.81713;8617;3;17.4;7.6;545;4.6;0.46;5.2;0.025273792;0.025273792;0;-31.21384216;112;48;4.8;1.12;23.33;M;0;3;0;0;0;0;0;0;0;0
17;17;9932;39387.48543;45271.81713;8617;3;17.4;7.6;545;4.6;0.46;5.2;1.245819183;1.245819183;0;-26.31724384;81;43;4.3;0.81;18.84;F;4;4;0;0;0;0;0;0;0;0
18;17;9932;39387.48543;45271.81713;8617;3;17.4;7.6;545;4.6;0.46;5.2;0.303030199;0.303030199;0;-47.31724384;60;43;4.3;0.6;13.95;M;1;0;0;0;0;0;0;0;0;0
19;17;9932;39387.48543;45271.81713;8617;3;17.4;7.6;545;4.6;0.46;5.2;0.134793555;0.134793555;0;-32.49992995;68;42;4.2;0.68;16.19;F;0;16;0;0;0;0;0;0;0;0
20;17;9932;39387.48543;45271.81713;8617;3;17.4;7.6;545;4.6;0.46;5.2;0.370682276;0.370682276;0;-79.27664815;94;52;5.2;0.94;18.08;M;0;44;0;0;0;0;0;0;0;0
1;18;9992;15837.75852;44142.91515;4261;3;22.5;7.6;561;3.207777778;0.054;2.1;10.01684677;0.016849194;9.999997575;3.980047958;85;39;3.9;0.85;21.79;M;0;2;0;0;0;0;0;0;11;0
2;18;9992;15837.75852;44142.91515;4261;3;22.5;7.6;561;3.207777778;0.054;2.1;0.984912063;0.075821375;0.909090689;8.018978888;77;37;3.7;0.77;20.81;M;0;9;0;0;0;0;0;0;1;0
3;18;9992;15837.75852;44142.91515;4261;3;22.5;7.6;561;3.207777778;0.054;2.1;0.092670569;0.092670569;0;-7.896531061;67;38;3.8;0.67;17.63;F;0;11;0;0;0;0;0;0;0;0
5;18;9992;15837.75852;44142.91515;4261;3;22.5;7.6;561;3.207777778;0.054;2.1;9.234890845;1.053074647;8.181816198;15.37450008;54;31;3.1;0.54;17.42;M;0;125;0;0;0;0;0;0;9;0
6;18;9992;15837.75852;44142.91515;4261;3;22.5;7.6;561;3.207777778;0.054;2.1;0.766638343;0.766638343;0;20.1711652;78;35;3.5;0.78;22.29;M;0;91;0;0;0;0;0;0;0;0
7;18;9992;15837.75852;44142.91515;4261;3;22.5;7.6;561;3.207777778;0.054;2.1;5.008438247;0.008424597;5.00001365;19.38029132;72;34;3.4;0.72;21.18;M;0;1;0;0;0;1;0;0;0;0
12;18;9992;15837.75852;44142.91515;4261;3;22.5;7.6;561;3.207777778;0.054;2.1;0.176916541;0.176916541;0;49.15073816;63;21;2.1;0.63;30;M;0;21;0;0;0;0;0;0;0;0
13;18;9992;15837.75852;44142.91515;4261;3;22.5;7.6;561;3.207777778;0.054;2.1;1.415332325;1.415332325;0;16.37450008;55;31;3.1;0.55;17.74;F;0;168;0;0;0;0;0;0;0;0
14;18;9992;15837.75852;44142.91515;4261;3;22.5;7.6;561;3.207777778;0.054;2.1;0;0;0;11.01897889;80;37;3.7;0.8;21.62;F;0;0;0;0;0;0;0;0;0;0
15;18;9992;15837.75852;44142.91515;4261;3;22.5;7.6;561;3.207777778;0.054;2.1;0;0;0;-11.54829754;117;46;4.6;1.17;25.43;F;0;0;0;0;0;0;0;0;0;0
16;18;9992;15837.75852;44142.91515;4261;3;22.5;7.6;561;3.207777778;0.054;2.1;0.008424597;0.008424597;0;-9.839102386;126;47;4.7;1.26;26.81;M;0;1;0;0;0;0;0;0;0;0
17;18;9992;15837.75852;44142.91515;4261;3;22.5;7.6;561;3.207777778;0.054;2.1;0.008424597;0.008424597;0;-53.70391986;112;51;5.1;1.12;21.96;M;0;1;0;0;0;0;0;0;0;0
18;18;9992;15837.75852;44142.91515;4261;3;22.5;7.6;561;3.207777778;0.054;2.1;4.865332836;0.319879393;4.545453443;-14.61970868;38;34;3.4;0.38;11.18;M;1;2;0;0;0;0;0;0;5;0
19;18;9992;15837.75852;44142.91515;4261;3;22.5;7.6;561;3.207777778;0.054;2.1;0.050547583;0.050547583;0;-21.00426611;22;32;3.2;0.22;6.88;F;0;6;0;0;0;0;0;0;0;0
20;18;9992;15837.75852;44142.91515;4261;3;22.5;7.6;561;3.207777778;0.054;2.1;0.252737915;0.252737915;0;-28.8288348;29;35;3.5;0.29;8.29;M;0;30;0;0;0;0;0;0;0;0
21;18;9992;15837.75852;44142.91515;4261;3;22.5;7.6;561;3.207777778;0.054;2.1;0;0;0;-37.70391986;128;51;5.1;1.28;25.1;M;0;0;0;0;0;0;0;0;0;0
1;19;6093;67396.48604;64632.42266;31094;1;16.2;8.3;941;0.75;0.24;8.7;0.378851573;0.378851573;0;-2.287197317;61;36;3.6;0.61;16.94;F;1;9;0;0;0;0;0;0;0;0
2;19;6093;67396.48604;64632.42266;31094;1;16.2;8.3;941;0.75;0.24;8.7;0.016849194;0.016849194;0;-3.019952042;78;39;3.9;0.78;20;M;0;2;0;0;0;0;0;0;0;0
3;19;6093;67396.48604;64632.42266;31094;1;16.2;8.3;941;0.75;0.24;8.7;0.319879393;0.319879393;0;3.205246691;34;29;2.9;0.34;11.72;F;1;2;0;0;0;0;0;0;0;0
4;19;6093;67396.48604;64632.42266;31094;1;16.2;8.3;941;0.75;0.24;8.7;1.717596625;1.717596625;0;1.44892939;36;30;3;0.36;12;F;4;60;0;0;0;0;0;0;0;0
6;19;6093;67396.48604;64632.42266;31094;1;16.2;8.3;941;0.75;0.24;8.7;0.379106873;0.379106873;0;0.70844478;25;27;2.7;0.25;9.26;F;0;45;0;0;0;0;0;0;0;0
7;19;6093;67396.48604;64632.42266;31094;1;16.2;8.3;941;0.75;0.24;8.7;1.330065154;1.330065154;0;2.773893371;22;25;2.5;0.22;8.8;F;4;14;0;0;0;0;0;0;0;0
10;19;6093;67396.48604;64632.42266;31094;1;16.2;8.3;941;0.75;0.24;8.7;1.279772871;1.279772871;0;-0.794753309;30;29;2.9;0.3;10.34;F;3;44;0;0;0;0;0;0;0;0
11;19;6093;67396.48604;64632.42266;31094;1;16.2;8.3;941;0.75;0.24;8.7;0.606060397;0.606060397;0;33.50007005;134;42;4.2;1.34;31.9;F;2;0;0;0;0;0;0;0;0;0
12;19;6093;67396.48604;64632.42266;31094;1;16.2;8.3;941;0.75;0.24;8.7;0.32830399;0.32830399;0;49.68275616;157;43;4.3;1.57;36.51;M;1;3;0;0;0;0;0;0;0;0
13;19;6093;67396.48604;64632.42266;31094;1;16.2;8.3;941;0.75;0.24;8.7;0.311454796;0.311454796;0;-34.28719732;29;36;3.6;0.29;8.06;F;1;1;0;0;0;0;0;0;0;0
14;19;6093;67396.48604;64632.42266;31094;1;16.2;8.3;941;0.75;0.24;8.7;1.220545391;1.220545391;0;-10.58040331;193;56;5.6;1.93;34.46;F;4;1;0;0;0;0;0;0;0;0
15;19;6093;67396.48604;64632.42266;31094;1;16.2;8.3;941;0.75;0.24;8.7;0;0;0;-114.8644358;66;53;5.3;0.66;12.45;F;0;0;0;0;0;0;0;0;0;0
16;19;6093;67396.48604;64632.42266;31094;1;16.2;8.3;941;0.75;0.24;8.7;0.606060397;0.606060397;0;-85.58040331;118;56;5.6;1.18;21.07;F;2;0;0;0;0;0;0;0;0;0
17;19;6093;67396.48604;64632.42266;31094;1;16.2;8.3;941;0.75;0.24;8.7;0;0;0;-12.55929865;235;62;6.2;2.35;37.9;F;0;0;0;0;0;0;0;0;0;0
18;19;6093;67396.48604;64632.42266;31094;1;16.2;8.3;941;0.75;0.24;8.7;0.025273792;0.025273792;0;-14.67359407;33;33;3.3;0.33;10;M;0;3;0;0;0;0;0;0;0;0
19;19;6093;67396.48604;64632.42266;31094;1;16.2;8.3;941;0.75;0.24;8.7;0.025273792;0.025273792;0;-49.54829754;79;46;4.6;0.79;17.17;M;0;3;0;0;0;0;0;0;0;0
20;19;6093;67396.48604;64632.42266;31094;1;16.2;8.3;941;0.75;0.24;8.7;0.303030199;0.303030199;0;11.45995223;266;63;6.3;2.66;42.22;F;1;0;0;0;0;0;0;0;0;0
1;20;2762;76898.41061;72865.43489;40589;1;15.9;8.1;875;2;0.095;8.1;0;0;0;-3.828834797;54;35;3.5;0.54;15.43;M;0;0;0;0;0;0;0;0;0;0
4;20;2762;76898.41061;72865.43489;40589;1;15.9;8.1;875;2;0.095;8.1;0;0;0;2.7330238;20;24;2.4;0.2;8.33;F;0;0;0;0;0;0;0;0;0;0
5;20;2762;76898.41061;72865.43489;40589;1;15.9;8.1;875;2;0.095;8.1;0.353577782;0.353577782;0;-7.370323139;20;28;2.8;0.2;7.14;F;1;6;0;0;0;0;0;0;0;0
6;20;2762;76898.41061;72865.43489;40589;1;15.9;8.1;875;2;0.095;8.1;1.742615116;1.742615116;0;0.995733885;44;32;3.2;0.44;13.75;M;5;27;0;0;0;0;0;0;0;0
8;20;2762;76898.41061;72865.43489;40589;1;15.9;8.1;875;2;0.095;8.1;0.092670569;0.092670569;0;-1.572224676;20;26;2.6;0.2;7.69;M;0;11;0;0;0;0;0;0;0;0
9;20;2762;76898.41061;72865.43489;40589;1;15.9;8.1;875;2;0.095;8.1;2.44951538;2.44951538;0;-2.708608511;13;23;2.3;0.13;5.65;F;8;3;0;0;0;0;0;0;0;0
10;20;2762;76898.41061;72865.43489;40589;1;15.9;8.1;875;2;0.095;8.1;1.565698576;1.565698576;0;2.629676861;30;28;2.8;0.3;10.71;F;5;6;0;0;0;0;0;0;0;0
1;21;10425;21751.45973;58440.63861;7562;1;19.6;8;812;1;0.36;6.9;0;0;0;40.16457339;134;41;4.1;1.34;32.68;F;0;0;0;0;0;0;0;0;0;0
2;21;10425;21751.45973;58440.63861;7562;1;19.6;8;812;1;0.36;6.9;5.185342252;5.185342252;0;19.68275616;127;43;4.3;1.27;29.53;F;0;22;2;0;0;0;0;0;0;0
3;21;10425;21751.45973;58440.63861;7562;1;19.6;8;812;1;0.36;6.9;0.050547583;0.050547583;0;29.50007005;130;42;4.2;1.3;30.95;M;0;6;0;0;0;0;0;0;0;0
4;21;10425;21751.45973;58440.63861;7562;1;19.6;8;812;1;0.36;6.9;0.050547583;0.050547583;0;6.326405926;54;33;3.3;0.54;16.36;F;0;6;0;0;0;0;0;0;0;0
5;21;10425;21751.45973;58440.63861;7562;1;19.6;8;812;1;0.36;6.9;0.959893478;0.959893478;0;1.773893371;21;25;2.5;0.21;8.4;M;2;42;0;0;0;0;0;0;0;0
6;21;10425;21751.45973;58440.63861;7562;1;19.6;8;812;1;0.36;6.9;0.210614929;0.210614929;0;18.68275616;126;43;4.3;1.26;29.3;M;0;25;0;0;0;0;0;0;0;0
7;21;10425;21751.45973;58440.63861;7562;1;19.6;8;812;1;0.36;6.9;1.422991023;1.422991023;0;6.171165203;64;35;3.5;0.64;18.29;F;3;61;0;0;0;0;0;0;0;0
9;21;10425;21751.45973;58440.63861;7562;1;19.6;8;812;1;0.36;6.9;10.11794659;10.11794659;0;5.326405926;53;33;3.3;0.53;16.06;F;0;14;4;0;0;0;0;0;0;0
10;21;10425;21751.45973;58440.63861;7562;1;19.6;8;812;1;0.36;6.9;6.995224029;3.358861275;3.636362755;6.435221315;21;22;2.2;0.21;9.55;M;10;39;0;0;0;0;0;0;4;0
11;21;10425;21751.45973;58440.63861;7562;1;19.6;8;812;1;0.36;6.9;2.500000499;0;2.500000499;6.980047958;88;39;3.9;0.88;22.56;M;0;0;0;0;0;0;1;0;0;0
12;21;10425;21751.45973;58440.63861;7562;1;19.6;8;812;1;0.36;6.9;2.963160507;2.963160507;0;31.10346894;106;38;3.8;1.06;27.89;F;9;28;0;0;0;0;0;0;0;0
13;21;10425;21751.45973;58440.63861;7562;1;19.6;8;812;1;0.36;6.9;1.346914349;1.346914349;0;-27.35520276;94;45;4.5;0.94;20.89;M;4;16;0;0;0;0;0;0;0;0
14;21;10425;21751.45973;58440.63861;7562;1;19.6;8;812;1;0.36;6.9;7.525275462;7.525275462;0;-31.28719732;32;36;3.6;0.32;8.89;M;0;3;3;0;0;0;0;0;0;0
15;21;10425;21751.45973;58440.63861;7562;1;19.6;8;812;1;0.36;6.9;0.109519763;0.109519763;0;-38.49992995;62;42;4.2;0.62;14.76;M;0;13;0;0;0;0;0;0;0;0
16;21;10425;21751.45973;58440.63861;7562;1;19.6;8;812;1;0.36;6.9;0.44624835;0.44624835;0;4.171165203;62;35;3.5;0.62;17.71;M;1;17;0;0;0;0;0;0;0;0
17;21;10425;21751.45973;58440.63861;7562;1;19.6;8;812;1;0.36;6.9;0.008424597;0.008424597;0;-54.27359315;60;44;4.4;0.6;13.64;M;0;1;0;0;0;0;0;0;0;0
18;21;10425;21751.45973;58440.63861;7562;1;19.6;8;812;1;0.36;6.9;7.878853244;7.878853244;0;-6.287197317;57;36;3.6;0.57;15.83;M;1;9;3;0;0;0;0;0;0;0
19;21;10425;21751.45973;58440.63861;7562;1;19.6;8;812;1;0.36;6.9;0.016849194;0.016849194;0;-30.83910239;105;47;4.7;1.05;22.34;F;0;2;0;0;0;0;0;0;0;0
20;21;10425;21751.45973;58440.63861;7562;1;19.6;8;812;1;0.36;6.9;0.008424597;0.008424597;0;-43.33750893;44;40;4;0.44;11;M;0;1;0;0;0;0;0;0;0;0
1;22;21941;44196.46983;47879.02199;13904;6;17.3;7.1;358;2;0.12;6.5;0.202190332;0.202190332;0;22.68275616;130;43;4.3;1.3;30.23;M;0;24;0;0;0;0;0;0;0;0
2;22;21941;44196.46983;47879.02199;13904;6;17.3;7.1;358;2;0.12;6.5;0.134793555;0.134793555;0;14.45170246;143;46;4.6;1.43;31.09;M;0;16;0;0;0;0;0;0;0;0
3;22;21941;44196.46983;47879.02199;13904;6;17.3;7.1;358;2;0.12;6.5;0.016849194;0.016849194;0;23.16457339;117;41;4.1;1.17;28.54;M;0;2;0;0;0;0;0;0;0;0
4;22;21941;44196.46983;47879.02199;13904;6;17.3;7.1;358;2;0.12;6.5;0.05897218;0.05897218;0;5.644797241;127;45;4.5;1.27;28.22;M;0;7;0;0;0;0;0;0;0;0
5;22;21941;44196.46983;47879.02199;13904;6;17.3;7.1;358;2;0.12;6.5;0.067396777;0.067396777;0;22.68275616;130;43;4.3;1.3;30.23;M;0;8;0;0;0;0;0;0;0;0
7;22;21941;44196.46983;47879.02199;13904;6;17.3;7.1;358;2;0.12;6.5;0.05897218;0.05897218;0;6.629676861;34;28;2.8;0.34;12.14;M;0;7;0;0;0;0;0;0;0;0
10;22;21941;44196.46983;47879.02199;13904;6;17.3;7.1;358;2;0.12;6.5;0;0;0;8.726406849;123;44;4.4;1.23;27.95;M;0;0;0;0;0;0;0;0;0;0
11;22;21941;44196.46983;47879.02199;13904;6;17.3;7.1;358;2;0.12;6.5;0.008424597;0.008424597;0;40.66249107;128;40;4;1.28;32;M;0;1;0;0;0;0;0;0;0;0
12;22;21941;44196.46983;47879.02199;13904;6;17.3;7.1;358;2;0.12;6.5;0.016849194;0.016849194;0;4.682756158;112;43;4.3;1.12;26.05;F;0;2;0;0;0;0;0;0;0;0
13;22;21941;44196.46983;47879.02199;13904;6;17.3;7.1;358;2;0.12;6.5;0.917515286;0.008424597;0.909090689;27.71280268;91;36;3.6;0.91;25.28;F;0;1;0;0;0;0;0;0;1;0
14;22;21941;44196.46983;47879.02199;13904;6;17.3;7.1;358;2;0.12;6.5;5.464244669;5.464244669;0;-46.31724384;61;43;4.3;0.61;14.19;M;13;181;0;0;0;0;0;0;0;0
15;22;21941;44196.46983;47879.02199;13904;6;17.3;7.1;358;2;0.12;6.5;0.042122986;0.042122986;0;-70.83910239;65;47;4.7;0.65;13.83;M;0;5;0;0;0;0;0;0;0;0
16;22;21941;44196.46983;47879.02199;13904;6;17.3;7.1;358;2;0.12;6.5;0;0;0;-34.54829754;94;46;4.6;0.94;20.43;M;0;0;0;0;0;0;0;0;0;0
17;22;21941;44196.46983;47879.02199;13904;6;17.3;7.1;358;2;0.12;6.5;0;0;0;-54.49992995;46;42;4.2;0.46;10.95;F;0;0;0;0;0;0;0;0;0;0
18;22;21941;44196.46983;47879.02199;13904;6;17.3;7.1;358;2;0.12;6.5;0.008424597;0.008424597;0;-30.27359315;84;44;4.4;0.84;19.09;F;0;1;0;0;0;0;0;0;0;0
19;22;21941;44196.46983;47879.02199;13904;6;17.3;7.1;358;2;0.12;6.5;0;0;0;-41.49992995;59;42;4.2;0.59;14.05;M;0;0;0;0;0;0;0;0;0;0
20;22;21941;44196.46983;47879.02199;13904;6;17.3;7.1;358;2;0.12;6.5;0;0;0;-18.83542661;75;41;4.1;0.75;18.29;M;0;0;0;0;0;0;0;0;0;0
1;23;8318;49989.625;53511.25618;19715;7;15.1;7.2;166;2;0.16;8;0;0;0;-2.981021112;66;37;3.7;0.66;17.84;M;0;0;0;0;0;0;0;0;0;0
2;23;8318;49989.625;53511.25618;19715;7;15.1;7.2;166;2;0.16;8;0;0;0;8.980047958;90;39;3.9;0.9;23.08;M;0;0;0;0;0;0;0;0;0;0
3;23;8318;49989.625;53511.25618;19715;7;15.1;7.2;166;2;0.16;8;0;0;0;2.980047958;84;39;3.9;0.84;21.54;F;0;0;0;0;0;0;0;0;0;0
4;23;8318;49989.625;53511.25618;19715;7;15.1;7.2;166;2;0.16;8;0;0;0;3.712802683;67;36;3.6;0.67;18.61;F;0;0;0;0;0;0;0;0;0;0
5;23;8318;49989.625;53511.25618;19715;7;15.1;7.2;166;2;0.16;8;10.00842115;10.00842115;0;10.71280268;74;36;3.6;0.74;20.56;F;33;1;0;0;0;0;0;0;0;0
6;23;8318;49989.625;53511.25618;19715;7;15.1;7.2;166;2;0.16;8;0.008424597;0.008424597;0;19.66249107;107;40;4;1.07;26.75;M;0;1;0;0;0;0;0;0;0;0
7;23;8318;49989.625;53511.25618;19715;7;15.1;7.2;166;2;0.16;8;0;0;0;14.01897889;83;37;3.7;0.83;22.43;M;0;0;0;0;0;0;0;0;0;0
8;23;8318;49989.625;53511.25618;19715;7;15.1;7.2;166;2;0.16;8;0.008424597;0.008424597;0;8.103468939;83;38;3.8;0.83;21.84;M;0;1;0;0;0;0;0;0;0;0
9;23;8318;49989.625;53511.25618;19715;7;15.1;7.2;166;2;0.16;8;0.016849194;0.016849194;0;17.1711652;75;35;3.5;0.75;21.43;M;0;2;0;0;0;0;0;0;0;0
10;23;8318;49989.625;53511.25618;19715;7;15.1;7.2;166;2;0.16;8;0;0;0;13.01897889;82;37;3.7;0.82;22.16;M;0;0;0;0;0;0;0;0;0;0
11;23;8318;49989.625;53511.25618;19715;7;15.1;7.2;166;2;0.16;8;0.084245972;0.084245972;0;7.374500081;46;31;3.1;0.46;14.84;M;0;10;0;0;0;0;0;0;0;0
12;23;8318;49989.625;53511.25618;19715;7;15.1;7.2;166;2;0.16;8;0.008424597;0.008424597;0;-7.828834797;50;35;3.5;0.5;14.29;F;0;1;0;0;0;0;0;0;0;0
13;23;8318;49989.625;53511.25618;19715;7;15.1;7.2;166;2;0.16;8;0;0;0;11.99573389;55;32;3.2;0.55;17.19;F;0;0;0;0;0;0;0;0;0;0
14;23;8318;49989.625;53511.25618;19715;7;15.1;7.2;166;2;0.16;8;0;0;0;2.018978888;71;37;3.7;0.71;19.19;M;0;0;0;0;0;0;0;0;0;0
15;23;8318;49989.625;53511.25618;19715;7;15.1;7.2;166;2;0.16;8;0.909090596;0.909090596;0;-15.62549992;23;31;3.1;0.23;7.42;F;3;0;0;0;0;0;0;0;0;0
16;23;8318;49989.625;53511.25618;19715;7;15.1;7.2;166;2;0.16;8;0.303030199;0.303030199;0;-19.33750893;68;40;4;0.68;17;F;1;0;0;0;0;0;0;0;0;0
1;24;37125;35027.42509;37413.39053;461;5;22.9;8;740;2;0.58;1.9;0.143218152;0.143218152;0;17.64479724;139;45;4.5;1.39;30.89;M;0;17;0;0;0;0;0;0;0;0
2;24;37125;35027.42509;37413.39053;461;5;22.9;8;740;2;0.58;1.9;0.648693983;0.648693983;0;8.726406849;123;44;4.4;1.23;27.95;F;0;77;0;0;0;0;0;0;0;0
3;24;37125;35027.42509;37413.39053;461;5;22.9;8;740;2;0.58;1.9;1.356360145;1.356360145;0;-1.273593151;113;44;4.4;1.13;25.68;F;0;161;0;0;0;0;0;0;0;0
4;24;37125;35027.42509;37413.39053;461;5;22.9;8;740;2;0.58;1.9;0.202190332;0.202190332;0;6.451702455;135;46;4.6;1.35;29.35;F;0;24;0;0;0;0;0;0;0;0
5;24;37125;35027.42509;37413.39053;461;5;22.9;8;740;2;0.58;1.9;0.042122986;0.042122986;0;5.451702455;134;46;4.6;1.34;29.13;M;0;5;0;0;0;0;0;0;0;0
6;24;37125;35027.42509;37413.39053;461;5;22.9;8;740;2;0.58;1.9;0.682392371;0.682392371;0;16.68275616;124;43;4.3;1.24;28.84;F;0;81;0;0;0;0;0;0;0;0
7;24;37125;35027.42509;37413.39053;461;5;22.9;8;740;2;0.58;1.9;3.399671657;1.971100439;1.428571218;11.16457339;105;41;4.1;1.05;25.61;F;1;198;0;1;0;0;0;0;0;0
8;24;37125;35027.42509;37413.39053;461;5;22.9;8;740;2;0.58;1.9;0.859308912;0.859308912;0;32.64479724;154;45;4.5;1.54;34.22;M;0;102;0;0;0;0;0;0;0;0
9;24;37125;35027.42509;37413.39053;461;5;22.9;8;740;2;0.58;1.9;1.010951661;1.010951661;0;12.66249107;100;40;4;1;25;M;0;120;0;0;0;0;0;0;0;0
10;24;37125;35027.42509;37413.39053;461;5;22.9;8;740;2;0.58;1.9;2.388209489;0.050547583;2.337661906;34.16089761;170;47;4.7;1.7;36.17;M;0;6;0;1;0;0;0;0;1;0
11;24;37125;35027.42509;37413.39053;461;5;22.9;8;740;2;0.58;1.9;0.067396777;0.067396777;0;52.66249107;140;40;4;1.4;35;M;0;8;0;0;0;0;0;0;0;0
12;24;37125;35027.42509;37413.39053;461;5;22.9;8;740;2;0.58;1.9;0.016849194;0.016849194;0;33.50007005;134;42;4.2;1.34;31.9;M;0;2;0;0;0;0;0;0;0;0
1;26;21588;62693.46116;59347.2448;16041;5;18.4;8.1;958;2;0.31;5.3;0.033698389;0.033698389;0;26.71280268;90;36;3.6;0.9;25;M;0;4;0;0;0;0;0;0;0;0
2;26;21588;62693.46116;59347.2448;16041;5;18.4;8.1;958;2;0.31;5.3;0.067396777;0.067396777;0;8.773893371;28;25;2.5;0.28;11.2;M;0;8;0;0;0;0;0;0;0;0
3;26;21588;62693.46116;59347.2448;16041;5;18.4;8.1;958;2;0.31;5.3;1.835540985;1.835540985;0;-0.564778685;14;22;2.2;0.14;6.36;F;4;74;0;0;0;0;0;0;0;0
4;26;21588;62693.46116;59347.2448;16041;5;18.4;8.1;958;2;0.31;5.3;0.395956067;0.395956067;0;15.37450008;54;31;3.1;0.54;17.42;M;0;47;0;0;0;0;0;0;0;0
5;26;21588;62693.46116;59347.2448;16041;5;18.4;8.1;958;2;0.31;5.3;0.109519763;0.109519763;0;24.37450008;63;31;3.1;0.63;20.32;F;0;13;0;0;0;0;0;0;0;0
6;26;21588;62693.46116;59347.2448;16041;5;18.4;8.1;958;2;0.31;5.3;1.137065319;1.137065319;0;8.629676861;36;28;2.8;0.36;12.86;M;1;99;0;0;0;0;0;0;0;0
7;26;21588;62693.46116;59347.2448;16041;5;18.4;8.1;958;2;0.31;5.3;1.600673463;1.600673463;0;5.427775324;27;26;2.6;0.27;10.38;F;0;190;0;0;0;0;0;0;0;0
9;26;21588;62693.46116;59347.2448;16041;5;18.4;8.1;958;2;0.31;5.3;2.803030755;2.803030755;0;24.38029132;77;34;3.4;0.77;22.65;F;1;0;1;0;0;0;0;0;0;0
11;26;21588;62693.46116;59347.2448;16041;5;18.4;8.1;958;2;0.31;5.3;3.342522773;2.433432085;0.909090689;-5.55107061;29;30;3;0.29;9.67;M;5;109;0;0;0;0;0;0;1;0
12;26;21588;62693.46116;59347.2448;16041;5;18.4;8.1;958;2;0.31;5.3;0.859308912;0.859308912;0;-14.67359407;33;33;3.3;0.33;10;M;0;102;0;0;0;0;0;0;0;0
13;26;21588;62693.46116;59347.2448;16041;5;18.4;8.1;958;2;0.31;5.3;0.934874987;0.934874987;0;6.205246691;37;29;2.9;0.37;12.76;M;1;75;0;0;0;0;0;0;0;0
14;26;21588;62693.46116;59347.2448;16041;5;18.4;8.1;958;2;0.31;5.3;0.782976938;0.782976938;0;-10.00426611;33;32;3.2;0.33;10.31;M;2;21;0;0;0;0;0;0;0;0
15;26;21588;62693.46116;59347.2448;16041;5;18.4;8.1;958;2;0.31;5.3;1.187868202;1.187868202;0;-12.00426611;31;32;3.2;0.31;9.69;M;0;141;0;0;0;0;0;0;0;0
16;26;21588;62693.46116;59347.2448;16041;5;18.4;8.1;958;2;0.31;5.3;0.842204418;0.842204418;0;-6.370323139;21;28;2.8;0.21;7.5;M;1;64;0;0;0;0;0;0;0;0
17;26;21588;62693.46116;59347.2448;16041;5;18.4;8.1;958;2;0.31;5.3;1.196292799;1.196292799;0;43.50007005;144;42;4.2;1.44;34.29;M;0;142;0;0;0;0;0;0;0;0
18;26;21588;62693.46116;59347.2448;16041;5;18.4;8.1;958;2;0.31;5.3;0.202190332;0.202190332;0;-6.004266115;37;32;3.2;0.37;11.56;F;0;24;0;0;0;0;0;0;0;0
19;26;21588;62693.46116;59347.2448;16041;5;18.4;8.1;958;2;0.31;5.3;0.454672948;0.454672948;0;72.1711652;130;35;3.5;1.3;37.14;M;1;18;0;0;0;0;0;0;0;0
20;26;21588;62693.46116;59347.2448;16041;5;18.4;8.1;958;2;0.31;5.3;1.187357602;1.187357602;0;-62.35520276;59;45;4.5;0.59;13.11;M;2;69;0;0;0;0;0;0;0;0
1;28;32524;46890.91789;45740.16059;10888;11;23.4;8.5;974;2;0.37;5.6;0.185341138;0.185341138;0;20.16089761;156;47;4.7;1.56;33.19;F;0;22;0;0;0;0;0;0;0;0
2;28;32524;46890.91789;45740.16059;10888;11;23.4;8.5;974;2;0.37;5.6;0.075821375;0.075821375;0;37.64479724;159;45;4.5;1.59;35.33;M;0;9;0;0;0;0;0;0;0;0
3;28;32524;46890.91789;45740.16059;10888;11;23.4;8.5;974;2;0.37;5.6;0.050547583;0.050547583;0;23.68275616;131;43;4.3;1.31;30.47;M;0;6;0;0;0;0;0;0;0;0
5;28;32524;46890.91789;45740.16059;10888;11;23.4;8.5;974;2;0.37;5.6;0.016849194;0.016849194;0;8.712802683;72;36;3.6;0.72;20;F;0;2;0;0;0;0;0;0;0;0
6;28;32524;46890.91789;45740.16059;10888;11;23.4;8.5;974;2;0.37;5.6;0;0;0;38.98004796;120;39;3.9;1.2;30.77;M;0;0;0;0;0;0;0;0;0;0
7;28;32524;46890.91789;45740.16059;10888;11;23.4;8.5;974;2;0.37;5.6;5.025274905;5.025274905;0;17.72640685;132;44;4.4;1.32;30;F;0;3;2;0;0;0;0;0;0;0
8;28;32524;46890.91789;45740.16059;10888;11;23.4;8.5;974;2;0.37;5.6;0;0;0;6.164573389;100;41;4.1;1;24.39;F;0;0;0;0;0;0;0;0;0;0
9;28;32524;46890.91789;45740.16059;10888;11;23.4;8.5;974;2;0.37;5.6;0.016849194;0.016849194;0;13.70844478;38;27;2.7;0.38;14.07;F;0;2;0;0;0;0;0;0;0;0
10;28;32524;46890.91789;45740.16059;10888;11;23.4;8.5;974;2;0.37;5.6;0.033698389;0.033698389;0;20.32640593;68;33;3.3;0.68;20.61;M;0;4;0;0;0;0;0;0;0;0
11;28;32524;46890.91789;45740.16059;10888;11;23.4;8.5;974;2;0.37;5.6;0.522325025;0.522325025;0;-27.31724384;80;43;4.3;0.8;18.6;F;0;62;0;0;0;0;0;0;0;0
12;28;32524;46890.91789;45740.16059;10888;11;23.4;8.5;974;2;0.37;5.6;1.37320934;1.37320934;0;0.726406849;115;44;4.4;1.15;26.14;F;0;163;0;0;0;0;0;0;0;0
13;28;32524;46890.91789;45740.16059;10888;11;23.4;8.5;974;2;0.37;5.6;2.940184414;2.940184414;0;18.16457339;112;41;4.1;1.12;27.32;M;0;349;0;0;0;0;0;0;0;0
14;28;32524;46890.91789;45740.16059;10888;11;23.4;8.5;974;2;0.37;5.6;2.502105361;2.502105361;0;-2.317243842;105;43;4.3;1.05;24.42;F;0;297;0;0;0;0;0;0;0;0
15;28;32524;46890.91789;45740.16059;10888;11;23.4;8.5;974;2;0.37;5.6;0.71609076;0.71609076;0;-5.896531061;69;38;3.8;0.69;18.16;M;0;85;0;0;0;0;0;0;0;0
16;28;32524;46890.91789;45740.16059;10888;11;23.4;8.5;974;2;0.37;5.6;0.042122986;0.042122986;0;-32.27359315;82;44;4.4;0.82;18.64;F;0;5;0;0;0;0;0;0;0;0
17;28;32524;46890.91789;45740.16059;10888;11;23.4;8.5;974;2;0.37;5.6;0.067396777;0.067396777;0;-0.287197317;63;36;3.6;0.63;17.5;F;0;8;0;0;0;0;0;0;0;0
18;28;32524;46890.91789;45740.16059;10888;11;23.4;8.5;974;2;0.37;5.6;0.084245972;0.084245972;0;-7.828834797;50;35;3.5;0.5;14.29;M;0;10;0;0;0;0;0;0;0;0
19;28;32524;46890.91789;45740.16059;10888;11;23.4;8.5;974;2;0.37;5.6;2.354511101;0.016849194;2.337661906;-29.27359315;85;44;4.4;0.85;19.32;M;0;2;0;1;0;0;0;0;1;0
20;28;32524;46890.91789;45740.16059;10888;11;23.4;8.5;974;2;0.37;5.6;0.008424597;0.008424597;0;-51.31724384;56;43;4.3;0.56;13.02;M;0;1;0;0;0;0;0;0;0;0
1;29;8411;39137.99383;73590.70441;14625;3;17.9;7.7;762;2;0.1;8.1;0;0;0;9.500070046;110;42;4.2;1.1;26.19;F;0;0;0;0;0;0;0;0;0;0
2;29;8411;39137.99383;73590.70441;14625;3;17.9;7.7;762;2;0.1;8.1;0.016849194;0.016849194;0;8.726406849;123;44;4.4;1.23;27.95;F;0;2;0;0;0;0;0;0;0;0
4;29;8411;39137.99383;73590.70441;14625;3;17.9;7.7;762;2;0.1;8.1;0.303030199;0.303030199;0;14.38029132;67;34;3.4;0.67;19.71;F;1;0;0;0;0;0;0;0;0;0
5;29;8411;39137.99383;73590.70441;14625;3;17.9;7.7;762;2;0.1;8.1;0.639758786;0.639758786;0;12.16457339;106;41;4.1;1.06;25.85;M;2;4;0;0;0;0;0;0;0;0
6;29;8411;39137.99383;73590.70441;14625;3;17.9;7.7;762;2;0.1;8.1;0.303030199;0.303030199;0;7.326405926;55;33;3.3;0.55;16.67;M;1;0;0;0;0;0;0;0;0;0
7;29;8411;39137.99383;73590.70441;14625;3;17.9;7.7;762;2;0.1;8.1;0.042122986;0.042122986;0;31.78615784;175;48;4.8;1.75;36.46;F;0;5;0;0;0;0;0;0;0;0
8;29;8411;39137.99383;73590.70441;14625;3;17.9;7.7;762;2;0.1;8.1;10.1010944;0.101095166;9.99999923;6.662491068;94;40;4;0.94;23.5;F;0;12;0;0;0;0;0;1;0;0
10;29;8411;39137.99383;73590.70441;14625;3;17.9;7.7;762;2;0.1;8.1;0.033698389;0.033698389;0;10.99573389;54;32;3.2;0.54;16.88;F;0;4;0;0;0;0;0;0;0;0
1;30;7893;29684.13812;45131.07839;6985;8;22.5;7.8;734;5.6;0.44;2.5;0.984912063;0.075821375;0.909090689;13.50007005;114;42;4.2;1.14;27.14;M;0;9;0;0;0;0;0;0;1;0
2;30;7893;29684.13812;45131.07839;6985;8;22.5;7.8;734;5.6;0.44;2.5;4.105806207;0.859053612;3.246752595;1.662491068;89;40;4;0.89;22.25;M;1;66;0;1;0;0;0;0;2;0
3;30;7893;29684.13812;45131.07839;6985;8;22.5;7.8;734;5.6;0.44;2.5;7.231878836;1.777334704;5.454544132;2.164573389;96;41;4.1;0.96;23.41;F;1;175;0;0;0;0;0;0;6;0
4;30;7893;29684.13812;45131.07839;6985;8;22.5;7.8;734;5.6;0.44;2.5;0;0;0;51.34125825;202;49;4.9;2.02;41.22;M;0;0;0;0;0;0;0;0;0;0
5;30;7893;29684.13812;45131.07839;6985;8;22.5;7.8;734;5.6;0.44;2.5;0.101095166;0.101095166;0;6.164573389;100;41;4.1;1;24.39;M;0;12;0;0;0;0;0;0;0;0
6;30;7893;29684.13812;45131.07839;6985;8;22.5;7.8;734;5.6;0.44;2.5;1.70151333;1.70151333;0;-1.317243842;106;43;4.3;1.06;24.65;F;1;166;0;0;0;0;0;0;0;0
7;30;7893;29684.13812;45131.07839;6985;8;22.5;7.8;734;5.6;0.44;2.5;0;0;0;7.662491068;95;40;4;0.95;23.75;F;0;0;0;0;0;0;0;0;0;0
10;30;7893;29684.13812;45131.07839;6985;8;22.5;7.8;734;5.6;0.44;2.5;0.774552341;0.774552341;0;33.68275616;141;43;4.3;1.41;32.79;M;2;20;0;0;0;0;0;0;0;0
1;31;23430;2368.890831;43713.21298;1004;6;20.2;7.7;671;2;0.26;4.2;1.010951661;1.010951661;0;-0.835426611;93;41;4.1;0.93;22.68;F;0;120;0;0;0;0;0;0;0;0
2;31;23430;2368.890831;43713.21298;1004;6;20.2;7.7;671;2;0.26;4.2;0.008424597;0.008424597;0;15.68275616;123;43;4.3;1.23;28.6;M;0;1;0;0;0;0;0;0;0;0
3;31;23430;2368.890831;43713.21298;1004;6;20.2;7.7;671;2;0.26;4.2;2.533698946;2.533698946;0;6.500070046;107;42;4.2;1.07;25.48;M;0;4;1;0;0;0;0;0;0;0
4;31;23430;2368.890831;43713.21298;1004;6;20.2;7.7;671;2;0.26;4.2;2.516849751;2.516849751;0;8.726406849;123;44;4.4;1.23;27.95;M;0;2;1;0;0;0;0;0;0;0
5;31;23430;2368.890831;43713.21298;1004;6;20.2;7.7;671;2;0.26;4.2;2.48449036;1.575399672;0.909090689;2.164573389;96;41;4.1;0.96;23.41;F;0;187;0;0;0;0;0;0;1;0
6;31;23430;2368.890831;43713.21298;1004;6;20.2;7.7;671;2;0.26;4.2;5.00842567;0.008424597;5.000001073;27.78615784;171;48;4.8;1.71;35.63;F;0;1;0;0;0;1;0;0;0;0
8;31;23430;2368.890831;43713.21298;1004;6;20.2;7.7;671;2;0.26;4.2;0.160067346;0.160067346;0;29.16457339;123;41;4.1;1.23;30;M;0;19;0;0;0;0;0;0;0;0
9;31;23430;2368.890831;43713.21298;1004;6;20.2;7.7;671;2;0.26;4.2;2.643218709;2.643218709;0;23.71280268;87;36;3.6;0.87;24.17;M;0;17;1;0;0;0;0;0;0;0
1;32;7968;18797.65393;55885.32365;4133;2;17.9;8;687;1;0.16;8.5;0.421229859;0.421229859;0;21.34125825;172;49;4.9;1.72;35.1;M;0;50;0;0;0;0;0;0;0;0
2;32;7968;18797.65393;55885.32365;4133;2;17.9;8;687;1;0.16;8.5;0.26958711;0.26958711;0;4.380291324;57;34;3.4;0.57;16.76;F;0;32;0;0;0;0;0;0;0;0
4;32;7968;18797.65393;55885.32365;4133;2;17.9;8;687;1;0.16;8.5;0.345153184;0.345153184;0;5.326405926;53;33;3.3;0.53;16.06;F;1;5;0;0;0;0;0;0;0;0
6;32;7968;18797.65393;55885.32365;4133;2;17.9;8;687;1;0.16;8.5;0.025273792;0.025273792;0;2.662491068;90;40;4;0.9;22.5;F;0;3;0;0;0;0;0;0;0;0
8;32;7968;18797.65393;55885.32365;4133;2;17.9;8;687;1;0.16;8.5;2.966662199;0.109519763;2.857142436;7.374500081;46;31;3.1;0.46;14.84;F;0;13;0;2;0;0;0;0;0;0
9;32;7968;18797.65393;55885.32365;4133;2;17.9;8;687;1;0.16;8.5;0.65660798;0.65660798;0;6.205246691;37;29;2.9;0.37;12.76;F;2;6;0;0;0;0;0;0;0;0
10;32;7968;18797.65393;55885.32365;4133;2;17.9;8;687;1;0.16;8.5;2.130401886;2.130401886;0;9.629676861;37;28;2.8;0.37;13.21;F;4;109;0;0;0;0;0;0;0;0
11;32;7968;18797.65393;55885.32365;4133;2;17.9;8;687;1;0.16;8.5;0.126368958;0.126368958;0;-63.83910239;72;47;4.7;0.72;15.32;F;0;15;0;0;0;0;0;0;0;0
12;32;7968;18797.65393;55885.32365;4133;2;17.9;8;687;1;0.16;8.5;0.589466502;0.589466502;0;-29.21384216;114;48;4.8;1.14;23.75;F;1;34;0;0;0;0;0;0;0;0
13;32;7968;18797.65393;55885.32365;4133;2;17.9;8;687;1;0.16;8.5;1.883244165;0.454672948;1.428571218;-30.49992995;70;42;4.2;0.7;16.67;F;1;18;0;1;0;0;0;0;0;0
14;32;7968;18797.65393;55885.32365;4133;2;17.9;8;687;1;0.16;8.5;0.44624835;0.44624835;0;-36.21384216;107;48;4.8;1.07;22.29;F;1;17;0;0;0;0;0;0;0;0
15;32;7968;18797.65393;55885.32365;4133;2;17.9;8;687;1;0.16;8.5;0.219039527;0.219039527;0;-34.01995204;47;39;3.9;0.47;12.05;F;0;26;0;0;0;0;0;0;0;0
16;32;7968;18797.65393;55885.32365;4133;2;17.9;8;687;1;0.16;8.5;1.153659213;1.153659213;0;-29.98102111;39;37;3.7;0.39;10.54;F;2;65;0;0;0;0;0;0;0;0
17;32;7968;18797.65393;55885.32365;4133;2;17.9;8;687;1;0.16;8.5;0.092670569;0.092670569;0;-28.01995204;53;39;3.9;0.53;13.59;M;0;11;0;0;0;0;0;0;0;0
18;32;7968;18797.65393;55885.32365;4133;2;17.9;8;687;1;0.16;8.5;0.740853952;0.740853952;0;-11.37032314;16;28;2.8;0.16;5.71;M;2;16;0;0;0;0;0;0;0;0
19;32;7968;18797.65393;55885.32365;4133;2;17.9;8;687;1;0.16;8.5;1.069157942;1.069157942;0;-12.16002602;146;50;5;1.46;29.2;F;3;19;0;0;0;0;0;0;0;0
1;33;5316;26850.4624;63398.00232;12656;3;20.4;8;580;2.1;0.19;6.6;0.05897218;0.05897218;0;21.64479724;143;45;4.5;1.43;31.78;F;0;7;0;0;0;0;0;0;0;0
2;33;5316;26850.4624;63398.00232;12656;3;20.4;8;580;2.1;0.19;6.6;0.11794436;0.11794436;0;2.171165203;60;35;3.5;0.6;17.14;M;0;14;0;0;0;0;0;0;0;0
3;33;5316;26850.4624;63398.00232;12656;3;20.4;8;580;2.1;0.19;6.6;0;0;0;31.72640685;146;44;4.4;1.46;33.18;M;0;0;0;0;0;0;0;0;0;0
4;33;5316;26850.4624;63398.00232;12656;3;20.4;8;580;2.1;0.19;6.6;0;0;0;12.68275616;120;43;4.3;1.2;27.91;M;0;0;0;0;0;0;0;0;0;0
5;33;5316;26850.4624;63398.00232;12656;3;20.4;8;580;2.1;0.19;6.6;0.925939883;0.016849194;0.909090689;2.629676861;30;28;2.8;0.3;10.71;M;0;2;0;0;0;0;0;0;1;0
6;33;5316;26850.4624;63398.00232;12656;3;20.4;8;580;2.1;0.19;6.6;0;0;0;1.427775324;23;26;2.6;0.23;8.85;M;0;0;0;0;0;0;0;0;0;0
7;33;5316;26850.4624;63398.00232;12656;3;20.4;8;580;2.1;0.19;6.6;0;0;0;15.98004796;97;39;3.9;0.97;24.87;M;0;0;0;0;0;0;0;0;0;0
8;33;5316;26850.4624;63398.00232;12656;3;20.4;8;580;2.1;0.19;6.6;0.008424597;0.008424597;0;15.66249107;103;40;4;1.03;25.75;F;0;1;0;0;0;0;0;0;0;0
9;33;5316;26850.4624;63398.00232;12656;3;20.4;8;580;2.1;0.19;6.6;0;0;0;6.682756158;114;43;4.3;1.14;26.51;F;0;0;0;0;0;0;0;0;0;0
10;33;5316;26850.4624;63398.00232;12656;3;20.4;8;580;2.1;0.19;6.6;0;0;0;7.44892939;42;30;3;0.42;14;F;0;0;0;0;0;0;0;0;0;0
11;33;5316;26850.4624;63398.00232;12656;3;20.4;8;580;2.1;0.19;6.6;0;0;0;25.1711652;83;35;3.5;0.83;23.71;F;0;0;0;0;0;0;0;0;0;0
12;33;5316;26850.4624;63398.00232;12656;3;20.4;8;580;2.1;0.19;6.6;0;0;0;21.38029132;74;34;3.4;0.74;21.76;F;0;0;0;0;0;0;0;0;0;0
13;33;5316;26850.4624;63398.00232;12656;3;20.4;8;580;2.1;0.19;6.6;0.05897218;0.05897218;0;70.1711652;128;35;3.5;1.28;36.57;F;0;7;0;0;0;0;0;0;0;0
14;33;5316;26850.4624;63398.00232;12656;3;20.4;8;580;2.1;0.19;6.6;0;0;0;-46.49992995;54;42;4.2;0.54;12.86;F;0;0;0;0;0;0;0;0;0;0
16;33;5316;26850.4624;63398.00232;12656;3;20.4;8;580;2.1;0.19;6.6;0;0;0;-57.31724384;50;43;4.3;0.5;11.63;F;0;0;0;0;0;0;0;0;0;0
17;33;5316;26850.4624;63398.00232;12656;3;20.4;8;580;2.1;0.19;6.6;0.016849194;0.016849194;0;-39.49992995;61;42;4.2;0.61;14.52;F;0;2;0;0;0;0;0;0;0;0
18;33;5316;26850.4624;63398.00232;12656;3;20.4;8;580;2.1;0.19;6.6;0;0;0;-36.8288348;21;35;3.5;0.21;6;M;0;0;0;0;0;0;0;0;0;0
20;33;5316;26850.4624;63398.00232;12656;3;20.4;8;580;2.1;0.19;6.6;0.016849194;0.042122986;0;-50.49992995;50;42;4.2;0.5;11.9;M;0;2;0;0;0;0;0;0;0;0
20;33;5316;26850.4624;63398.00232;12656;3;20.4;8;580;2.1;0.19;6.6;0.042122986;0.016849194;0;-13.37032314;14;28;2.8;0.14;5;M;0;5;0;0;0;0;0;0;0;0
1;34;17084;30465.36231;65158.97932;5950;1;19.5;8.1;734;3.6;0.16;7.7;0.016849194;0.016849194;0;8.726406849;123;44;4.4;1.23;27.95;F;0;2;0;0;0;0;0;0;0;0
2;34;17084;30465.36231;65158.97932;5950;1;19.5;8.1;734;3.6;0.16;7.7;2.727272066;0;2.727272066;-1.273593151;113;44;4.4;1.13;25.68;M;0;0;0;0;0;0;0;0;3;0
3;34;17084;30465.36231;65158.97932;5950;1;19.5;8.1;734;3.6;0.16;7.7;0.008424597;0.008424597;0;-3.317243842;104;43;4.3;1.04;24.19;M;0;1;0;0;0;0;0;0;0;0
4;34;17084;30465.36231;65158.97932;5950;1;19.5;8.1;734;3.6;0.16;7.7;2.676917098;2.676917098;0;4.500070046;105;42;4.2;1.05;25;F;0;21;1;0;0;0;0;0;0;0
5;34;17084;30465.36231;65158.97932;5950;1;19.5;8.1;734;3.6;0.16;7.7;0.008424597;0.008424597;0;-0.499929954;100;42;4.2;1;23.81;F;0;1;0;0;0;0;0;0;0;0
6;34;17084;30465.36231;65158.97932;5950;1;19.5;8.1;734;3.6;0.16;7.7;0.5978911;0.5978911;0;-3.004266115;40;32;3.2;0.4;12.5;F;1;35;0;0;0;0;0;0;0;0
7;34;17084;30465.36231;65158.97932;5950;1;19.5;8.1;734;3.6;0.16;7.7;2.525274348;2.525274348;0;-1.019952042;80;39;3.9;0.8;20.51;F;0;3;1;0;0;0;0;0;0;0
8;34;17084;30465.36231;65158.97932;5950;1;19.5;8.1;734;3.6;0.16;7.7;0.008424597;0.008424597;0;7.644797241;129;45;4.5;1.29;28.67;F;0;1;0;0;0;0;0;0;0;0
9;34;17084;30465.36231;65158.97932;5950;1;19.5;8.1;734;3.6;0.16;7.7;5.312091321;5.312091321;0;2.380291324;55;34;3.4;0.55;16.18;F;15;91;0;0;0;0;0;0;0;0
10;34;17084;30465.36231;65158.97932;5950;1;19.5;8.1;734;3.6;0.16;7.7;0.404125365;0.404125365;0;-2.828834797;55;35;3.5;0.55;15.71;F;1;12;0;0;0;0;0;0;0;0
11;34;17084;30465.36231;65158.97932;5950;1;19.5;8.1;734;3.6;0.16;7.7;1.010185762;1.010185762;0;4.171165203;62;35;3.5;0.62;17.71;M;3;12;0;0;0;0;0;0;0;0
12;34;17084;30465.36231;65158.97932;5950;1;19.5;8.1;734;3.6;0.16;7.7;0.825610523;0.825610523;0;-7.337508932;80;40;4;0.8;20;F;0;98;0;0;0;0;0;0;0;0
14;34;17084;30465.36231;65158.97932;5950;1;19.5;8.1;734;3.6;0.16;7.7;0.033698389;0.033698389;0;6.164573389;100;41;4.1;1;24.39;F;0;4;0;0;0;0;0;0;0;0
15;34;17084;30465.36231;65158.97932;5950;1;19.5;8.1;734;3.6;0.16;7.7;0.244313318;0.244313318;0;-22.61970868;30;34;3.4;0.3;8.82;F;0;29;0;0;0;0;0;0;0;0
16;34;17084;30465.36231;65158.97932;5950;1;19.5;8.1;734;3.6;0.16;7.7;0.311454796;0.311454796;0;-34.28719732;29;36;3.6;0.29;8.06;F;1;1;0;0;0;0;0;0;0;0
17;34;17084;30465.36231;65158.97932;5950;1;19.5;8.1;734;3.6;0.16;7.7;0.042122986;0.042122986;0;-51.83542661;42;41;4.1;0.42;10.24;F;0;5;0;0;0;0;0;0;0;0
18;34;17084;30465.36231;65158.97932;5950;1;19.5;8.1;734;3.6;0.16;7.7;1.815847388;0.38727617;1.428571218;-35.83542661;58;41;4.1;0.58;14.15;F;1;10;0;1;0;0;0;0;0;0
19;34;17084;30465.36231;65158.97932;5950;1;19.5;8.1;734;3.6;0.16;7.7;3.66189279;0.32855929;3.3333335;-26.61970868;26;34;3.4;0.26;7.65;M;0;39;0;0;1;0;0;0;0;0
20;34;17084;30465.36231;65158.97932;5950;1;19.5;8.1;734;3.6;0.16;7.7;1.212631394;1.212631394;0;-23.61970868;29;34;3.4;0.29;8.53;F;2;72;0;0;0;0;0;0;0;0
2;35;9918;62281.61413;59901.22779;27722;6;17;8.1;791;2;0.22;8.5;0.682137071;0.682137071;0;3.018978888;72;37;3.7;0.72;19.46;F;1;45;0;0;0;0;0;0;0;0
3;35;9918;62281.61413;59901.22779;27722;6;17;8.1;791;2;0.22;8.5;0.126368958;0.126368958;0;3.164573389;97;41;4.1;0.97;23.66;M;0;15;0;0;0;0;0;0;0;0
4;35;9918;62281.61413;59901.22779;27722;6;17;8.1;791;2;0.22;8.5;0.311710095;0.311710095;0;15.68275616;123;43;4.3;1.23;28.6;F;0;37;0;0;0;0;0;0;0;0
5;35;9918;62281.61413;59901.22779;27722;6;17;8.1;791;2;0.22;8.5;1.507236995;1.507236995;0;15.72640685;130;44;4.4;1.3;29.55;M;3;71;0;0;0;0;0;0;0;0
6;35;9918;62281.61413;59901.22779;27722;6;17;8.1;791;2;0.22;8.5;11.81817804;11.81817804;0;7.380291324;60;34;3.4;0.6;17.65;M;6;1187;0;0;0;0;0;0;0;0
8;35;9918;62281.61413;59901.22779;27722;6;17;8.1;791;2;0.22;8.5;0.067396777;0.067396777;0;8.629676861;36;28;2.8;0.36;12.86;F;0;8;0;0;0;0;0;0;0;0
9;35;9918;62281.61413;59901.22779;27722;6;17;8.1;791;2;0.22;8.5;0.598146399;0.598146399;0;2.103468939;77;38;3.8;0.77;20.26;F;0;71;0;0;0;0;0;0;0;0
1;36;11143;66416.40839;63856.37472;30226;3;18.3;8.2;879;3.1;0.4;6.5;0.606315697;0.606315697;0;1.374500081;40;31;3.1;0.4;12.9;M;1;36;0;0;0;0;0;0;0;0
2;36;11143;66416.40839;63856.37472;30226;3;18.3;8.2;879;3.1;0.4;6.5;1.554940175;0.126368958;1.428571218;2.682756158;110;43;4.3;1.1;25.58;M;0;15;0;1;0;0;0;0;0;0
3;36;11143;66416.40839;63856.37472;30226;3;18.3;8.2;879;3.1;0.4;6.5;4.940862341;3.512291123;1.428571218;10.38029132;63;34;3.4;0.63;18.53;M;3;309;0;1;0;0;0;0;0;0
5;36;11143;66416.40839;63856.37472;30226;3;18.3;8.2;879;3.1;0.4;6.5;4.394577444;1.061243944;3.3333335;2.980047958;84;39;3.9;0.84;21.54;F;1;90;0;0;1;0;0;0;0;0
6;36;11143;66416.40839;63856.37472;30226;3;18.3;8.2;879;3.1;0.4;6.5;1.541445983;1.541445983;0;-0.625499919;38;31;3.1;0.38;12.26;M;1;147;0;0;0;0;0;0;0;0
7;36;11143;66416.40839;63856.37472;30226;3;18.3;8.2;879;3.1;0.4;6.5;4.631423642;4.631423642;0;-3.004266115;40;32;3.2;0.4;12.5;M;0;253;1;0;0;0;0;0;0;0
8;36;11143;66416.40839;63856.37472;30226;3;18.3;8.2;879;3.1;0.4;6.5;4.597725254;4.597725254;0;-5.619708676;47;34;3.4;0.47;13.82;M;0;249;1;0;0;0;0;0;0;0
9;36;11143;66416.40839;63856.37472;30226;3;18.3;8.2;879;3.1;0.4;6.5;2.957033609;2.957033609;0;-1.004266115;42;32;3.2;0.42;13.13;F;0;351;0;0;0;0;0;0;0;0
10;36;11143;66416.40839;63856.37472;30226;3;18.3;8.2;879;3.1;0.4;6.5;1.229735888;1.229735888;0;-0.794753309;30;29;2.9;0.3;10.34;M;1;110;0;0;0;0;0;0;0;0
11;36;11143;66416.40839;63856.37472;30226;3;18.3;8.2;879;3.1;0.4;6.5;0;0;0;22.66249107;110;40;4;1.1;27.5;F;0;0;0;0;0;0;0;0;0;0
12;36;11143;66416.40839;63856.37472;30226;3;18.3;8.2;879;3.1;0.4;6.5;1.818181191;1.818181191;0;5.171165203;63;35;3.5;0.63;18;M;6;0;0;0;0;0;0;0;0;0
13;36;11143;66416.40839;63856.37472;30226;3;18.3;8.2;879;3.1;0.4;6.5;0.682392371;0.682392371;0;13.99573389;57;32;3.2;0.57;17.81;M;0;81;0;0;0;0;0;0;0;0
15;36;11143;66416.40839;63856.37472;30226;3;18.3;8.2;879;3.1;0.4;6.5;1.869239374;1.869239374;0;-0.29155522;24;27;2.7;0.24;8.89;F;4;78;0;0;0;0;0;0;0;0
16;36;11143;66416.40839;63856.37472;30226;3;18.3;8.2;879;3.1;0.4;6.5;2.425262787;2.425262787;0;-25.00426611;18;32;3.2;0.18;5.63;M;4;144;0;0;0;0;0;0;0;0
17;36;11143;66416.40839;63856.37472;30226;3;18.3;8.2;879;3.1;0.4;6.5;3.873017002;3.873017002;0;-12.37032314;15;28;2.8;0.15;5.36;M;9;136;0;0;0;0;0;0;0;0
19;36;11143;66416.40839;63856.37472;30226;3;18.3;8.2;879;3.1;0.4;6.5;4.481375098;4.481375098;0;-13.55107061;21;30;3;0.21;7;M;2;460;0;0;0;0;0;0;0;0
20;36;11143;66416.40839;63856.37472;30226;3;18.3;8.2;879;3.1;0.4;6.5;10.95149618;0.951468881;10.0000273;-9.673594074;38;33;3.3;0.38;11.52;M;2;41;0;0;0;2;0;0;0;0
21;36;11143;66416.40839;63856.37472;30226;3;18.3;8.2;879;3.1;0.4;6.5;0.210614929;0.210614929;0;-20.55107061;14;30;3;0.14;4.67;F;0;25;0;0;0;0;0;0;0;0
1;38;2869;16286.39435;53189.11542;356;7;18;8;725;2;0.22;6;6.944551449;5.126370071;1.818181377;-2.673594074;45;33;3.3;0.45;13.64;F;0;15;2;0;0;0;0;0;2;0
2;38;2869;16286.39435;53189.11542;356;7;18;8;725;2;0.22;6;3.316993868;0.589721802;2.727272066;-9.896531061;65;38;3.8;0.65;17.11;F;0;70;0;0;0;0;0;0;3;0
3;38;2869;16286.39435;53189.11542;356;7;18;8;725;2;0.22;6;6.035715967;6.035715967;0;3.374500081;42;31;3.1;0.42;13.55;F;2;51;2;0;0;0;0;0;0;0
4;38;2869;16286.39435;53189.11542;356;7;18;8;725;2;0.22;6;1.877153558;0.05897218;1.818181377;1.018978888;70;37;3.7;0.7;18.92;F;0;7;0;0;0;0;0;0;2;0
5;38;2869;16286.39435;53189.11542;356;7;18;8;725;2;0.22;6;6.313472467;5.404381778;0.909090689;8.374500081;47;31;3.1;0.47;15.16;F;0;48;2;0;0;0;0;0;1;0
6;38;2869;16286.39435;53189.11542;356;7;18;8;725;2;0.22;6;0.404380664;0.404380664;0;-5.828834797;52;35;3.5;0.52;14.86;F;0;48;0;0;0;0;0;0;0;0
7;38;2869;16286.39435;53189.11542;356;7;18;8;725;2;0.22;6;6.271156866;2.634794112;3.636362755;-1.287197317;62;36;3.6;0.62;17.22;F;0;16;1;0;0;0;0;0;4;0
8;38;2869;16286.39435;53189.11542;356;7;18;8;725;2;0.22;6;2.32518882;2.32518882;0;-6.619708676;46;34;3.4;0.46;13.53;F;0;276;0;0;0;0;0;0;0;0
9;38;2869;16286.39435;53189.11542;356;7;18;8;725;2;0.22;6;3.712631951;3.712631951;0;-4.828834797;53;35;3.5;0.53;15.14;F;2;72;1;0;0;0;0;0;0;0
10;38;2869;16286.39435;53189.11542;356;7;18;8;725;2;0.22;6;1.962165336;1.053074647;0.909090689;-1.896531061;73;38;3.8;0.73;19.21;M;0;125;0;0;0;0;0;0;1;0
12;38;2869;16286.39435;53189.11542;356;7;18;8;725;2;0.22;6;6.577312882;0.311710095;0;-16.00426611;27;32;3.2;0.27;8.44;F;3;457;0;0;0;0;0;0;2;0
13;38;2869;16286.39435;53189.11542;356;7;18;8;725;2;0.22;6;6.136425903;0.681881772;5.454544132;-11.8288348;46;35;3.5;0.46;13.14;F;2;9;0;0;0;0;0;0;6;0
16;38;2869;16286.39435;53189.11542;356;7;18;8;725;2;0.22;6;1.835030572;0.016849194;1.818181377;-20.8288348;37;35;3.5;0.37;10.57;M;0;2;0;0;0;0;0;0;2;0
17;38;2869;16286.39435;53189.11542;356;7;18;8;725;2;0.22;6;1.759975003;0.850884315;0.909090689;-6.828834797;51;35;3.5;0.51;14.57;M;0;101;0;0;0;0;0;0;1;0
18;38;2869;16286.39435;53189.11542;356;7;18;8;725;2;0.22;6;1.195526993;0.286436304;0.909090689;-15.01995204;66;39;3.9;0.66;16.92;F;0;34;0;0;0;0;0;0;1;0
19;38;2869;16286.39435;53189.11542;356;7;18;8;725;2;0.22;6;1.330320547;0.421229859;0.909090689;-1.55107061;33;30;3;0.33;11;M;0;50;0;0;0;0;0;0;1;0
20;38;2869;16286.39435;53189.11542;356;7;18;8;725;2;0.22;6;0;0;0;-17.8288348;40;35;3.5;0.4;11.43;F;0;0;0;0;0;0;0;0;0;0
1;39;12700;23736.38943;63663.03924;10148;3;19.3;8.1;945;7.8;2.1;1.6;0.033698389;0.033698389;0;2.629676861;30;28;2.8;0.3;10.71;M;0;4;0;0;0;0;0;0;0;0
2;39;12700;23736.38943;63663.03924;10148;3;19.3;8.1;945;7.8;2.1;1.6;0.067396777;0.067396777;0;-1.828834797;56;35;3.5;0.56;16;F;0;8;0;0;0;0;0;0;0;0
3;39;12700;23736.38943;63663.03924;10148;3;19.3;8.1;945;7.8;2.1;1.6;1.212631394;1.212631394;0;3.995733885;47;32;3.2;0.47;14.69;M;2;72;0;0;0;0;0;0;0;0
4;39;12700;23736.38943;63663.03924;10148;3;19.3;8.1;945;7.8;2.1;1.6;0.025273792;0.025273792;0;4.374500081;43;31;3.1;0.43;13.87;F;0;3;0;0;0;0;0;0;0;0
5;39;12700;23736.38943;63663.03924;10148;3;19.3;8.1;945;7.8;2.1;1.6;5.530495436;5.530495436;0;8.374500081;47;31;3.1;0.47;15.16;F;1;27;2;0;0;0;0;0;0;0
6;39;12700;23736.38943;63663.03924;10148;3;19.3;8.1;945;7.8;2.1;1.6;0.943554884;0.943554884;0;9.171165203;67;35;3.5;0.67;19.14;M;0;112;0;0;0;0;0;0;0;0
7;39;12700;23736.38943;63663.03924;10148;3;19.3;8.1;945;7.8;2.1;1.6;1.246074483;1.246074483;0;3.980047958;85;39;3.9;0.85;21.79;M;3;40;0;0;0;0;0;0;0;0
8;39;12700;23736.38943;63663.03924;10148;3;19.3;8.1;945;7.8;2.1;1.6;1.060988644;1.060988644;0;10.99573389;54;32;3.2;0.54;16.88;M;2;54;0;0;0;0;0;0;0;0
9;39;12700;23736.38943;63663.03924;10148;3;19.3;8.1;945;7.8;2.1;1.6;0.98516727;0.98516727;0;11.38029132;64;34;3.4;0.64;18.82;F;2;45;0;0;0;0;0;0;0;0
10;39;12700;23736.38943;63663.03924;10148;3;19.3;8.1;945;7.8;2.1;1.6;0.488371336;0.488371336;0;12.44892939;47;30;3;0.47;15.67;F;1;22;0;0;0;0;0;0;0;0
11;39;12700;23736.38943;63663.03924;10148;3;19.3;8.1;945;7.8;2.1;1.6;0.193765735;0.193765735;0;-21.28719732;42;36;3.6;0.42;11.67;F;0;23;0;0;0;0;0;0;0;0
12;39;12700;23736.38943;63663.03924;10148;3;19.3;8.1;945;7.8;2.1;1.6;3.544140007;3.544140007;0;1.171165203;59;35;3.5;0.59;16.86;M;2;52;1;0;0;0;0;0;0;0
13;39;12700;23736.38943;63663.03924;10148;3;19.3;8.1;945;7.8;2.1;1.6;0.109519763;0.109519763;0;-13.62549992;25;31;3.1;0.25;8.06;M;0;13;0;0;0;0;0;0;0;0
14;39;12700;23736.38943;63663.03924;10148;3;19.3;8.1;945;7.8;2.1;1.6;0.614484994;0.614484994;0;-33.89653106;41;38;3.8;0.41;10.79;F;2;1;0;0;0;0;0;0;0;0
15;39;12700;23736.38943;63663.03924;10148;3;19.3;8.1;945;7.8;2.1;1.6;0.050547583;0.050547583;0;1.629676861;29;28;2.8;0.29;10.36;F;0;6;0;0;0;0;0;0;0;0
16;39;12700;23736.38943;63663.03924;10148;3;19.3;8.1;945;7.8;2.1;1.6;1.810011894;1.810011894;0;-9.287197317;54;36;3.6;0.54;15;F;5;35;0;0;0;0;0;0;0;0
17;39;12700;23736.38943;63663.03924;10148;3;19.3;8.1;945;7.8;2.1;1.6;0.959893478;0.959893478;0;-4.625499919;34;31;3.1;0.34;10.97;F;2;42;0;0;0;0;0;0;0;0
18;39;12700;23736.38943;63663.03924;10148;3;19.3;8.1;945;7.8;2.1;1.6;1.64151995;1.64151995;0;7.171165203;65;35;3.5;0.65;18.57;F;5;15;0;0;0;0;0;0;0;0
19;39;12700;23736.38943;63663.03924;10148;3;19.3;8.1;945;7.8;2.1;1.6;2.946248907;2.946248907;0;-9.619708676;43;34;3.4;0.43;12.65;M;1;17;1;0;0;0;0;0;0;0
20;39;12700;23736.38943;63663.03924;10148;3;19.3;8.1;945;7.8;2.1;1.6;0.412549962;0.412549962;0;-4.619708676;48;34;3.4;0.48;14.12;M;1;13;0;0;0;0;0;0;0;0
1;40;15598;20784.66418;60384.20904;7186;2;17.6;8;672;5.9;0.56;2.5;1.179443605;1.179443605;0;-3.019952042;78;39;3.9;0.78;20;F;0;140;0;0;0;0;0;0;0;0
2;40;15598;20784.66418;60384.20904;7186;2;17.6;8;672;5.9;0.56;2.5;0.572872608;0.572872608;0;6.103468939;81;38;3.8;0.81;21.32;M;0;68;0;0;0;0;0;0;0;0
4;40;15598;20784.66418;60384.20904;7186;2;17.6;8;672;5.9;0.56;2.5;0.32855929;0.32855929;0;-0.337508932;87;40;4;0.87;21.75;F;0;39;0;0;0;0;0;0;0;0
5;40;15598;20784.66418;60384.20904;7186;2;17.6;8;672;5.9;0.56;2.5;2.758891672;1.330320454;1.428571218;19.64479724;141;45;4.5;1.41;31.33;M;3;50;0;1;0;0;0;0;0;0
6;40;15598;20784.66418;60384.20904;7186;2;17.6;8;672;5.9;0.56;2.5;4.465036503;4.465036503;0;8.980047958;90;39;3.9;0.9;23.08;M;0;530;0;0;0;0;0;0;0;0
7;40;15598;20784.66418;60384.20904;7186;2;17.6;8;672;5.9;0.56;2.5;2.894451126;1.465879909;1.428571218;14.01897889;83;37;3.7;0.83;22.43;M;0;174;0;1;0;0;0;0;0;0
8;40;15598;20784.66418;60384.20904;7186;2;17.6;8;672;5.9;0.56;2.5;1.710193227;1.710193227;0;4.380291324;57;34;3.4;0.57;16.76;F;0;203;0;0;0;0;0;0;0;0
9;40;15598;20784.66418;60384.20904;7186;2;17.6;8;672;5.9;0.56;2.5;0.168491944;0.168491944;0;2.682756158;110;43;4.3;1.1;25.58;F;0;20;0;0;0;0;0;0;0;0
10;40;15598;20784.66418;60384.20904;7186;2;17.6;8;672;5.9;0.56;2.5;0.867733509;0.867733509;0;8.374500081;47;31;3.1;0.47;15.16;M;0;103;0;0;0;0;0;0;0;0
11;40;15598;20784.66418;60384.20904;7186;2;17.6;8;672;5.9;0.56;2.5;2.296049427;0.867478209;1.428571218;-16.49992995;84;42;4.2;0.84;20;M;1;67;0;1;0;0;0;0;0;0
12;40;15598;20784.66418;60384.20904;7186;2;17.6;8;672;5.9;0.56;2.5;0.547598816;0.547598816;0;-9.55107061;25;30;3;0.25;8.33;M;0;65;0;0;0;0;0;0;0;0
13;40;15598;20784.66418;60384.20904;7186;2;17.6;8;672;5.9;0.56;2.5;0.977253272;0.977253272;0;-10.28719732;53;36;3.6;0.53;14.72;F;0;116;0;0;0;0;0;0;0;0
14;40;15598;20784.66418;60384.20904;7186;2;17.6;8;672;5.9;0.56;2.5;0.353833081;0.353833081;0;-18.98102111;50;37;3.7;0.5;13.51;M;0;42;0;0;0;0;0;0;0;0
15;40;15598;20784.66418;60384.20904;7186;2;17.6;8;672;5.9;0.56;2.5;1.807678091;0.379106873;1.428571218;-23.8288348;34;35;3.5;0.34;9.71;M;0;45;0;1;0;0;0;0;0;0
16;40;15598;20784.66418;60384.20904;7186;2;17.6;8;672;5.9;0.56;2.5;0.286436304;0.286436304;0;-14.00426611;29;32;3.2;0.29;9.06;F;0;34;0;0;0;0;0;0;0;0
17;40;15598;20784.66418;60384.20904;7186;2;17.6;8;672;5.9;0.56;2.5;0.227464124;0.227464124;0;-19.98102111;49;37;3.7;0.49;13.24;F;0;27;0;0;0;0;0;0;0;0
18;40;15598;20784.66418;60384.20904;7186;2;17.6;8;672;5.9;0.56;2.5;2.254181741;0.825610523;1.428571218;-4.004266115;39;32;3.2;0.39;12.19;F;0;98;0;1;0;0;0;0;0;0
19;40;15598;20784.66418;60384.20904;7186;2;17.6;8;672;5.9;0.56;2.5;0.378851573;0.378851573;0;-33.28719732;30;36;3.6;0.3;8.33;M;1;9;0;0;0;0;0;0;0;0
20;40;15598;20784.66418;60384.20904;7186;2;17.6;8;672;5.9;0.56;2.5;0.303285498;0.303285498;0;-24.89653106;50;38;3.8;0.5;13.16;M;0;36;0;0;0;0;0;0;0;0
21;40;15598;20784.66418;60384.20904;7186;2;17.6;8;672;5.9;0.56;2.5;1.769165407;1.769165407;0;-22.61970868;30;34;3.4;0.3;8.82;F;0;210;0;0;0;0;0;0;0;0
1;41;13650;20943.65897;60481.18795;7280;3;21.6;8.2;885;1;0.28;7;1.018610452;0.109519763;0.909090689;8.374500081;47;31;3.1;0.47;15.16;M;0;13;0;0;0;0;0;0;1;0
2;41;13650;20943.65897;60481.18795;7280;3;21.6;8.2;885;1;0.28;7;0.008424597;0.008424597;0;5.500070046;106;42;4.2;1.06;25.24;M;0;1;0;0;0;0;0;0;0;0
3;41;13650;20943.65897;60481.18795;7280;3;21.6;8.2;885;1;0.28;7;0;0;0;2.662491068;90;40;4;0.9;22.5;F;0;0;0;0;0;0;0;0;0;0
4;41;13650;20943.65897;60481.18795;7280;3;21.6;8.2;885;1;0.28;7;11.87832044;0.92593979;10.95238065;15.16457339;109;41;4.1;1.09;26.59;M;3;2;0;3;2;0;0;0;0;0
5;41;13650;20943.65897;60481.18795;7280;3;21.6;8.2;885;1;0.28;7;6.748451506;0.319879393;6.428572114;12.01897889;81;37;3.7;0.81;21.89;F;1;2;0;1;0;0;0;0;0;1
6;41;13650;20943.65897;60481.18795;7280;3;21.6;8.2;885;1;0.28;7;1.698158327;0.26958711;1.428571218;-3.370323139;24;28;2.8;0.24;8.57;F;0;32;0;1;0;0;0;0;0;0
7;41;13650;20943.65897;60481.18795;7280;3;21.6;8.2;885;1;0.28;7;15.9343639;0.025273792;15.90909011;2.380291324;55;34;3.4;0.55;16.18;M;0;3;0;7;0;0;0;0;1;1
8;41;13650;20943.65897;60481.18795;7280;3;21.6;8.2;885;1;0.28;7;5.025274687;0.025273792;5.000000896;-4.337508932;83;40;4;0.83;20.75;F;0;3;0;0;0;0;0;0;0;1
9;41;13650;20943.65897;60481.18795;7280;3;21.6;8.2;885;1;0.28;7;6.215749727;0.025273792;6.190475936;11.45170246;140;46;4.6;1.4;30.43;F;0;3;0;2;1;0;0;0;0;0
10;41;13650;20943.65897;60481.18795;7280;3;21.6;8.2;885;1;0.28;7;0;0;0;16.66249107;104;40;4;1.04;26;F;0;0;0;0;0;0;0;0;0;0
11;41;13650;20943.65897;60481.18795;7280;3;21.6;8.2;885;1;0.28;7;1.212120794;1.212120794;0;26.38029132;79;34;3.4;0.79;23.24;M;4;0;0;0;0;0;0;0;0;0
12;41;13650;20943.65897;60481.18795;7280;3;21.6;8.2;885;1;0.28;7;0.707155563;0.707155563;0;13.99573389;57;32;3.2;0.57;17.81;M;2;12;0;0;0;0;0;0;0;0
13;41;13650;20943.65897;60481.18795;7280;3;21.6;8.2;885;1;0.28;7;5.247940935;2.390798499;2.857142436;17.71280268;81;36;3.6;0.81;22.5;F;7;32;0;2;0;0;0;0;0;0
14;41;13650;20943.65897;60481.18795;7280;3;21.6;8.2;885;1;0.28;7;13.49690301;0.639758786;12.85714423;19.71280268;83;36;3.6;0.83;23.06;F;2;4;0;2;0;0;0;0;0;2
15;41;13650;20943.65897;60481.18795;7280;3;21.6;8.2;885;1;0.28;7;0;0;0;16.1711652;74;35;3.5;0.74;21.14;F;0;0;0;0;0;0;0;0;0;0
16;41;13650;20943.65897;60481.18795;7280;3;21.6;8.2;885;1;0.28;7;6.886809319;0.311454796;1.818181377;13.01897889;82;37;3.7;0.82;22.16;M;0;12;0;3;0;0;1;0;0;0
16;41;13650;20943.65897;60481.18795;7280;3;21.6;8.2;885;1;0.28;7;2.129636173;0.101095166;6.785714153;5.164573389;99;41;4.1;0.99;24.15;F;1;1;0;0;0;0;0;0;2;0
17;41;13650;20943.65897;60481.18795;7280;3;21.6;8.2;885;1;0.28;7;1.52357559;1.52357559;0;-11.8288348;46;35;3.5;0.46;13.14;F;5;1;0;0;0;0;0;0;0;0
18;41;13650;20943.65897;60481.18795;7280;3;21.6;8.2;885;1;0.28;7;1.540424784;1.540424784;0;-2.673594074;45;33;3.3;0.45;13.64;M;5;3;0;0;0;0;0;0;0;0
20;41;13650;20943.65897;60481.18795;7280;3;21.6;8.2;885;1;0.28;7;0.934364387;0.934364387;0;-4.794753309;26;29;2.9;0.26;8.97;F;3;3;0;0;0;0;0;0;0;0
1;42;9393;25423.6562;64836.74081;11806;4;18.8;8;776;2.1;0.56;8.5;4.335031129;2.516849751;1.818181377;7.44892939;42;30;3;0.42;14;M;0;2;1;0;0;0;0;0;2;0
2;42;9393;25423.6562;64836.74081;11806;4;18.8;8;776;2.1;0.56;8.5;0.042122986;0.042122986;0;0.164573389;94;41;4.1;0.94;22.93;M;0;5;0;0;0;0;0;0;0;0
3;42;9393;25423.6562;64836.74081;11806;4;18.8;8;776;2.1;0.56;8.5;0.690306369;0.690306369;0;3.018978888;72;37;3.7;0.72;19.46;M;2;10;0;0;0;0;0;0;0;0
4;42;9393;25423.6562;64836.74081;11806;4;18.8;8;776;2.1;0.56;8.5;0.042122986;0.042122986;0;3.374500081;42;31;3.1;0.42;13.55;F;0;5;0;0;0;0;0;0;0;0
5;42;9393;25423.6562;64836.74081;11806;4;18.8;8;776;2.1;0.56;8.5;0.673457174;0.673457174;0;7.500070046;108;42;4.2;1.08;25.71;M;2;8;0;0;0;0;0;0;0;0
6;42;9393;25423.6562;64836.74081;11806;4;18.8;8;776;2.1;0.56;8.5;1.196292799;1.196292799;0;8.662491068;96;40;4;0.96;24;F;0;142;0;0;0;0;0;0;0;0
7;42;9393;25423.6562;64836.74081;11806;4;18.8;8;776;2.1;0.56;8.5;2.872021737;2.872021737;0;14.1711652;72;35;3.5;0.72;20.57;M;3;233;0;0;0;0;0;0;0;0
8;42;9393;25423.6562;64836.74081;11806;4;18.8;8;776;2.1;0.56;8.5;3.064000374;3.064000374;0;15.72640685;130;44;4.4;1.3;29.55;M;10;4;0;0;0;0;0;0;0;0
9;42;9393;25423.6562;64836.74081;11806;4;18.8;8;776;2.1;0.56;8.5;0.918281092;0.918281092;0;11.99573389;55;32;3.2;0.55;17.19;F;0;109;0;0;0;0;0;0;0;0
10;42;9393;25423.6562;64836.74081;11806;4;18.8;8;776;2.1;0.56;8.5;0.008424597;0.008424597;0;27.16457339;121;41;4.1;1.21;29.51;F;0;1;0;0;0;0;0;0;0;0
11;42;9393;25423.6562;64836.74081;11806;4;18.8;8;776;2.1;0.56;8.5;0.126368958;0.126368958;0;1.44892939;36;30;3;0.36;12;F;0;15;0;0;0;0;0;0;0;0
13;42;9393;25423.6562;64836.74081;11806;4;18.8;8;776;2.1;0.56;8.5;7.197158689;7.197158689;0;-4.673594074;43;33;3.3;0.43;13.03;M;23;27;0;0;0;0;0;0;0;0
14;42;9393;25423.6562;64836.74081;11806;4;18.8;8;776;2.1;0.56;8.5;1.883244165;0.454672948;1.428571218;2.103468939;77;38;3.8;0.77;20.26;M;1;18;0;1;0;0;0;0;0;0
15;42;9393;25423.6562;64836.74081;11806;4;18.8;8;776;2.1;0.56;8.5;1.119960825;1.119960825;0;-5.29155522;19;27;2.7;0.19;7.04;M;2;61;0;0;0;0;0;0;0;0
16;42;9393;25423.6562;64836.74081;11806;4;18.8;8;776;2.1;0.56;8.5;0.067396777;0.067396777;0;-6.981021112;62;37;3.7;0.62;16.76;M;0;8;0;0;0;0;0;0;0;0
17;42;9393;25423.6562;64836.74081;11806;4;18.8;8;776;2.1;0.56;8.5;0.454672948;0.454672948;0;-9.828834797;48;35;3.5;0.48;13.71;F;1;18;0;0;0;0;0;0;0;0
18;42;9393;25423.6562;64836.74081;11806;4;18.8;8;776;2.1;0.56;8.5;1.624670756;1.624670756;0;-12.62549992;26;31;3.1;0.26;8.39;F;5;13;0;0;0;0;0;0;0;0
19;42;9393;25423.6562;64836.74081;11806;4;18.8;8;776;2.1;0.56;8.5;0.252737915;0.252737915;0;3.374500081;42;31;3.1;0.42;13.55;F;0;30;0;0;0;0;0;0;0;0
20;42;9393;25423.6562;64836.74081;11806;4;18.8;8;776;2.1;0.56;8.5;0.631844788;0.631844788;0;-12.67359407;35;33;3.3;0.35;10.61;M;0;75;0;0;0;0;0;0;0;0
