site;fish;parspeciesrichness;div_shannon;div_simpson;;temp;pH;conductivity;nitrogen;phosphorus;oxygen;netcen;updist;updist2;updist3;fishspeciesrichness;weight;length;confactor;Sex ;PI;gyro;tricho;glugea;ecto_screener;contra;cystsliver;proteo;acantho;cama;angui;cistsintestine;endo_screener
1;1;1;0;0;;15.9;7.9;790;2;0.28;7.6;65212.97453;67745.12507;17856;4472;3;177;49;36.12;F;0.05;0;6;0;KM;0;0;0;0;0;0;0;KM
1;2;1;0;0;;15.9;7.9;790;2;0.28;7.6;65212.97453;67745.12507;17856;4472;3;183;49;37.35;F;0.08;0;10;0;SM;0;0;0;0;0;0;0;SM
1;3;2;0.325082973;0.18;;15.9;7.9;790;2;0.28;7.6;65212.97453;67745.12507;17856;4472;3;166;47;35.32;M;1.5;0;9;0;SM;1;0;0;0;0;0;0;SM
1;4;1;0;0;;15.9;7.9;790;2;0.28;7.6;65212.97453;67745.12507;17856;4472;3;100;40;25;M;0.11;0;13;0;SM;0;0;0;0;0;0;0;SM
1;5;2;0.286835983;0.152777778;;15.9;7.9;790;2;0.28;7.6;65212.97453;67745.12507;17856;4472;3;69;35;19.71;F;1.58;4;44;0;SM;0;0;0;0;0;0;0;SM
1;6;2;0.017073907;0.00485434;;15.9;7.9;790;2;0.28;7.6;65212.97453;67745.12507;17856;4472;3;61;37;16.49;M;6.79;0;410;0;ID;0;1;0;0;0;0;0;ID
1;7;3;0.256403189;0.108381789;;15.9;7.9;790;2;0.28;7.6;65212.97453;67745.12507;17856;4472;3;36;30;12;F;12.78;5;150;4;ID;0;0;0;0;0;0;0;ID
1;8;1;0;0;;15.9;7.9;790;2;0.28;7.6;65212.97453;67745.12507;17856;4472;3;72;38;18.95;M;4.58;0;544;0;ID;0;0;0;0;0;0;0;ID
1;9;2;0.327855402;0.182022112;;15.9;7.9;790;2;0.28;7.6;65212.97453;67745.12507;17856;4472;3;55;32;17.19;F;3.02;8;71;0;SM;0;0;0;0;0;0;0;SM
1;11;0;0;1;;15.9;7.9;790;2;0.28;7.6;65212.97453;67745.12507;17856;4472;3;148;47;31.49;F;0;0;0;0;PH;0;0;0;0;0;0;0;PH
1;12;1;0;0;;15.9;7.9;790;2;0.28;7.6;65212.97453;67745.12507;17856;4472;3;170;45;37.78;F;0.03;0;3;0;PH;0;0;0;0;0;0;0;ID
1;13;1;0;0;;15.9;7.9;790;2;0.28;7.6;65212.97453;67745.12507;17856;4472;3;289;58;49.83;F;0.15;0;18;0;PH;0;0;0;0;0;0;0;PH
1;14;1;0;0;;15.9;7.9;790;2;0.28;7.6;65212.97453;67745.12507;17856;4472;3;300;59;50.85;F;0.17;0;20;0;ID;0;0;0;0;0;0;0;PH
1;15;1;0;0;;15.9;7.9;790;2;0.28;7.6;65212.97453;67745.12507;17856;4472;3;53;40;13.25;M;0.04;0;5;0;ID;0;0;0;0;0;0;0;ID
1;16;1;0;0;;15.9;7.9;790;2;0.28;7.6;65212.97453;67745.12507;17856;4472;3;131;48;27.29;M;0.19;0;22;0;ID;0;0;0;0;0;0;0;ID
1;17;0;0;1;;15.9;7.9;790;2;0.28;7.6;65212.97453;67745.12507;17856;4472;3;214;58;36.9;M;0;0;0;0;ID;0;0;0;0;0;0;0;ID
1;18;1;0;0;;15.9;7.9;790;2;0.28;7.6;65212.97453;67745.12507;17856;4472;3;151;53;28.49;M;0.01;0;1;0;ID;0;0;0;0;0;0;0;ID
1;19;0;0;1;;15.9;7.9;790;2;0.28;7.6;65212.97453;67745.12507;17856;4472;3;265;61;43.44;M;0;0;0;0;ID;0;0;0;0;0;0;0;ID
1;20;1;0;0;;15.9;7.9;790;2;0.28;7.6;65212.97453;67745.12507;17856;4472;3;160;53;30.19;F;0.04;0;5;0;ID;0;0;0;0;0;0;0;ID
2;1;1;0;0;;18.2;7.8;788;1.5;0.88;5;50877.1074;52437.11916;33186;19778;7;109;43;25.35;M;0.03;0;3;0;SM;0;0;0;0;0;0;0;SM
2;2;2;0.348832096;0.197530864;;18.2;7.8;788;1.5;0.88;5;50877.1074;52437.11916;33186;19778;7;95;40;23.75;F;1.5;0;8;0;SM;1;0;0;0;0;0;0;SM
2;3;1;0;0;;18.2;7.8;788;1.5;0.88;5;50877.1074;52437.11916;33186;19778;7;72;37;19.46;M;3.64;0;0;0;SM;0;0;0;0;0;4;0;SM
2;4;0;0;1;;18.2;7.8;788;1.5;0.88;5;50877.1074;52437.11916;33186;19778;7;76;39;19.49;M;0;0;0;0;ID;0;0;0;0;0;0;0;ID
2;5;1;0;0;;18.2;7.8;788;1.5;0.88;5;50877.1074;52437.11916;33186;19778;7;94;41;22.93;M;0.3;1;0;0;ID;0;0;0;0;0;0;0;ID
2;6;1;0;0;;18.2;7.8;788;1.5;0.88;5;50877.1074;52437.11916;33186;19778;7;102;43;23.72;F;0.27;0;32;0;ID;0;0;0;0;0;0;0;ID
2;7;1;0;0;;18.2;7.8;788;1.5;0.88;5;50877.1074;52437.11916;33186;19778;7;67;36;18.61;M;0.29;0;35;0;KM;0;0;0;0;0;0;0;KM
2;8;1;0;0;;18.2;7.8;788;1.5;0.88;5;50877.1074;52437.11916;33186;19778;7;64;34;18.82;M;0.34;0;40;0;ID;0;0;0;0;0;0;0;ID
2;9;1;0;0;;18.2;7.8;788;1.5;0.88;5;50877.1074;52437.11916;33186;19778;7;89;38;23.42;M;0.05;0;6;0;SM;0;0;0;0;0;0;0;SM
2;11;1;0;0;;18.2;7.8;788;1.5;0.88;5;50877.1074;52437.11916;33186;19778;7;106;41;25.85;M;10;0;0;0;PH;0;0;0;4;0;0;0;PH
2;12;1;0;0;;18.2;7.8;788;1.5;0.88;5;50877.1074;52437.11916;33186;19778;7;29;35;8.29;M;0.03;0;3;0;ID;0;0;0;0;0;0;0;ID
2;13;0;0;1;;18.2;7.8;788;1.5;0.88;5;50877.1074;52437.11916;33186;19778;7;63;42;15;M;0;0;0;0;ID;0;0;0;0;0;0;0;ID
2;14;2;0.693147181;0.5;;18.2;7.8;788;1.5;0.88;5;50877.1074;52437.11916;33186;19778;7;26;34;7.65;F;0.31;1;1;0;ID;0;0;0;0;0;0;0;ID
2;15;1;0;0;;18.2;7.8;788;1.5;0.88;5;50877.1074;52437.11916;33186;19778;7;17;32;5.31;F;0.03;0;4;0;ID;0;0;0;0;0;0;0;ID
2;16;0;0;1;;18.2;7.8;788;1.5;0.88;5;50877.1074;52437.11916;33186;19778;7;34;37;9.19;M;0;0;0;0;ID;0;0;0;0;0;0;0;ID
2;17;3;0.721463687;0.402777778;;18.2;7.8;788;1.5;0.88;5;50877.1074;52437.11916;33186;19778;7;88;42;20.95;M;2.2;1;9;0;ID;0;0;0;0;0;2;0;ID
2;18;2;0.095030117;0.037721893;;18.2;7.8;788;1.5;0.88;5;50877.1074;52437.11916;33186;19778;7;42;36;11.67;M;0.73;1;51;0;ID;0;0;0;0;0;0;0;ID
2;19;3;0.758936773;0.43877551;;18.2;7.8;788;1.5;0.88;5;50877.1074;52437.11916;33186;19778;7;78;39;20;M;3.49;3;10;0;ID;0;0;0;1;0;0;0;ID
2;20;2;0.376770161;0.21875;;18.2;7.8;788;1.5;0.88;5;50877.1074;52437.11916;33186;19778;7;40;38;10.53;F;0.36;1;7;0;ID;0;0;0;0;0;0;0;ID
2;21;0;0;1;;18.2;7.8;788;1.5;0.88;5;50877.1074;52437.11916;33186;19778;7;57;39;14.62;M;0;0;0;0;ID;0;0;0;0;0;0;0;ID
3;1;0;0;1;;20.1;7.5;475;3.6;0.29;6.2;38651.53331;32574.44868;1783;15827;5;143;45;31.78;M;0;0;0;0;SM;0;0;0;0;0;0;0;SM
3;2;1;0;0;;20.1;7.5;475;3.6;0.29;6.2;38651.53331;32574.44868;1783;15827;5;159;47;33.83;M;0.05;0;6;0;SM;0;0;0;0;0;0;0;SM
3;3;1;0;0;;20.1;7.5;475;3.6;0.29;6.2;38651.53331;32574.44868;1783;15827;5;150;47;31.91;F;0.01;0;1;0;SM;0;0;0;0;0;0;0;SM
3;4;1;0;0;;20.1;7.5;475;3.6;0.29;6.2;38651.53331;32574.44868;1783;15827;5;164;47;34.89;F;0.04;0;5;0;SM;0;0;0;0;0;0;0;SM
3;5;1;0;0;;20.1;7.5;475;3.6;0.29;6.2;38651.53331;32574.44868;1783;15827;5;136;44;30.91;M;0.03;0;4;0;SM;0;0;0;0;0;0;0;SM
3;11;1;0;0;;20.1;7.5;475;3.6;0.29;6.2;38651.53331;32574.44868;1783;15827;5;185;50;37;M;0.03;0;4;0;ID;0;0;0;0;0;0;0;PH
3;12;1;0;0;;20.1;7.5;475;3.6;0.29;6.2;38651.53331;32574.44868;1783;15827;5;136;44;30.91;F;0.01;0;1;0;ID;0;0;0;0;0;0;0;PH
3;13;0;0;1;;20.1;7.5;475;3.6;0.29;6.2;38651.53331;32574.44868;1783;15827;5;194;50;38.8;F;0;0;0;0;ID;0;0;0;0;0;0;0;ID
3;14;1;0;0;;20.1;7.5;475;3.6;0.29;6.2;38651.53331;32574.44868;1783;15827;5;233;48;48.54;F;1.01;0;120;0;PH;0;0;0;0;0;0;0;PH
3;15;1;0;0;;20.1;7.5;475;3.6;0.29;6.2;38651.53331;32574.44868;1783;15827;5;109;46;23.7;F;0.01;0;1;0;ID;0;0;0;0;0;0;0;ID
3;16;1;0;0;;20.1;7.5;475;3.6;0.29;6.2;38651.53331;32574.44868;1783;15827;5;105;50;21;F;0.03;0;3;0;ID;0;0;0;0;0;0;0;ID
3;17;1;0;0;;20.1;7.5;475;3.6;0.29;6.2;38651.53331;32574.44868;1783;15827;5;124;46;26.96;F;0.03;0;3;0;ID;0;0;0;0;0;0;0;ID
3;18;2;0.693147181;0.5;;20.1;7.5;475;3.6;0.29;6.2;38651.53331;32574.44868;1783;15827;5;173;53;32.64;M;1.44;0;1;0;ID;1;0;0;0;0;0;0;ID
3;19;0;0;1;;20.1;7.5;475;3.6;0.29;6.2;38651.53331;32574.44868;1783;15827;5;92;42;21.9;M;0;0;0;0;ID;0;0;0;0;0;0;0;ID
3;20;2;0.562335145;0.375;;20.1;7.5;475;3.6;0.29;6.2;38651.53331;32574.44868;1783;15827;5;152;49;31.02;F;0.33;1;3;0;ID;0;0;0;0;0;0;0;ID
4;1;1;0;0;;17.3;7.9;993;7.5;0.76;6.6;63911.70352;65226.64401;28980;6736;1;45;31;14.52;M;0.4;0;47;0;SM;0;0;0;0;0;0;0;SM
4;2;1;0;0;;17.3;7.9;993;7.5;0.76;6.6;63911.70352;65226.64401;28980;6736;1;59;36;16.39;M;0.19;0;22;0;SM;0;0;0;0;0;0;0;SM
4;3;1;0;0;;17.3;7.9;993;7.5;0.76;6.6;63911.70352;65226.64401;28980;6736;1;36;29;12.41;M;0.21;0;25;0;SM;0;0;0;0;0;0;0;SM
4;4;1;0;0;;17.3;7.9;993;7.5;0.76;6.6;63911.70352;65226.64401;28980;6736;1;40;31;12.9;M;0.14;0;17;0;SM;0;0;0;0;0;0;0;SM
4;5;1;0;0;;17.3;7.9;993;7.5;0.76;6.6;63911.70352;65226.64401;28980;6736;1;18;24;7.5;M;1.27;0;151;0;SM;0;0;0;0;0;0;0;SM
4;6;1;0;0;;17.3;7.9;993;7.5;0.76;6.6;63911.70352;65226.64401;28980;6736;1;40;30;13.33;F;0.26;0;31;0;SM;0;0;0;0;0;0;0;SM
4;7;1;0;0;;17.3;7.9;993;7.5;0.76;6.6;63911.70352;65226.64401;28980;6736;1;52;33;15.76;M;0.44;0;52;0;SM;0;0;0;0;0;0;0;SM
4;8;1;0;0;;17.3;7.9;993;7.5;0.76;6.6;63911.70352;65226.64401;28980;6736;1;25;26;9.62;F;0.37;0;44;0;SM;0;0;0;0;0;0;0;SM
4;9;1;0;0;;17.3;7.9;993;7.5;0.76;6.6;63911.70352;65226.64401;28980;6736;1;30;29;10.34;M;0.68;0;81;0;SM;0;0;0;0;0;0;0;SM
4;10;1;0;0;;17.3;7.9;993;7.5;0.76;6.6;63911.70352;65226.64401;28980;6736;1;30;29;10.34;M;0.78;0;92;0;SM;0;0;0;0;0;0;0;SM
4;11;1;0;0;;17.3;7.9;993;7.5;0.76;6.6;63911.70352;65226.64401;28980;6736;1;57;34;16.76;M;0.89;0;106;0;ID;0;0;0;0;0;0;0;ID
4;12;1;0;0;;17.3;7.9;993;7.5;0.76;6.6;63911.70352;65226.64401;28980;6736;1;47;31;15.16;F;0.65;0;77;0;ID;0;0;0;0;0;0;0;ID
4;13;0;0;1;;17.3;7.9;993;7.5;0.76;6.6;63911.70352;65226.64401;28980;6736;1;49;33;14.85;F;0;0;0;0;ID;0;0;0;0;0;0;0;PH
4;15;1;0;0;;17.3;7.9;993;7.5;0.76;6.6;63911.70352;65226.64401;28980;6736;1;190;53;35.85;M;0.08;0;10;0;SM;0;0;0;0;0;0;0;SM
4;15;0;0;1;;17.3;7.9;993;7.5;0.76;6.6;63911.70352;65226.64401;28980;6736;1;122;43;28.37;F;0;0;0;0;ID;0;0;0;0;0;0;0;ID
4;16;2;0.450561209;0.277777778;;17.3;7.9;993;7.5;0.76;6.6;63911.70352;65226.64401;28980;6736;1;155;56;27.68;F;0.35;1;5;0;SM;0;0;0;0;0;0;0;SM
4;17;1;0;0;;17.3;7.9;993;7.5;0.76;6.6;63911.70352;65226.64401;28980;6736;1;46;37;12.43;M;0.49;0;58;0;SM;0;0;0;0;0;0;0;SM
4;18;1;0;0;;17.3;7.9;993;7.5;0.76;6.6;63911.70352;65226.64401;28980;6736;1;29;31;9.35;F;0.4;0;48;0;SM;0;0;0;0;0;0;0;SM
4;19;1;0;0;;17.3;7.9;993;7.5;0.76;6.6;63911.70352;65226.64401;28980;6736;1;17;28;6.07;M;0.88;0;104;0;SM;0;0;0;0;0;0;0;SM
4;20;1;0;0;;17.3;7.9;993;7.5;0.76;6.6;63911.70352;65226.64401;28980;6736;1;20;28;7.14;F;0.13;0;15;0;SM;0;0;0;0;0;0;0;SM
5;1;1;0;0;;19.1;8.1;940;1;0.19;9;64168.17228;67952.65478;31664;12171;3;100;41;24.39;F;0.33;0;39;0;SM;0;0;0;0;0;0;0;SM
5;2;1;0;0;;19.1;8.1;940;1;0.19;9;64168.17228;67952.65478;31664;12171;3;25;26;9.62;M;0.14;0;17;0;SM;0;0;0;0;0;0;0;SM
5;3;3;0.576382067;0.309917355;;19.1;8.1;940;1;0.19;9;64168.17228;67952.65478;31664;12171;3;35;30;11.67;M;2.49;3;18;0;SM;1;0;0;0;0;0;0;SM
5;5;1;0;0;;19.1;8.1;940;1;0.19;9;64168.17228;67952.65478;31664;12171;3;54;34;15.88;M;0.12;0;14;0;SM;0;0;0;0;0;0;0;SM
5;6;2;0.173205207;0.079861111;;19.1;8.1;940;1;0.19;9;64168.17228;67952.65478;31664;12171;3;40;32;12.5;M;0.5;1;23;0;SM;0;0;0;0;0;0;0;SM
5;10;1;0;0;;19.1;8.1;940;1;0.19;9;64168.17228;67952.65478;31664;12171;3;28;28;10;M;0.1;0;12;0;SM;0;0;0;0;0;0;0;SM
5;11;1;0;0;;19.1;8.1;940;1;0.19;9;64168.17228;67952.65478;31664;12171;3;192;51;37.65;M;0.06;0;7;0;ID;0;0;0;0;0;0;0;PH
5;12;1;0;0;;19.1;8.1;940;1;0.19;9;64168.17228;67952.65478;31664;12171;3;30;38;7.89;M;0.43;0;51;0;ID;0;0;0;0;0;0;0;ID
5;13;1;0;0;;19.1;8.1;940;1;0.19;9;64168.17228;67952.65478;31664;12171;3;27;27;10;M;0.29;0;35;0;ID;0;0;0;0;0;0;0;ID
5;15;1;0;0;;19.1;8.1;940;1;0.19;9;64168.17228;67952.65478;31664;12171;3;20;29;6.9;F;0.13;0;15;0;ID;0;0;0;0;0;0;0;ID
5;16;1;0;0;;19.1;8.1;940;1;0.19;9;64168.17228;67952.65478;31664;12171;3;273;55;49.64;F;0.08;0;9;0;ID;0;0;0;0;0;0;0;ID
5;17;2;0.693147181;0.5;;19.1;8.1;940;1;0.19;9;64168.17228;67952.65478;31664;12171;3;4;19;2.11;M;3.34;0;1;0;ID;0;1;0;0;0;0;0;ID
5;19;1;0;0;;19.1;8.1;940;1;0.19;9;64168.17228;67952.65478;31664;12171;3;15;23;6.52;F;0.39;0;46;0;ID;0;0;0;0;0;0;0;ID
6;1;1;0;0;;18.4;7.9;373;2;0.073;5.5;45262.0497;45780.07402;2279;2371;11;60;36;16.67;M;0.03;0;4;0;SM;0;0;0;0;0;0;0;SM
6;2;3;0.367649477;0.169421488;;18.4;7.9;373;2;0.073;5.5;45262.0497;45780.07402;2279;2371;11;60;37;16.22;F;3.8;1;20;0;PH;0;1;0;0;0;0;0;PH
6;3;1;0;0;;18.4;7.9;373;2;0.073;5.5;45262.0497;45780.07402;2279;2371;11;30;29;10.34;F;0.01;0;1;0;SM;0;0;0;0;0;0;0;SM
6;4;1;0;0;;18.4;7.9;373;2;0.073;5.5;45262.0497;45780.07402;2279;2371;11;68;37;18.38;F;0.1;0;12;0;ID;0;0;0;0;0;0;0;ID
6;7;2;0.500402424;0.32;;18.4;7.9;373;2;0.073;5.5;45262.0497;45780.07402;2279;2371;11;65;35;18.57;M;3.37;0;4;0;SM;0;1;0;0;0;0;0;SM
6;8;1;0;0;;18.4;7.9;373;2;0.073;5.5;45262.0497;45780.07402;2279;2371;11;58;34;17.06;M;0.08;0;10;0;SM;0;0;0;0;0;0;0;SM
6;9;2;0.500402424;0.32;;18.4;7.9;373;2;0.073;5.5;45262.0497;45780.07402;2279;2371;11;89;41;21.71;F;0.34;1;4;0;PH;0;0;0;0;0;0;0;PH
6;10;1;0;0;;18.4;7.9;373;2;0.073;5.5;45262.0497;45780.07402;2279;2371;11;74;39;18.97;F;3.34;0;396;0;PH;0;0;0;0;0;0;0;PH
6;11;0;0;1;;18.4;7.9;373;2;0.073;5.5;45262.0497;45780.07402;2279;2371;11;72;36;20;F;0;0;0;0;PH;0;0;0;0;0;0;0;PH
6;12;1;0;0;;18.4;7.9;373;2;0.073;5.5;45262.0497;45780.07402;2279;2371;11;62;36;17.22;M;0.45;0;53;0;ID;0;0;0;0;0;0;0;PH
6;13;1;0;0;;18.4;7.9;373;2;0.073;5.5;45262.0497;45780.07402;2279;2371;11;38;29;13.1;M;0.02;0;2;0;ID;0;0;0;0;0;0;0;ID
6;14;1;0;0;;18.4;7.9;373;2;0.073;5.5;45262.0497;45780.07402;2279;2371;11;106;39;27.18;M;0.36;0;43;0;ID;0;0;0;0;0;0;0;ID
6;15;1;0;0;;18.4;7.9;373;2;0.073;5.5;45262.0497;45780.07402;2279;2371;11;98;41;23.9;M;0.14;0;17;0;SM;0;0;0;0;0;0;0;SM
6;16;0;0;1;;18.4;7.9;373;2;0.073;5.5;45262.0497;45780.07402;2279;2371;11;45;39;11.54;M;0;0;0;0;SM;0;0;0;0;0;0;0;SM
6;17;1;0;0;;18.4;7.9;373;2;0.073;5.5;45262.0497;45780.07402;2279;2371;11;58;36;16.11;F;1.12;0;133;0;SM;0;0;0;0;0;0;0;SM
6;18;1;0;0;;18.4;7.9;373;2;0.073;5.5;45262.0497;45780.07402;2279;2371;11;39;33;11.82;M;0.57;0;68;0;SM;0;0;0;0;0;0;0;SM
6;19;1;0;0;;18.4;7.9;373;2;0.073;5.5;45262.0497;45780.07402;2279;2371;11;65;38;17.11;F;0.21;0;25;0;AD;0;0;0;0;0;0;0;AD
6;20;1;0;0;;18.4;7.9;373;2;0.073;5.5;45262.0497;45780.07402;2279;2371;11;13;27;4.81;M;0.04;0;5;0;ID;0;0;0;0;0;0;0;SM
6;21;4;0.234565843;0.088881407;;18.4;7.9;373;2;0.073;5.5;45262.0497;45780.07402;2279;2371;11;16;24;6.67;M;4.73;2;104;0;ID;1;0;0;0;0;2;0;SM
7;1;1;0;0;;15.9;8.2;802;2;0.17;8.4;72386.11495;76509.32419;76625;6715;1;95;42;22.62;F;0.19;0;23;0;SM;0;0;0;0;0;0;0;SM
7;3;1;0;0;;15.9;8.2;802;2;0.17;8.4;72386.11495;76509.32419;76625;6715;1;81;37;21.89;M;0.02;0;2;0;SM;0;0;0;0;0;0;0;SM
7;5;1;0;0;;15.9;8.2;802;2;0.17;8.4;72386.11495;76509.32419;76625;6715;1;40;30;13.33;M;0.08;0;10;0;SM;0;0;0;0;0;0;0;SM
7;6;2;0.144300035;0.063423811;;15.9;8.2;802;2;0.17;8.4;72386.11495;76509.32419;76625;6715;1;27;27;10;M;1.1;2;59;0;SM;0;0;0;0;0;0;0;SM
7;8;1;0;0;;15.9;8.2;802;2;0.17;8.4;72386.11495;76509.32419;76625;6715;1;44;31;14.19;F;0.03;0;4;0;SM;0;0;0;0;0;0;0;SM
7;10;1;0;0;;15.9;8.2;802;2;0.17;8.4;72386.11495;76509.32419;76625;6715;1;28;27;10.37;F;0.03;0;4;0;SM;0;0;0;0;0;0;0;SM
7;11;2;0.585952618;0.396694215;;15.9;8.2;802;2;0.17;8.4;72386.11495;76509.32419;76625;6715;1;77;36;21.39;F;0;0;0;0;PH;0;0;0;0;0;0;0;PH
7;12;1;0;0;;15.9;8.2;802;2;0.17;8.4;72386.11495;76509.32419;76625;6715;1;25;31;8.06;M;0.2;0;24;0;ID;0;0;0;0;0;0;0;ID
7;13;2;0.304636097;0.165289256;;15.9;8.2;802;2;0.17;8.4;72386.11495;76509.32419;76625;6715;1;58;38;15.26;M;2.32;6;60;0;ID;0;0;0;0;0;0;0;ID
7;14;2;0.410116318;0.244897959;;15.9;8.2;802;2;0.17;8.4;72386.11495;76509.32419;76625;6715;1;16;27;5.93;M;0.35;1;6;0;ID;0;0;0;0;0;0;0;ID
7;15;2;0.585952618;0.396694215;;15.9;8.2;802;2;0.17;8.4;72386.11495;76509.32419;76625;6715;1;17;24;7.08;M;0.98;3;8;0;ID;0;0;0;0;0;0;0;ID
7;16;2;0.248332897;0.12668489;;15.9;8.2;802;2;0.17;8.4;72386.11495;76509.32419;76625;6715;1;19;23;8.26;F;2.93;7;96;0;ID;0;0;0;0;0;0;0;ID
7;17;1;0;0;;15.9;8.2;802;2;0.17;8.4;72386.11495;76509.32419;76625;6715;1;210;53;39.62;F;0.03;0;3;0;ID;0;0;0;0;0;0;0;ID
7;18;1;0;0;;15.9;8.2;802;2;0.17;8.4;72386.11495;76509.32419;76625;6715;1;229;54;42.41;M;0.06;0;7;0;ID;0;0;0;0;0;0;0;ID
7;19;2;0.562335145;0.375;;15.9;8.2;802;2;0.17;8.4;72386.11495;76509.32419;76625;6715;1;201;53;37.92;F;1.31;4;12;0;ID;0;0;0;0;0;0;0;ID
9;2;1;0;0;;20.5;8.1;906;2;0.31;7;47724.46004;49932.68291;14010;23559;4;117;40;29.25;F;0.03;0;3;0;SM;0;0;0;0;0;0;0;SM
9;3;2;0.173205207;0.079861111;;20.5;8.1;906;2;0.31;7;47724.46004;49932.68291;14010;23559;4;93;39;23.85;F;1.62;0;23;0;SM;1;0;0;0;0;0;0;SM
9;4;2;0.636514168;0.444444444;;20.5;8.1;906;2;0.31;7;47724.46004;49932.68291;14010;23559;4;179;47;38.09;F;1.52;2;0;0;ID;0;0;0;0;0;1;0;PH
9;5;2;0.206192051;0.099722992;;20.5;8.1;906;2;0.31;7;47724.46004;49932.68291;14010;23559;4;90;37;24.32;F;0.45;1;18;0;SM;0;0;0;0;0;0;0;SM
9;6;0;0;1;;20.5;8.1;906;2;0.31;7;47724.46004;49932.68291;14010;23559;4;158;46;34.35;M;0;0;0;0;PH;0;0;0;0;0;0;0;PH
9;7;0;0;1;;20.5;8.1;906;2;0.31;7;47724.46004;49932.68291;14010;23559;4;175;48;36.46;M;0;0;0;0;ID;0;0;0;0;0;0;0;PH
9;8;2;0.191444082;0.090702948;;20.5;8.1;906;2;0.31;7;47724.46004;49932.68291;14010;23559;4;98;41;23.9;F;0.47;1;20;0;ID;0;0;0;0;0;0;0;PH
9;9;3;0.755719873;0.393194707;;20.5;8.1;906;2;0.31;7;47724.46004;49932.68291;14010;23559;4;103;39;26.41;F;17.42;7;35;0;ID;0;3;0;0;0;0;1;PH
9;10;2;0.683738906;0.37037037;;20.5;8.1;906;2;0.31;7;47724.46004;49932.68291;14010;23559;4;76;38;20;M;8.39;0;7;0;SM;0;1;0;0;0;0;1;SM
11;2;2;0.636514168;0.444444444;;18.2;8.3;691;8.3;1.2;2.2;49875.30195;52217.7333;16039;23356;3;88;42;20.95;M;0.32;1;2;0;SM;0;0;0;0;0;0;0;SM
11;3;2;0.693147181;0.5;;18.2;8.3;691;8.3;1.2;2.2;49875.30195;52217.7333;16039;23356;3;95;41;23.17;F;0.31;1;1;0;SM;0;0;0;0;0;0;0;SM
11;4;1;0;0;;18.2;8.3;691;8.3;1.2;2.2;49875.30195;52217.7333;16039;23356;3;98;41;23.9;M;0.24;0;29;0;SM;0;0;0;0;0;0;0;SM
11;5;2;0.610864302;0.42;;18.2;8.3;691;8.3;1.2;2.2;49875.30195;52217.7333;16039;23356;3;73;40;18.25;M;0.97;3;7;0;SM;0;0;0;0;0;0;0;SM
11;6;2;0.233791659;0.1171875;;18.2;8.3;691;8.3;1.2;2.2;49875.30195;52217.7333;16039;23356;3;62;36;17.22;M;0.43;1;15;0;SM;0;0;0;0;0;0;0;SM
11;7;1;0;0;;18.2;8.3;691;8.3;1.2;2.2;49875.30195;52217.7333;16039;23356;3;113;44;25.68;M;0.07;0;8;0;SM;0;0;0;0;0;0;0;SM
11;8;1;0;0;;18.2;8.3;691;8.3;1.2;2.2;49875.30195;52217.7333;16039;23356;3;60;36;16.67;F;0.51;0;60;0;SM;0;0;0;0;0;0;0;SM
11;9;3;0.456239344;0.241445598;;18.2;8.3;691;8.3;1.2;2.2;49875.30195;52217.7333;16039;23356;3;73;37;19.73;F;5.52;6;44;0;SM;0;1;0;0;0;0;0;SM
11;10;1;0;0;;18.2;8.3;691;8.3;1.2;2.2;49875.30195;52217.7333;16039;23356;3;142;46;30.87;M;0.14;0;17;0;SM;0;0;0;0;0;0;0;SM
11;11;1;0;0;;18.2;8.3;691;8.3;1.2;2.2;49875.30195;52217.7333;16039;23356;3;123;44;27.95;F;0.91;3;0;0;PH;0;0;0;0;0;0;0;PH
11;12;2;0.379837729;0.221118411;;18.2;8.3;691;8.3;1.2;2.2;49875.30195;52217.7333;16039;23356;3;67;34;19.71;F;3.61;10;69;0;PH;0;0;0;0;0;0;0;PH
11;14;2;0.673011667;0.48;;18.2;8.3;691;8.3;1.2;2.2;49875.30195;52217.7333;16039;23356;3;110;40;27.5;M;0.63;2;3;0;ID;0;0;0;0;0;0;0;ID
11;15;2;0.683988433;0.490869248;;18.2;8.3;691;8.3;1.2;2.2;49875.30195;52217.7333;16039;23356;3;74;41;18.05;M;5.03;16;21;0;AD;0;0;0;0;0;0;0;AD
11;16;2;0.666278442;0.473372781;;18.2;8.3;691;8.3;1.2;2.2;49875.30195;52217.7333;16039;23356;3;46;37;12.43;F;2.47;8;5;0;ID;0;0;0;0;0;0;0;ID
11;17;2;0.320753205;0.176855056;;18.2;8.3;691;8.3;1.2;2.2;49875.30195;52217.7333;16039;23356;3;72;39;18.46;F;5.71;15;138;0;SM;0;0;0;0;0;0;0;SM
11;18;2;0.621086375;0.4296875;;18.2;8.3;691;8.3;1.2;2.2;49875.30195;52217.7333;16039;23356;3;82;42;19.52;M;1.61;5;11;0;SM;0;0;0;0;0;0;0;SM
11;19;2;0.621086375;0.4296875;;18.2;8.3;691;8.3;1.2;2.2;49875.30195;52217.7333;16039;23356;3;81;41;19.76;F;1.61;5;11;0;SM;0;0;0;0;0;0;0;SM
11;20;1;0;0;;18.2;8.3;691;8.3;1.2;2.2;49875.30195;52217.7333;16039;23356;3;45;35;12.86;F;0.53;0;63;0;SM;0;0;0;0;0;0;0;SM
11;21;2;0.388562327;0.227895727;;18.2;8.3;691;8.3;1.2;2.2;49875.30195;52217.7333;16039;23356;3;94;42;22.38;M;2.87;8;53;0;ID;0;0;0;0;0;0;0;ID
12;1;2;0.562335145;0.375;;19.2;7.6;907;15.93;1.15;6;61880.37268;26695.48849;1932;4714;1;50;34;14.71;M;0.66;2;6;0;SM;0;0;0;0;0;0;0;SM
12;2;2;0.304636097;0.165289256;;19.2;7.6;907;15.93;1.15;6;61880.37268;26695.48849;1932;4714;1;20;25;8;F;3.49;9;90;0;SM;0;0;0;0;0;0;0;SM
12;3;2;0.057710596;0.020531671;;19.2;7.6;907;15.93;1.15;6;61880.37268;26695.48849;1932;4714;1;25;28;8.93;M;5.53;5;477;0;SM;0;0;0;0;0;0;0;SM
12;4;2;0.253360719;0.130015031;;19.2;7.6;907;15.93;1.15;6;61880.37268;26695.48849;1932;4714;1;39;35;11.14;M;10.79;26;346;0;SM;0;0;0;0;0;0;0;SM
12;5;2;0.646090505;0.4536862;;19.2;7.6;907;15.93;1.15;6;61880.37268;26695.48849;1932;4714;1;17;26;6.54;M;2.55;8;15;0;SM;0;0;0;0;0;0;0;SM
12;6;2;0.00926335;0.002395206;;19.2;7.6;907;15.93;1.15;6;61880.37268;26695.48849;1932;4714;1;60;36;16.67;M;7.32;1;833;0;SM;0;0;0;0;0;0;0;SM
12;10;2;0.265661941;0.138261329;;19.2;7.6;907;15.93;1.15;6;61880.37268;26695.48849;1932;4714;1;55;33;16.67;M;5.3;13;161;0;SM;0;0;0;0;0;0;0;SM
12;11;1;0;0;;19.2;7.6;907;15.93;1.15;6;61880.37268;26695.48849;1932;4714;1;41;31;13.23;M;2.73;9;0;0;PH;0;0;0;0;0;0;0;PH
12;12;2;0.311962435;0.170519031;;19.2;7.6;907;15.93;1.15;6;61880.37268;26695.48849;1932;4714;1;91;45;20.22;F;6.15;16;154;0;SM;0;0;0;0;0;0;0;ID
12;15;1;0;0;;19.2;7.6;907;15.93;1.15;6;61880.37268;26695.48849;1932;4714;1;45;35;12.86;F;6.09;0;723;0;AD;0;0;0;0;0;0;0;AD
12;17;2;0.571405134;0.383284939;;19.2;7.6;907;15.93;1.15;6;61880.37268;26695.48849;1932;4714;1;34;34;10;M;7.53;23;66;0;SM;0;0;0;0;0;0;0;SM
13;2;2;0.410116318;0.244897959;;19.7;7.9;808;2;0.35;7.6;60618.70108;25511.68194;1002;22058;5;37;30;12.33;M;0.96;0;6;0;SM;0;0;0;0;0;1;0;SM
13;3;1;0;0;;19.7;7.9;808;2;0.35;7.6;60618.70108;25511.68194;1002;22058;5;100;42;23.81;M;0.01;0;1;0;SM;0;0;0;0;0;0;0;SM
13;5;2;0.257318641;0.132653061;;19.7;7.9;808;2;0.35;7.6;60618.70108;25511.68194;1002;22058;5;73;36;20.28;M;0.41;1;13;0;SM;0;0;0;0;0;0;0;SM
13;6;0;0;1;;19.7;7.9;808;2;0.35;7.6;60618.70108;25511.68194;1002;22058;5;86;40;21.5;F;0;0;0;0;SM;0;0;0;0;0;0;0;SM
13;7;0;0;1;;19.7;7.9;808;2;0.35;7.6;60618.70108;25511.68194;1002;22058;5;136;46;29.57;F;0;0;0;0;SM;0;0;0;0;0;0;0;SM
13;8;0;0;1;;19.7;7.9;808;2;0.35;7.6;60618.70108;25511.68194;1002;22058;5;110;42;26.19;F;0;0;0;0;SM;0;0;0;0;0;0;0;SM
13;10;1;0;0;;19.7;7.9;808;2;0.35;7.6;60618.70108;25511.68194;1002;22058;5;40;29;13.79;M;0.18;0;21;0;SM;0;0;0;0;0;0;0;SM
13;11;0;0;1;;19.7;7.9;808;2;0.35;7.6;60618.70108;25511.68194;1002;22058;5;103;41;25.12;F;0;0;0;0;PH;0;0;0;0;0;0;0;PH
13;12;NA;NA;NA;;19.7;7.9;808;2;0.35;7.6;60618.70108;25511.68194;1002;22058;5;76;39;19.49;M;2.66;;19;1;SM;0;0;0;0;0;0;0;ID
13;13;2;0.211687545;0.103140496;;19.7;7.9;808;2;0.35;7.6;60618.70108;25511.68194;1002;22058;5;109;44;24.77;M;1.35;3;52;0;SM;0;0;0;0;0;0;0;ID
13;14;3;0.859967281;0.512396694;;19.7;7.9;808;2;0.35;7.6;60618.70108;25511.68194;1002;22058;5;116;43;26.98;M;4.3;3;7;0;SM;0;1;0;0;0;0;0;ID
13;15;;;;;19.7;7.9;808;2;0.35;7.6;60618.70108;25511.68194;1002;22058;5;98;44;22.27;M;1.54;;13;0;SM;1;0;0;0;0;0;0;ID
13;16;3;0.370802358;0.173828125;;19.7;7.9;808;2;0.35;7.6;60618.70108;25511.68194;1002;22058;5;58;34;17.06;F;1.76;2;29;0;SM;0;0;0;0;0;1;0;ID
13;17;1;0;0;;19.7;7.9;808;2;0.35;7.6;60618.70108;25511.68194;1002;22058;5;116;43;26.98;F;0.26;0;31;0;AD;0;0;0;0;0;0;0;ID
13;18;2;0.693147181;0.5;;19.7;7.9;808;2;0.35;7.6;60618.70108;25511.68194;1002;22058;5;83;42;19.76;M;3.41;0;0;1;AD;0;0;0;0;0;1;0;SM
13;19;1;0;0;;19.7;7.9;808;2;0.35;7.6;60618.70108;25511.68194;1002;22058;5;77;43;17.91;F;0.04;0;5;0;AD;0;0;0;0;0;0;0;SM
13;20;2;0.562335145;0.375;;19.7;7.9;808;2;0.35;7.6;60618.70108;25511.68194;1002;22058;5;83;40;20.75;F;0.33;1;3;0;ID;0;0;0;0;0;0;0;ID
14;1;1;0;0;;19.7;7.9;808;2;0.35;7.6;56056.62109;15064.96775;13713;10487;2;74;38;19.47;M;0.01;0;1;0;SM;0;0;0;0;0;0;0;SM
14;3;2;0.160680562;0.07262371;;19.7;7.9;808;2;0.35;7.6;56056.62109;15064.96775;13713;10487;2;56;34;16.47;M;1.04;2;51;0;SM;0;0;0;0;0;0;0;SM
14;4;1;0;0;;19.7;7.9;808;2;0.35;7.6;56056.62109;15064.96775;13713;10487;2;69;36;19.17;F;1.82;0;0;0;SM;0;0;0;0;0;2;0;SM
14;6;2;0.410116318;0.244897959;;19.7;7.9;808;2;0.35;7.6;56056.62109;15064.96775;13713;10487;2;54;34;15.88;M;0.96;0;6;0;SM;0;0;0;0;0;1;0;SM
14;11;2;0.392674467;0.231111111;;18;7.7;593;5.1;0.47;6.6;56056.62109;15064.96775;13713;10487;2;72;35;20.57;M;1.93;0;13;0;PH;0;0;0;0;0;2;0;PH
14;12;2;0.410116318;0.244897959;;18;7.7;593;5.1;0.47;6.6;56056.62109;15064.96775;13713;10487;2;79;42;18.81;M;0.35;1;6;0;SM;0;0;0;0;0;0;0;AD
14;13;NA;NA;NA;;18;7.7;593;5.1;0.47;6.6;56056.62109;15064.96775;13713;10487;2;96;40;24;M;0.52;;62;0;SM;0;0;0;0;0;0;0;AD
14;14;NA;NA;NA;;18;7.7;593;5.1;0.47;6.6;56056.62109;15064.96775;13713;10487;2;71;38;18.68;M;0.03;;3;0;SM;0;0;0;0;0;0;0;AD
14;15;NA;NA;NA;;18;7.7;593;5.1;0.47;6.6;56056.62109;15064.96775;13713;10487;2;56;31;18.06;F;0.03;;3;0;SM;0;0;0;0;0;0;0;AD
14;16;NA;NA;NA;;18;7.7;593;5.1;0.47;6.6;56056.62109;15064.96775;13713;10487;2;57;35;16.29;M;0.48;;57;0;SM;0;0;0;0;0;0;0;AD
14;17;2;0.474139313;0.297520661;;18;7.7;593;5.1;0.47;6.6;56056.62109;15064.96775;13713;10487;2;307;64;47.97;F;1.89;0;9;0;SM;0;0;0;0;0;2;0;SM
14;18;3;0.21930547;0.08946976;;18;7.7;593;5.1;0.47;6.6;56056.62109;15064.96775;13713;10487;2;224;53;42.26;M;5.76;3;144;0;SM;0;0;0;0;0;4;0;SM
14;19;2;0.223718076;0.110726644;;18;7.7;593;5.1;0.47;6.6;56056.62109;15064.96775;13713;10487;2;30;30;10;M;0.44;1;16;0;SM;0;0;0;0;0;0;0;SM
14;20;2;0.040728051;0.013512888;;18;7.7;593;5.1;0.47;6.6;56056.62109;15064.96775;13713;10487;2;26;28;9.29;M;2.66;0;146;0;SM;1;0;0;0;0;0;0;SM
15;1;1;0;0;;17.3;8.1;664;2;0.18;7.3;63687.74746;67470.6868;67720;15788;4;60;35;17.14;M;0.02;0;2;0;SM;0;0;0;0;0;0;0;SM
15;2;0;0;1;;17.3;8.1;664;2;0.18;7.3;63687.74746;67470.6868;67720;15788;4;20;26;7.69;M;0;0;0;0;SM;0;0;0;0;0;0;0;SM
15;4;1;0;0;;17.3;8.1;664;2;0.18;7.3;63687.74746;67470.6868;67720;15788;4;108;44;24.55;F;0.3;1;0;0;SM;0;0;0;0;0;0;0;SM
15;5;2;0.693147181;0.5;;17.3;8.1;664;2;0.18;7.3;63687.74746;67470.6868;67720;15788;4;99;41;24.15;M;0.62;2;2;0;SM;0;0;0;0;0;0;0;SM
15;7;1;0;0;;17.3;8.1;664;2;0.18;7.3;63687.74746;67470.6868;67720;15788;4;12;21;5.71;M;0.01;0;1;0;SM;0;0;0;0;0;0;0;SM
15;8;1;0;0;;17.3;8.1;664;2;0.18;7.3;63687.74746;67470.6868;67720;15788;4;34;29;11.72;F;0.04;0;5;0;SM;0;0;0;0;0;0;0;SM
15;9;1;0;0;;17.3;8.1;664;2;0.18;7.3;63687.74746;67470.6868;67720;15788;4;56;35;16;F;0.19;0;22;0;SM;0;0;0;0;0;0;0;SM
15;10;0;0;1;;17.3;8.1;664;2;0.18;7.3;63687.74746;67470.6868;67720;15788;4;91;42;21.67;M;0;0;0;0;SM;0;0;0;0;0;0;0;SM
15;11;1;0;0;;17.3;8.1;664;2;0.18;7.3;63687.74746;67470.6868;67720;15788;4;26;24;10.83;F;0.3;1;0;0;ID;0;0;0;0;0;0;0;ID
15;12;1;0;0;;17.3;8.1;664;2;0.18;7.3;63687.74746;67470.6868;67720;15788;4;85;39;21.79;M;0.13;0;16;0;ID;0;0;0;0;0;0;0;ID
15;13;1;0;0;;17.3;8.1;664;2;0.18;7.3;63687.74746;67470.6868;67720;15788;4;77;37;20.81;F;0.01;0;1;0;ID;0;0;0;0;0;0;0;ID
15;14;NA;NA;NA;;17.3;8.1;664;2;0.18;7.3;63687.74746;67470.6868;67720;15788;4;41;NA;NA;F;0.01;0;1;0;ID;0;0;0;0;0;0;0;ID
15;15;2;0.450561209;0.277777778;;17.3;8.1;664;2;0.18;7.3;63687.74746;67470.6868;67720;15788;4;60;37;16.22;F;0.69;2;10;0;ID;0;0;0;0;0;0;0;ID
15;16;1;0;0;;17.3;8.1;664;2;0.18;7.3;63687.74746;67470.6868;67720;15788;4;39;35;11.14;M;0.01;0;1;0;ID;0;0;0;0;0;0;0;ID
16;1;2;0.636514168;0.444444444;;17.4;7.6;596;2;0.15;8.3;68548.10804;72561.65994;3481;7066;2;169;43;39.3;M;0.93;0;2;0;SM;0;0;0;0;0;1;0;SM
16;5;2;0.636514168;0.444444444;;17.4;7.6;596;2;0.15;8.3;68548.10804;72561.65994;3481;7066;2;58;35;16.57;F;2.52;0;2;0;SM;0;0;0;1;0;0;0;SM
16;6;2;0.636514168;0.444444444;;17.4;7.6;596;2;0.15;8.3;68548.10804;72561.65994;3481;7066;2;40;31;12.9;F;6.43;0;0;0;SM;1;0;0;2;0;0;0;SM
16;8;1;0;0;;17.4;7.6;596;2;0.15;8.3;68548.10804;72561.65994;3481;7066;2;94;39;24.1;M;0.05;0;6;0;SM;0;0;0;0;0;0;0;SM
16;9;2;0.636514168;0.444444444;;17.4;7.6;596;2;0.15;8.3;68548.10804;72561.65994;3481;7066;2;50;33;15.15;M;0.93;0;2;0;SM;0;0;0;0;0;1;0;SM
16;10;1;0;0;;17.4;7.6;596;2;0.15;8.3;68548.10804;72561.65994;3481;7066;2;157;47;33.4;M;0.01;0;1;0;SM;0;0;0;0;0;0;0;SM
16;11;0;0;1;;17.4;7.6;596;2;0.15;8.3;68548.10804;72561.65994;3481;7066;2;167;49;34.08;F;0;0;0;0;PH;0;0;0;0;0;0;0;PH
16;12;0;0;1;;17.4;7.6;596;2;0.15;8.3;68548.10804;72561.65994;3481;7066;2;225;52;43.27;F;0;0;0;0;PH;0;0;0;0;0;0;0;PH
16;13;1;0;0;;17.4;7.6;596;2;0.15;8.3;68548.10804;72561.65994;3481;7066;2;85;40;21.25;F;0.3;0;36;0;ID;0;0;0;0;0;0;0;ID
16;14;2;0.271189373;0.142011834;;17.4;7.6;596;2;0.15;8.3;68548.10804;72561.65994;3481;7066;2;94;36;26.11;M;0.4;1;12;0;PH;0;0;0;0;0;0;0;ID
16;15;2;0.149994924;0.066587396;;17.4;7.6;596;2;0.15;8.3;68548.10804;72561.65994;3481;7066;2;126;60;21;F;3.57;0;28;0;ID;0;1;0;0;0;0;0;SM
16;16;0;0;1;;17.4;7.6;596;2;0.15;8.3;68548.10804;72561.65994;3481;7066;2;89;53;16.79;F;0;0;0;0;ID;0;0;0;0;0;0;0;SM
16;17;0;0;1;;17.4;7.6;596;2;0.15;8.3;68548.10804;72561.65994;3481;7066;2;107;48;22.29;F;0;0;0;0;ID;0;0;0;0;0;0;0;ID
16;18;1;0;0;;17.4;7.6;596;2;0.15;8.3;68548.10804;72561.65994;3481;7066;2;24;36;6.67;M;0.13;0;16;0;ID;0;0;0;0;0;0;0;ID
16;19;1;0;0;;17.4;7.6;596;2;0.15;8.3;68548.10804;72561.65994;3481;7066;2;37;39;9.49;F;0.2;0;24;0;ID;0;0;0;0;0;0;0;ID
16;20;0;0;1;;17.4;7.6;596;2;0.15;8.3;68548.10804;72561.65994;3481;7066;2;61;38;16.05;M;0;0;0;0;ID;0;0;0;0;0;0;0;ID
16;21;2;0.233791659;0.1171875;;17.4;7.6;596;2;0.15;8.3;68548.10804;72561.65994;3481;7066;2;113;45;25.11;F;1.55;0;15;0;ID;1;0;0;0;0;0;0;ID
16;22;2;0.693147181;0.5;;17.4;7.6;596;2;0.15;8.3;68548.10804;72561.65994;3481;7066;2;205;61;33.61;F;4.31;0;3;0;ID;3;0;0;0;0;0;0;ID
17;1;1;0;0;;17.4;7.6;545;4.6;0.46;5.2;45271.81713;39387.48543;8617;9932;3;86;38;22.63;F;0.38;0;45;0;SM;0;0;0;0;0;0;0;SM
17;2;1;0;0;;17.4;7.6;545;4.6;0.46;5.2;45271.81713;39387.48543;8617;9932;3;135;42;32.14;M;0.08;0;9;0;SM;0;0;0;0;0;0;0;SM
17;3;1;0;0;;17.4;7.6;545;4.6;0.46;5.2;45271.81713;39387.48543;8617;9932;3;103;40;25.75;M;0.07;0;8;0;SM;0;0;0;0;0;0;0;SM
17;4;2;0.415055273;0.24884532;;17.4;7.6;545;4.6;0.46;5.2;45271.81713;39387.48543;8617;9932;3;64;34;18.82;F;5.29;15;88;0;PH;0;0;0;0;0;0;0;PH
17;5;1;0;0;;17.4;7.6;545;4.6;0.46;5.2;45271.81713;39387.48543;8617;9932;3;57;34;16.76;F;0.03;0;3;0;ID;0;0;0;0;0;0;0;ID
17;6;1;0;0;;17.4;7.6;545;4.6;0.46;5.2;45271.81713;39387.48543;8617;9932;3;20;23;8.7;M;0.13;0;15;0;SM;0;0;0;0;0;0;0;SM
17;7;1;0;0;;17.4;7.6;545;4.6;0.46;5.2;45271.81713;39387.48543;8617;9932;3;109;41;26.59;M;0.05;0;6;0;SM;0;0;0;0;0;0;0;SM
17;9;1;0;0;;17.4;7.6;545;4.6;0.46;5.2;45271.81713;39387.48543;8617;9932;3;98;40;24.5;F;0.27;0;32;0;PH;0;0;0;0;0;0;0;ID
17;10;1;0;0;;17.4;7.6;545;4.6;0.46;5.2;45271.81713;39387.48543;8617;9932;3;55;34;16.18;F;2.76;0;328;0;PH;0;0;0;0;0;0;0;PH
17;11;1;0;0;;17.4;7.6;545;4.6;0.46;5.2;45271.81713;39387.48543;8617;9932;3;100;39;25.64;F;0.3;1;0;0;PH;0;0;0;0;0;0;0;PH
17;12;2;0.562335145;0.375;;17.4;7.6;545;4.6;0.46;5.2;45271.81713;39387.48543;8617;9932;3;143;42;34.05;M;2.75;9;3;0;PH;0;0;0;0;0;0;0;PH
17;13;2;0.369333122;0.213039486;;17.4;7.6;545;4.6;0.46;5.2;45271.81713;39387.48543;8617;9932;3;110;50;22;F;2.91;8;58;0;PH;0;0;0;0;0;0;0;ID
17;14;2;0.092216057;0.036351166;;17.4;7.6;545;4.6;0.46;5.2;45271.81713;39387.48543;8617;9932;3;97;38;25.53;F;0.75;1;53;0;PH;0;0;0;0;0;0;0;PH
17;15;1;0;0;;17.4;7.6;545;4.6;0.46;5.2;45271.81713;39387.48543;8617;9932;3;112;48;23.33;M;0.03;0;3;0;ID;0;0;0;0;0;0;0;ID
17;17;2;0.693147181;0.5;;17.4;7.6;545;4.6;0.46;5.2;45271.81713;39387.48543;8617;9932;3;81;43;18.84;F;1.25;4;4;0;ID;0;0;0;0;0;0;0;ID
17;18;1;0;0;;17.4;7.6;545;4.6;0.46;5.2;45271.81713;39387.48543;8617;9932;3;60;43;13.95;M;0.3;1;0;0;ID;0;0;0;0;0;0;0;ID
17;19;1;0;0;;17.4;7.6;545;4.6;0.46;5.2;45271.81713;39387.48543;8617;9932;3;68;42;16.19;F;0.13;0;16;0;SM;0;0;0;0;0;0;0;SM
17;20;1;0;0;;17.4;7.6;545;4.6;0.46;5.2;45271.81713;39387.48543;8617;9932;3;94;52;18.08;M;0.37;0;44;0;SM;0;0;0;0;0;0;0;SM
18;1;2;0.429323022;0.26035503;;22.5;7.6;561;3.207777778;0.054;2.1;44142.91515;15837.75852;4261;9992;3;85;39;21.79;M;10.02;0;2;0;SM;0;0;0;0;0;11;0;SM
18;2;2;0.325082973;0.18;;22.5;7.6;561;3.207777778;0.054;2.1;44142.91515;15837.75852;4261;9992;3;77;37;20.81;M;0.98;0;9;0;SM;0;0;0;0;0;1;0;SM
18;3;1;0;0;;22.5;7.6;561;3.207777778;0.054;2.1;44142.91515;15837.75852;4261;9992;3;67;38;17.63;F;0.09;0;11;0;SM;0;0;0;0;0;0;0;SM
18;5;2;0.246241006;0.125306304;;22.5;7.6;561;3.207777778;0.054;2.1;44142.91515;15837.75852;4261;9992;3;54;31;17.42;M;9.23;0;125;0;SM;0;0;0;0;0;9;0;SM
18;6;1;0;0;;22.5;7.6;561;3.207777778;0.054;2.1;44142.91515;15837.75852;4261;9992;3;78;35;22.29;M;0.77;0;91;0;SM;0;0;0;0;0;0;0;SM
18;7;2;0.693147181;0.5;;22.5;7.6;561;3.207777778;0.054;2.1;44142.91515;15837.75852;4261;9992;3;72;34;21.18;M;5.01;0;1;0;SM;0;0;1;0;0;0;0;SM
18;12;1;0;0;;22.5;7.6;561;3.207777778;0.054;2.1;44142.91515;15837.75852;4261;9992;3;63;21;30;M;0.18;0;21;0;PH;0;0;0;0;0;0;0;PH
18;13;1;0;0;;22.5;7.6;561;3.207777778;0.054;2.1;44142.91515;15837.75852;4261;9992;3;55;31;17.74;F;1.42;0;168;0;PH;0;0;0;0;0;0;0;PH
18;14;0;0;1;;22.5;7.6;561;3.207777778;0.054;2.1;44142.91515;15837.75852;4261;9992;3;80;37;21.62;F;0;0;0;0;ID;0;0;0;0;0;0;0;ID
18;15;0;0;1;;22.5;7.6;561;3.207777778;0.054;2.1;44142.91515;15837.75852;4261;9992;3;117;46;25.43;F;0;0;0;0;SM;0;0;0;0;0;0;0;SM
18;16;1;0;0;;22.5;7.6;561;3.207777778;0.054;2.1;44142.91515;15837.75852;4261;9992;3;126;47;26.81;M;0.01;0;1;0;SM;0;0;0;0;0;0;0;SM
18;17;1;0;0;;22.5;7.6;561;3.207777778;0.054;2.1;44142.91515;15837.75852;4261;9992;3;112;51;21.96;M;0.01;0;1;0;ID;0;0;0;0;0;0;0;ID
18;18;3;0.900256051;0.53125;;22.5;7.6;561;3.207777778;0.054;2.1;44142.91515;15837.75852;4261;9992;3;38;34;11.18;M;4.87;1;2;0;ID;0;0;0;0;0;5;0;ID
18;19;1;0;0;;22.5;7.6;561;3.207777778;0.054;2.1;44142.91515;15837.75852;4261;9992;3;22;32;6.88;F;0.05;0;6;0;ID;0;0;0;0;0;0;0;ID
18;20;1;0;0;;22.5;7.6;561;3.207777778;0.054;2.1;44142.91515;15837.75852;4261;9992;3;29;35;8.29;M;0.25;0;30;0;ID;0;0;0;0;0;0;0;ID
18;21;0;0;1;;22.5;7.6;561;3.207777778;0.054;2.1;44142.91515;15837.75852;4261;9992;3;128;51;25.1;M;0;0;0;0;ID;0;0;0;0;0;0;0;ID
19;1;2;0.325082973;0.18;;16.2;8.3;941;0.75;0.24;8.7;64632.42266;67396.48604;31094;6093;1;61;36;16.94;F;0.38;1;9;0;SM;0;0;0;0;0;0;0;SM
19;2;1;0;0;;16.2;8.3;941;0.75;0.24;8.7;64632.42266;67396.48604;31094;6093;1;78;39;20;M;0.02;0;2;0;ID;0;0;0;0;0;0;0;ID
19;3;2;0.636514168;0.444444444;;16.2;8.3;941;0.75;0.24;8.7;64632.42266;67396.48604;31094;6093;1;34;29;11.72;F;0.32;1;2;0;PH;0;0;0;0;0;0;0;PH
19;4;2;0.233791659;0.1171875;;16.2;8.3;941;0.75;0.24;8.7;64632.42266;67396.48604;31094;6093;1;36;30;12;F;1.72;4;60;0;ID;0;0;0;0;0;0;0;ID
19;6;1;0;0;;16.2;8.3;941;0.75;0.24;8.7;64632.42266;67396.48604;31094;6093;1;25;27;9.26;F;0.38;0;45;0;ID;0;0;0;0;0;0;0;ID
19;7;2;0.529706199;0.345679012;;16.2;8.3;941;0.75;0.24;8.7;64632.42266;67396.48604;31094;6093;1;22;25;8.8;F;1.33;4;14;0;PH;0;0;0;0;0;0;0;PH
19;10;2;0.237377798;0.119511091;;16.2;8.3;941;0.75;0.24;8.7;64632.42266;67396.48604;31094;6093;1;30;29;10.34;F;1.28;3;44;0;SM;0;0;0;0;0;0;0;SM
19;11;1;0;0;;16.2;8.3;941;0.75;0.24;8.7;64632.42266;67396.48604;31094;6093;1;134;42;31.9;F;0.61;2;0;0;PH;0;0;0;0;0;0;0;PH
19;12;2;0.562335145;0.375;;16.2;8.3;941;0.75;0.24;8.7;64632.42266;67396.48604;31094;6093;1;157;43;36.51;M;0.33;1;3;0;PH;0;0;0;0;0;0;0;PH
19;13;2;0.693147181;0.5;;16.2;8.3;941;0.75;0.24;8.7;64632.42266;67396.48604;31094;6093;1;29;36;8.06;F;0.31;1;1;0;PH;0;0;0;0;0;0;0;PH
19;14;2;0.500402424;0.32;;16.2;8.3;941;0.75;0.24;8.7;64632.42266;67396.48604;31094;6093;1;193;56;34.46;F;1.22;4;1;0;ID;0;0;0;0;0;0;0;ID
19;15;0;0;1;;16.2;8.3;941;0.75;0.24;8.7;64632.42266;67396.48604;31094;6093;1;66;53;12.45;F;0;0;0;0;ID;0;0;0;0;0;0;0;ID
19;16;1;0;0;;16.2;8.3;941;0.75;0.24;8.7;64632.42266;67396.48604;31094;6093;1;118;56;21.07;F;0.61;2;0;0;ID;0;0;0;0;0;0;0;ID
19;17;0;0;1;;16.2;8.3;941;0.75;0.24;8.7;64632.42266;67396.48604;31094;6093;1;235;62;37.9;F;0;0;0;0;ID;0;0;0;0;0;0;0;ID
19;18;1;0;0;;16.2;8.3;941;0.75;0.24;8.7;64632.42266;67396.48604;31094;6093;1;33;33;10;M;0.03;0;3;0;ID;0;0;0;0;0;0;0;ID
19;19;1;0;0;;16.2;8.3;941;0.75;0.24;8.7;64632.42266;67396.48604;31094;6093;1;79;46;17.17;M;0.03;0;3;0;ID;0;0;0;0;0;0;0;ID
19;20;1;0;0;;16.2;8.3;941;0.75;0.24;8.7;64632.42266;67396.48604;31094;6093;1;266;63;42.22;F;0.3;1;0;0;ID;0;0;0;0;0;0;0;ID
20;1;0;0;1;;15.9;8.1;875;2;0.095;8.1;72865.43489;76898.41061;40589;2762;1;54;35;15.43;M;0;0;0;0;SM;0;0;0;0;0;0;0;SM
20;4;0;0;1;;15.9;8.1;875;2;0.095;8.1;72865.43489;76898.41061;40589;2762;1;20;24;8.33;F;0;0;0;0;SM;0;0;0;0;0;0;0;SM
20;5;2;0.410116318;0.244897959;;15.9;8.1;875;2;0.095;8.1;72865.43489;76898.41061;40589;2762;1;20;28;7.14;F;0.35;1;6;0;SM;0;0;0;0;0;0;0;SM
20;6;2;0.433398873;0.263671875;;15.9;8.1;875;2;0.095;8.1;72865.43489;76898.41061;40589;2762;1;44;32;13.75;M;1.74;5;27;0;SM;0;0;0;0;0;0;0;SM
20;8;1;0;0;;15.9;8.1;875;2;0.095;8.1;72865.43489;76898.41061;40589;2762;1;20;26;7.69;M;0.09;0;11;0;SM;0;0;0;0;0;0;0;SM
20;9;2;0.585952618;0.396694215;;15.9;8.1;875;2;0.095;8.1;72865.43489;76898.41061;40589;2762;1;13;23;5.65;F;2.45;8;3;0;SM;0;0;0;0;0;0;0;SM
20;10;2;0.689009238;0.495867769;;15.9;8.1;875;2;0.095;8.1;72865.43489;76898.41061;40589;2762;1;30;28;10.71;F;1.57;5;6;0;SM;0;0;0;0;0;0;0;SM
21;1;0;0;1;;19.6;8;812;1;0.36;6.9;58440.63861;21751.45973;7562;10425;1;134;41;32.68;F;0;0;0;0;KM;0;0;0;0;0;0;0;KM
21;2;2;0.286835983;0.152777778;;19.6;8;812;1;0.36;6.9;58440.63861;21751.45973;7562;10425;1;127;43;29.53;F;5.19;0;22;2;KM;0;0;0;0;0;0;0;KM
21;3;1;0;0;;19.6;8;812;1;0.36;6.9;58440.63861;21751.45973;7562;10425;1;130;42;30.95;M;0.05;0;6;0;SM;0;0;0;0;0;0;0;SM
21;4;1;0;0;;19.6;8;812;1;0.36;6.9;58440.63861;21751.45973;7562;10425;1;54;33;16.36;F;0.05;0;6;0;SM;0;0;0;0;0;0;0;SM
21;5;2;0.184907399;0.08677686;;19.6;8;812;1;0.36;6.9;58440.63861;21751.45973;7562;10425;1;21;25;8.4;M;0.96;2;42;0;SM;0;0;0;0;0;0;0;SM
21;6;1;0;0;;19.6;8;812;1;0.36;6.9;58440.63861;21751.45973;7562;10425;1;126;43;29.3;M;0.21;0;25;0;SM;0;0;0;0;0;0;0;SM
21;7;2;0.189208981;0.089355469;;19.6;8;812;1;0.36;6.9;58440.63861;21751.45973;7562;10425;1;64;35;18.29;F;1.42;3;61;0;SM;0;0;0;0;0;0;0;SM
21;9;2;0.529706199;0.345679012;;19.6;8;812;1;0.36;6.9;58440.63861;21751.45973;7562;10425;1;53;33;16.06;F;10.12;0;14;4;KM;0;0;0;0;0;0;0;KM
21;10;3;0.735387525;0.417230331;;19.6;8;812;1;0.36;6.9;58440.63861;21751.45973;7562;10425;1;21;22;9.55;M;7;10;39;0;SM;0;0;0;0;0;4;0;SM
21;11;1;0;0;;19.6;8;812;1;0.36;6.9;58440.63861;21751.45973;7562;10425;1;88;39;22.56;M;2.5;0;0;0;PH;0;0;0;1;0;0;0;PH
21;12;2;0.554789602;0.368151936;;19.6;8;812;1;0.36;6.9;58440.63861;21751.45973;7562;10425;1;106;38;27.89;F;2.96;9;28;0;PH;0;0;0;0;0;0;0;PH
21;13;2;0.500402424;0.32;;19.6;8;812;1;0.36;6.9;58440.63861;21751.45973;7562;10425;1;94;45;20.89;M;1.35;4;16;0;PH;0;0;0;0;0;0;0;PH
21;14;2;0.693147181;0.5;;19.6;8;812;1;0.36;6.9;58440.63861;21751.45973;7562;10425;1;32;36;8.89;M;7.53;0;3;3;ID;0;0;0;0;0;0;0;ID
21;15;1;0;0;;19.6;8;812;1;0.36;6.9;58440.63861;21751.45973;7562;10425;1;62;42;14.76;M;0.11;0;13;0;ID;0;0;0;0;0;0;0;ID
21;16;2;0.214559155;0.104938272;;19.6;8;812;1;0.36;6.9;58440.63861;21751.45973;7562;10425;1;62;35;17.71;M;0.45;1;17;0;ID;0;0;0;0;0;0;0;ID
21;17;1;0;0;;19.6;8;812;1;0.36;6.9;58440.63861;21751.45973;7562;10425;1;60;44;13.64;M;0.01;0;1;0;ID;0;0;0;0;0;0;0;ID
21;18;3;0.790267968;0.461538462;;19.6;8;812;1;0.36;6.9;58440.63861;21751.45973;7562;10425;1;57;36;15.83;M;7.88;1;9;3;ID;0;0;0;0;0;0;0;SM
21;19;1;0;0;;19.6;8;812;1;0.36;6.9;58440.63861;21751.45973;7562;10425;1;105;47;22.34;F;0.02;0;2;0;ID;0;0;0;0;0;0;0;ID
21;20;1;0;0;;19.6;8;812;1;0.36;6.9;58440.63861;21751.45973;7562;10425;1;44;40;11;M;0.01;0;1;0;ID;0;0;0;0;0;0;0;ID
22;1;1;0;0;;17.3;7.1;358;2;0.12;6.5;47879.02199;44196.46983;13904;21941;6;130;43;30.23;M;0.2;0;24;0;KM;0;0;0;0;0;0;0;KM
22;2;1;0;0;;17.3;7.1;358;2;0.12;6.5;47879.02199;44196.46983;13904;21941;6;143;46;31.09;M;0.13;0;16;0;KM;0;0;0;0;0;0;0;KM
22;3;1;0;0;;17.3;7.1;358;2;0.12;6.5;47879.02199;44196.46983;13904;21941;6;117;41;28.54;M;0.02;0;2;0;KM;0;0;0;0;0;0;0;KM
22;4;1;0;0;;17.3;7.1;358;2;0.12;6.5;47879.02199;44196.46983;13904;21941;6;127;45;28.22;M;0.06;0;7;0;KM;0;0;0;0;0;0;0;KM
22;5;1;0;0;;17.3;7.1;358;2;0.12;6.5;47879.02199;44196.46983;13904;21941;6;130;43;30.23;M;0.07;0;8;0;KM;0;0;0;0;0;0;0;KM
22;7;1;0;0;;17.3;7.1;358;2;0.12;6.5;47879.02199;44196.46983;13904;21941;6;34;28;12.14;M;0.06;0;7;0;KM;0;0;0;0;0;0;0;KM
22;10;0;0;1;;17.3;7.1;358;2;0.12;6.5;47879.02199;44196.46983;13904;21941;6;123;44;27.95;M;0;0;0;0;KM;0;0;0;0;0;0;0;KM
22;11;1;0;0;;17.3;7.1;358;2;0.12;6.5;47879.02199;44196.46983;13904;21941;6;128;40;32;M;0.01;0;1;0;PH;0;0;0;0;0;0;0;PH
22;12;1;0;0;;17.3;7.1;358;2;0.12;6.5;47879.02199;44196.46983;13904;21941;6;112;43;26.05;F;0.02;0;2;0;PH;0;0;0;0;0;0;0;PH
22;13;2;0.693147181;0.5;;17.3;7.1;358;2;0.12;6.5;47879.02199;44196.46983;13904;21941;6;91;36;25.28;F;0.92;0;1;0;PH;0;0;0;0;0;1;0;ID
22;14;2;0.245835972;0.125039855;;17.3;7.1;358;2;0.12;6.5;47879.02199;44196.46983;13904;21941;6;61;43;14.19;M;5.46;13;181;0;AD;0;0;0;0;0;0;0;SM
22;15;1;0;0;;17.3;7.1;358;2;0.12;6.5;47879.02199;44196.46983;13904;21941;6;65;47;13.83;M;0.04;0;5;0;AD;0;0;0;0;0;0;0;SM
22;16;0;0;1;;17.3;7.1;358;2;0.12;6.5;47879.02199;44196.46983;13904;21941;6;94;46;20.43;M;0;0;0;0;AD;0;0;0;0;0;0;0;SM
22;17;0;0;1;;17.3;7.1;358;2;0.12;6.5;47879.02199;44196.46983;13904;21941;6;46;42;10.95;F;0;0;0;0;ID;0;0;0;0;0;0;0;ID
22;18;1;0;0;;17.3;7.1;358;2;0.12;6.5;47879.02199;44196.46983;13904;21941;6;84;44;19.09;F;0.01;0;1;0;ID;0;0;0;0;0;0;0;ID
22;19;0;0;1;;17.3;7.1;358;2;0.12;6.5;47879.02199;44196.46983;13904;21941;6;59;42;14.05;M;0;0;0;0;ID;0;0;0;0;0;0;0;ID
22;20;0;0;1;;17.3;7.1;358;2;0.12;6.5;47879.02199;44196.46983;13904;21941;6;75;41;18.29;M;0;0;0;0;ID;0;0;0;0;0;0;0;ID
23;1;0;0;1;;15.1;7.2;166;2;0.16;8;53511.25618;49989.625;19715;8318;7;66;37;17.84;M;0;0;0;0;PH;0;0;0;0;0;0;0;PH
23;2;0;0;1;;15.1;7.2;166;2;0.16;8;53511.25618;49989.625;19715;8318;7;90;39;23.08;M;0;0;0;0;SM;0;0;0;0;0;0;0;SM
23;3;0;0;1;;15.1;7.2;166;2;0.16;8;53511.25618;49989.625;19715;8318;7;84;39;21.54;F;0;0;0;0;ID;0;0;0;0;0;0;0;ID
23;4;0;0;1;;15.1;7.2;166;2;0.16;8;53511.25618;49989.625;19715;8318;7;67;36;18.61;F;0;0;0;0;SM;0;0;0;0;0;0;0;SM
23;5;2;0.132691421;0.057093426;;15.1;7.2;166;2;0.16;8;53511.25618;49989.625;19715;8318;7;74;36;20.56;F;10.01;33;1;0;PH;0;0;0;0;0;0;0;PH
23;6;1;0;0;;15.1;7.2;166;2;0.16;8;53511.25618;49989.625;19715;8318;7;107;40;26.75;M;0.01;0;1;0;PH;0;0;0;0;0;0;0;PH
23;7;0;0;1;;15.1;7.2;166;2;0.16;8;53511.25618;49989.625;19715;8318;7;83;37;22.43;M;0;0;0;0;PH;0;0;0;0;0;0;0;PH
23;8;1;0;0;;15.1;7.2;166;2;0.16;8;53511.25618;49989.625;19715;8318;7;83;38;21.84;M;0.01;0;1;0;SM;0;0;0;0;0;0;0;SM
23;9;1;0;0;;15.1;7.2;166;2;0.16;8;53511.25618;49989.625;19715;8318;7;75;35;21.43;M;0.02;0;2;0;SM;0;0;0;0;0;0;0;SM
23;10;0;0;1;;15.1;7.2;166;2;0.16;8;53511.25618;49989.625;19715;8318;7;82;37;22.16;M;0;0;0;0;SM;0;0;0;0;0;0;0;SM
23;11;1;0;0;;15.1;7.2;166;2;0.16;8;53511.25618;49989.625;19715;8318;7;46;31;14.84;M;0.08;0;10;0;PH;0;0;0;0;0;0;0;PH
23;12;1;0;0;;15.1;7.2;166;2;0.16;8;53511.25618;49989.625;19715;8318;7;50;35;14.29;F;0.01;0;1;0;PH;0;0;0;0;0;0;0;PH
23;13;0;0;1;;15.1;7.2;166;2;0.16;8;53511.25618;49989.625;19715;8318;7;55;32;17.19;F;0;0;0;0;ID;0;0;0;0;0;0;0;ID
23;14;0;0;1;;15.1;7.2;166;2;0.16;8;53511.25618;49989.625;19715;8318;7;71;37;19.19;M;0;0;0;0;PH;0;0;0;0;0;0;0;PH
23;15;1;0;0;;15.1;7.2;166;2;0.16;8;53511.25618;49989.625;19715;8318;7;23;31;7.42;F;0.91;3;0;0;AD;0;0;0;0;0;0;0;SM
23;16;1;0;0;;15.1;7.2;166;2;0.16;8;53511.25618;49989.625;19715;8318;7;68;40;17;F;0.3;1;0;0;AD;0;0;0;0;0;0;0;SM
23;17;NA;NA;NA;;15.1;7.2;166;2;0.16;8;53511.25618;49989.625;19715;8318;7;28;39;7.18;M;0;;0;0;SM;0;0;0;0;0;0;0;SM
23;18;NA;NA;NA;;15.1;7.2;166;2;0.16;8;53511.25618;49989.625;19715;8318;7;62;38;16.32;F;0.01;;1;0;SM;0;0;0;0;0;0;0;SM
23;19;NA;NA;NA;;15.1;7.2;166;2;0.16;8;53511.25618;49989.625;19715;8318;7;44;37;11.89;F;0;;0;0;SM;0;0;0;0;0;0;0;SM
23;20;NA;NA;NA;;15.1;7.2;166;2;0.16;8;53511.25618;49989.625;19715;8318;7;63;36;17.5;M;0;;0;0;SM;0;0;0;0;0;0;0;SM
24;1;1;0;0;;22.9;8;740;2;0.58;1.9;37413.39053;35027.42509;461;37125;5;139;45;30.89;M;0.14;0;17;0;SM;0;0;0;0;0;0;0;SM
24;2;1;0;0;;22.9;8;740;2;0.58;1.9;37413.39053;35027.42509;461;37125;5;123;44;27.95;F;0.65;0;77;0;ID;0;0;0;0;0;0;0;ID
24;3;1;0;0;;22.9;8;740;2;0.58;1.9;37413.39053;35027.42509;461;37125;5;113;44;25.68;F;1.36;0;161;0;PH;0;0;0;0;0;0;0;PH
24;4;1;0;0;;22.9;8;740;2;0.58;1.9;37413.39053;35027.42509;461;37125;5;135;46;29.35;F;0.2;0;24;0;ID;0;0;0;0;0;0;0;ID
24;5;1;0;0;;22.9;8;740;2;0.58;1.9;37413.39053;35027.42509;461;37125;5;134;46;29.13;M;0.04;0;5;0;SM;0;0;0;0;0;0;0;SM
24;6;1;0;0;;22.9;8;740;2;0.58;1.9;37413.39053;35027.42509;461;37125;5;124;43;28.84;F;0.68;0;81;0;PH;0;0;0;0;0;0;0;PH
24;7;3;0.062933006;0.01985;;22.9;8;740;2;0.58;1.9;37413.39053;35027.42509;461;37125;5;105;41;25.61;F;3.4;1;198;0;PH;1;0;0;0;0;0;0;PH
24;8;1;0;0;;22.9;8;740;2;0.58;1.9;37413.39053;35027.42509;461;37125;5;154;45;34.22;M;0.86;0;102;0;SM;0;0;0;0;0;0;0;SM
24;9;1;0;0;;22.9;8;740;2;0.58;1.9;37413.39053;35027.42509;461;37125;5;100;40;25;M;1.01;0;120;0;SM;0;0;0;0;0;0;0;SM
24;10;3;0.73562194;0.40625;;22.9;8;740;2;0.58;1.9;37413.39053;35027.42509;461;37125;5;170;47;36.17;M;2.39;0;6;0;SM;1;0;0;0;0;1;0;SM
24;11;1;0;0;;22.9;8;740;2;0.58;1.9;37413.39053;35027.42509;461;37125;5;140;40;35;M;0.07;0;8;0;ID;0;0;0;0;0;0;0;ID
24;12;1;0;0;;22.9;8;740;2;0.58;1.9;37413.39053;35027.42509;461;37125;5;134;42;31.9;M;0.02;0;2;0;ID;0;0;0;0;0;0;0;ID
26;1;1;0;0;;18.4;8.1;958;2;0.31;5.3;59347.2448;62693.46116;16041;21588;5;90;36;25;M;0.03;0;4;0;SM;0;0;0;0;0;0;0;SM
26;2;1;0;0;;18.4;8.1;958;2;0.31;5.3;59347.2448;62693.46116;16041;21588;5;28;25;11.2;M;0.07;0;8;0;SM;0;0;0;0;0;0;0;SM
26;3;2;0.202273002;0.097304405;;18.4;8.1;958;2;0.31;5.3;59347.2448;62693.46116;16041;21588;5;14;22;6.36;F;1.84;4;74;0;SM;0;0;0;0;0;0;0;SM
26;4;1;0;0;;18.4;8.1;958;2;0.31;5.3;59347.2448;62693.46116;16041;21588;5;54;31;17.42;M;0.4;0;47;0;SM;0;0;0;0;0;0;0;SM
26;5;1;0;0;;18.4;8.1;958;2;0.31;5.3;59347.2448;62693.46116;16041;21588;5;63;31;20.32;F;0.11;0;13;0;SM;0;0;0;0;0;0;0;SM
26;6;2;0.056001534;0.0198;;18.4;8.1;958;2;0.31;5.3;59347.2448;62693.46116;16041;21588;5;36;28;12.86;M;1.14;1;99;0;SM;0;0;0;0;0;0;0;SM
26;7;1;0;0;;18.4;8.1;958;2;0.31;5.3;59347.2448;62693.46116;16041;21588;5;27;26;10.38;F;1.6;0;190;0;SM;0;0;0;0;0;0;0;SM
26;9;2;0.693147181;0.5;;18.4;8.1;958;2;0.31;5.3;59347.2448;62693.46116;16041;21588;5;77;34;22.65;F;2.8;1;0;1;SM;0;0;0;0;0;0;0;SM
26;11;3;0.228374661;0.099659735;;18.4;8.1;958;2;0.31;5.3;59347.2448;62693.46116;16041;21588;5;29;30;9.67;M;3.34;5;109;0;ID;0;0;0;0;0;1;0;ID
26;12;1;0;0;;18.4;8.1;958;2;0.31;5.3;59347.2448;62693.46116;16041;21588;5;33;33;10;M;0.86;0;102;0;ID;0;0;0;0;0;0;0;ID
26;13;2;0.070054281;0.025969529;;18.4;8.1;958;2;0.31;5.3;59347.2448;62693.46116;16041;21588;5;37;29;12.76;M;0.93;1;75;0;ID;0;0;0;0;0;0;0;ID
26;14;2;0.295439192;0.15879017;;18.4;8.1;958;2;0.31;5.3;59347.2448;62693.46116;16041;21588;5;33;32;10.31;M;0.78;2;21;0;ID;0;0;0;0;0;0;0;ID
26;15;1;0;0;;18.4;8.1;958;2;0.31;5.3;59347.2448;62693.46116;16041;21588;5;31;32;9.69;M;1.19;0;141;0;ID;0;0;0;0;0;0;0;ID
26;16;2;0.079487003;0.030295858;;18.4;8.1;958;2;0.31;5.3;59347.2448;62693.46116;16041;21588;5;21;28;7.5;M;0.84;1;64;0;ID;0;0;0;0;0;0;0;ID
26;17;1;0;0;;18.4;8.1;958;2;0.31;5.3;59347.2448;62693.46116;16041;21588;5;144;42;34.29;M;1.2;0;142;0;ID;0;0;0;0;0;0;0;ID
26;18;1;0;0;;18.4;8.1;958;2;0.31;5.3;59347.2448;62693.46116;16041;21588;5;37;32;11.56;F;0.2;0;24;0;ID;0;0;0;0;0;0;0;ID
26;19;2;0.206192051;0.099722992;;18.4;8.1;958;2;0.31;5.3;59347.2448;62693.46116;16041;21588;5;130;35;37.14;M;0.45;1;18;0;ID;0;0;0;0;0;0;0;ID
26;20;2;0.128318706;0.054751041;;18.4;8.1;958;2;0.31;5.3;59347.2448;62693.46116;16041;21588;5;59;45;13.11;M;1.19;2;69;0;ID;0;0;0;0;0;0;0;ID
28;1;1;0;0;;23.4;8.5;974;2;0.37;5.6;45740.16059;46890.91789;10888;32524;11;156;47;33.19;F;0.19;0;22;0;KM;0;0;0;0;0;0;0;KM
28;2;1;0;0;;23.4;8.5;974;2;0.37;5.6;45740.16059;46890.91789;10888;32524;11;159;45;35.33;M;0.08;0;9;0;KM;0;0;0;0;0;0;0;KM
28;3;1;0;0;;23.4;8.5;974;2;0.37;5.6;45740.16059;46890.91789;10888;32524;11;131;43;30.47;M;0.05;0;6;0;KM;0;0;0;0;0;0;0;KM
28;5;1;0;0;;23.4;8.5;974;2;0.37;5.6;45740.16059;46890.91789;10888;32524;11;72;36;20;F;0.02;0;2;0;KM;0;0;0;0;0;0;0;KM
28;6;0;0;1;;23.4;8.5;974;2;0.37;5.6;45740.16059;46890.91789;10888;32524;11;120;39;30.77;M;0;0;0;0;KM;0;0;0;0;0;0;0;KM
28;7;2;0.673011667;0.48;;23.4;8.5;974;2;0.37;5.6;45740.16059;46890.91789;10888;32524;11;132;44;30;F;5.03;0;3;2;KM;0;0;0;0;0;0;0;KM
28;8;0;0;1;;23.4;8.5;974;2;0.37;5.6;45740.16059;46890.91789;10888;32524;11;100;41;24.39;F;0;0;0;0;KM;0;0;0;0;0;0;0;KM
28;9;1;0;0;;23.4;8.5;974;2;0.37;5.6;45740.16059;46890.91789;10888;32524;11;38;27;14.07;F;0.02;0;2;0;KM;0;0;0;0;0;0;0;KM
28;10;1;0;0;;23.4;8.5;974;2;0.37;5.6;45740.16059;46890.91789;10888;32524;11;68;33;20.61;M;0.03;0;4;0;KM;0;0;0;0;0;0;0;KM
28;11;1;0;0;;23.4;8.5;974;2;0.37;5.6;45740.16059;46890.91789;10888;32524;11;80;43;18.6;F;0.52;0;62;0;SM;0;0;0;0;0;0;0;SM
28;12;1;0;0;;23.4;8.5;974;2;0.37;5.6;45740.16059;46890.91789;10888;32524;11;115;44;26.14;F;1.37;0;163;0;SM;0;0;0;0;0;0;0;SM
28;13;1;0;0;;23.4;8.5;974;2;0.37;5.6;45740.16059;46890.91789;10888;32524;11;112;41;27.32;M;2.94;0;349;0;SM;0;0;0;0;0;0;0;SM
28;14;1;0;0;;23.4;8.5;974;2;0.37;5.6;45740.16059;46890.91789;10888;32524;11;105;43;24.42;F;2.5;0;297;0;SM;0;0;0;0;0;0;0;ID
28;15;1;0;0;;23.4;8.5;974;2;0.37;5.6;45740.16059;46890.91789;10888;32524;11;69;38;18.16;M;0.72;0;85;0;SM;0;0;0;0;0;0;0;ID
28;16;1;0;0;;23.4;8.5;974;2;0.37;5.6;45740.16059;46890.91789;10888;32524;11;82;44;18.64;F;0.04;0;5;0;ID;0;0;0;0;0;0;0;ID
28;17;1;0;0;;23.4;8.5;974;2;0.37;5.6;45740.16059;46890.91789;10888;32524;11;63;36;17.5;F;0.07;0;8;0;ID;0;0;0;0;0;0;0;ID
28;18;1;0;0;;23.4;8.5;974;2;0.37;5.6;45740.16059;46890.91789;10888;32524;11;50;35;14.29;M;0.08;0;10;0;ID;0;0;0;0;0;0;0;ID
28;19;3;1.039720771;0.625;;23.4;8.5;974;2;0.37;5.6;45740.16059;46890.91789;10888;32524;11;85;44;19.32;M;2.35;0;2;0;ID;1;0;0;0;0;1;0;ID
28;20;1;0;0;;23.4;8.5;974;2;0.37;5.6;45740.16059;46890.91789;10888;32524;11;56;43;13.02;M;0.01;0;1;0;ID;0;0;0;0;0;0;0;ID
29;1;0;0;1;;17.9;7.7;762;2;0.1;8.1;73590.70441;39137.99383;14625;8411;3;110;42;26.19;F;0;0;0;0;SM;0;0;0;0;0;0;0;SM
29;2;1;0;0;;17.9;7.7;762;2;0.1;8.1;73590.70441;39137.99383;14625;8411;3;123;44;27.95;F;0.02;0;2;0;SM;0;0;0;0;0;0;0;SM
29;4;1;0;0;;17.9;7.7;762;2;0.1;8.1;73590.70441;39137.99383;14625;8411;3;67;34;19.71;F;0.3;1;0;0;KM;0;0;0;0;0;0;0;KM
29;5;2;0.636514168;0.444444444;;17.9;7.7;762;2;0.1;8.1;73590.70441;39137.99383;14625;8411;3;106;41;25.85;M;0.64;2;4;0;SM;0;0;0;0;0;0;0;SM
29;6;1;0;0;;17.9;7.7;762;2;0.1;8.1;73590.70441;39137.99383;14625;8411;3;55;33;16.67;M;0.3;1;0;0;SM;0;0;0;0;0;0;0;SM
29;7;1;0;0;;17.9;7.7;762;2;0.1;8.1;73590.70441;39137.99383;14625;8411;3;175;48;36.46;F;0.04;0;5;0;SM;0;0;0;0;0;0;0;SM
29;8;2;0.271189373;0.142011834;;17.9;7.7;762;2;0.1;8.1;73590.70441;39137.99383;14625;8411;3;94;40;23.5;F;10.1;0;12;0;KM;0;0;0;0;1;0;0;KM
29;10;1;0;0;;17.9;7.7;762;2;0.1;8.1;73590.70441;39137.99383;14625;8411;3;54;32;16.88;F;0.03;0;4;0;KM;0;0;0;0;0;0;0;KM
30;1;2;0.325082973;0.18;;22.5;7.8;734;5.6;0.44;2.5;45131.07839;29684.13812;6985;7893;8;114;42;27.14;M;0.98;0;9;0;SM;0;0;0;0;0;1;0;SM
30;2;4;0.278445137;0.109795918;;22.5;7.8;734;5.6;0.44;2.5;45131.07839;29684.13812;6985;7893;8;89;40;22.25;M;4.11;1;66;0;SM;1;0;0;0;0;2;0;SM
30;3;3;0.178797334;0.074326772;;22.5;7.8;734;5.6;0.44;2.5;45131.07839;29684.13812;6985;7893;8;96;41;23.41;F;7.23;1;175;0;SM;0;0;0;0;0;6;0;SM
30;4;0;0;1;;22.5;7.8;734;5.6;0.44;2.5;45131.07839;29684.13812;6985;7893;8;202;49;41.22;M;0;0;0;0;SM;0;0;0;0;0;0;0;SM
30;5;1;0;0;;22.5;7.8;734;5.6;0.44;2.5;45131.07839;29684.13812;6985;7893;8;100;41;24.39;M;0.1;0;12;0;SM;0;0;0;0;0;0;0;SM
30;6;2;0.036616729;0.011904335;;22.5;7.8;734;5.6;0.44;2.5;45131.07839;29684.13812;6985;7893;8;106;43;24.65;F;1.7;1;166;0;ID;0;0;0;0;0;0;0;ID
30;7;0;0;1;;22.5;7.8;734;5.6;0.44;2.5;45131.07839;29684.13812;6985;7893;8;95;40;23.75;F;0;0;0;0;ID;0;0;0;0;0;0;0;ID
30;10;2;0.304636097;0.165289256;;22.5;7.8;734;5.6;0.44;2.5;45131.07839;29684.13812;6985;7893;8;141;43;32.79;M;0.77;2;20;0;ID;0;0;0;0;0;0;0;ID
31;1;1;0;0;;20.2;7.7;671;2;0.26;4.2;43713.21298;2368.890831;1004;23430;6;93;41;22.68;F;1.01;0;120;0;ID;0;0;0;0;0;0;0;ID
31;2;1;0;0;;20.2;7.7;671;2;0.26;4.2;43713.21298;2368.890831;1004;23430;6;123;43;28.6;M;0.01;0;1;0;SM;0;0;0;0;0;0;0;SM
31;3;2;0.500402424;0.32;;20.2;7.7;671;2;0.26;4.2;43713.21298;2368.890831;1004;23430;6;107;42;25.48;M;2.53;0;4;1;KM;0;0;0;0;0;0;0;KM
31;4;2;0.636514168;0.444444444;;20.2;7.7;671;2;0.26;4.2;43713.21298;2368.890831;1004;23430;6;123;44;27.95;M;2.52;0;2;1;SM;0;0;0;0;0;0;0;SM
31;5;2;0.033158392;0.010581711;;20.2;7.7;671;2;0.26;4.2;43713.21298;2368.890831;1004;23430;6;96;41;23.41;F;2.48;0;187;0;KM;0;0;0;0;0;1;0;KM
31;6;2;0.693147181;0.5;;20.2;7.7;671;2;0.26;4.2;43713.21298;2368.890831;1004;23430;6;171;48;35.63;F;5.01;0;1;0;SM;0;0;1;0;0;0;0;SM
31;8;1;0;0;;20.2;7.7;671;2;0.26;4.2;43713.21298;2368.890831;1004;23430;6;123;41;30;M;0.16;0;19;0;ID;0;0;0;0;0;0;0;ID
31;9;2;0.214559155;0.104938272;;20.2;7.7;671;2;0.26;4.2;43713.21298;2368.890831;1004;23430;6;87;36;24.17;M;2.64;0;17;1;SM;0;0;0;0;0;0;0;SM
32;1;1;0;0;;17.9;8;687;1;0.16;8.5;55885.32365;18797.65393;4133;7968;2;172;49;35.1;M;0.42;0;50;0;KM;0;0;0;0;0;0;0;KM
32;2;1;0;0;;17.9;8;687;1;0.16;8.5;55885.32365;18797.65393;4133;7968;2;57;34;16.76;F;0.27;0;32;0;KM;0;0;0;0;0;0;0;KM
32;4;2;0.450561209;0.277777778;;17.9;8;687;1;0.16;8.5;55885.32365;18797.65393;4133;7968;2;53;33;16.06;F;0.35;1;5;0;SM;0;0;0;0;0;0;0;SM
32;6;1;0;0;;17.9;8;687;1;0.16;8.5;55885.32365;18797.65393;4133;7968;2;90;40;22.5;F;0.03;0;3;0;SM;0;0;0;0;0;0;0;SM
32;8;2;0.392674467;0.231111111;;17.9;8;687;1;0.16;8.5;55885.32365;18797.65393;4133;7968;2;46;31;14.84;F;2.97;0;13;0;SM;2;0;0;0;0;0;0;SM
32;9;2;0.562335145;0.375;;17.9;8;687;1;0.16;8.5;55885.32365;18797.65393;4133;7968;2;37;29;12.76;F;0.66;2;6;0;SM;0;0;0;0;0;0;0;SM
32;10;2;0.153032981;0.068290391;;17.9;8;687;1;0.16;8.5;55885.32365;18797.65393;4133;7968;2;37;28;13.21;F;2.13;4;109;0;ID;0;0;0;0;0;0;0;ID
32;11;1;0;0;;17.9;8;687;1;0.16;8.5;55885.32365;18797.65393;4133;7968;2;72;47;15.32;F;0.13;0;15;0;ID;0;0;0;0;0;0;0;ID
32;12;2;0.129740695;0.055510204;;17.9;8;687;1;0.16;8.5;55885.32365;18797.65393;4133;7968;2;114;48;23.75;F;0.59;1;34;0;ID;0;0;0;0;0;0;0;ID
32;13;3;0.394397691;0.185;;17.9;8;687;1;0.16;8.5;55885.32365;18797.65393;4133;7968;2;70;42;16.67;F;1.88;1;18;0;ID;1;0;0;0;0;0;0;ID
32;14;2;0.214559155;0.104938272;;17.9;8;687;1;0.16;8.5;55885.32365;18797.65393;4133;7968;2;107;48;22.29;F;0.45;1;17;0;ID;0;0;0;0;0;0;0;ID
32;15;1;0;0;;17.9;8;687;1;0.16;8.5;55885.32365;18797.65393;4133;7968;2;47;39;12.05;F;0.22;0;26;0;ID;0;0;0;0;0;0;0;ID
32;16;2;0.134222964;0.057919358;;17.9;8;687;1;0.16;8.5;55885.32365;18797.65393;4133;7968;2;39;37;10.54;F;1.15;2;65;0;ID;0;0;0;0;0;0;0;ID
32;17;1;0;0;;17.9;8;687;1;0.16;8.5;55885.32365;18797.65393;4133;7968;2;53;39;13.59;M;0.09;0;11;0;ID;0;0;0;0;0;0;0;ID
32;18;2;0.348832096;0.197530864;;17.9;8;687;1;0.16;8.5;55885.32365;18797.65393;4133;7968;2;16;28;5.71;M;0.74;2;16;0;ID;0;0;0;0;0;0;0;ID
32;19;2;0.398307114;0.23553719;;17.9;8;687;1;0.16;8.5;55885.32365;18797.65393;4133;7968;2;146;50;29.2;F;1.07;3;19;0;ID;0;0;0;0;0;0;0;ID
33;1;1;0;0;;20.4;8;580;2.1;0.19;6.6;63398.00232;26850.4624;12656;5316;3;143;45;31.78;F;0.06;0;7;0;SM;0;0;0;0;0;0;0;SM
33;2;1;0;0;;20.4;8;580;2.1;0.19;6.6;63398.00232;26850.4624;12656;5316;3;60;35;17.14;M;0.12;0;14;0;SM;0;0;0;0;0;0;0;SM
33;3;0;0;1;;20.4;8;580;2.1;0.19;6.6;63398.00232;26850.4624;12656;5316;3;146;44;33.18;M;0;0;0;0;SM;0;0;0;0;0;0;0;SM
33;4;0;0;1;;20.4;8;580;2.1;0.19;6.6;63398.00232;26850.4624;12656;5316;3;120;43;27.91;M;0;0;0;0;SM;0;0;0;0;0;0;0;SM
33;5;2;0.636514168;0.444444444;;20.4;8;580;2.1;0.19;6.6;63398.00232;26850.4624;12656;5316;3;30;28;10.71;M;0.93;0;2;0;SM;0;0;0;0;0;1;0;SM
33;6;0;0;1;;20.4;8;580;2.1;0.19;6.6;63398.00232;26850.4624;12656;5316;3;23;26;8.85;M;0;0;0;0;SM;0;0;0;0;0;0;0;SM
33;7;0;0;1;;20.4;8;580;2.1;0.19;6.6;63398.00232;26850.4624;12656;5316;3;97;39;24.87;M;0;0;0;0;SM;0;0;0;0;0;0;0;SM
33;8;1;0;0;;20.4;8;580;2.1;0.19;6.6;63398.00232;26850.4624;12656;5316;3;103;40;25.75;F;0.01;0;1;0;SM;0;0;0;0;0;0;0;SM
33;9;0;0;1;;20.4;8;580;2.1;0.19;6.6;63398.00232;26850.4624;12656;5316;3;114;43;26.51;F;0;0;0;0;SM;0;0;0;0;0;0;0;SM
33;10;0;0;1;;20.4;8;580;2.1;0.19;6.6;63398.00232;26850.4624;12656;5316;3;42;30;14;F;0;0;0;0;SM;0;0;0;0;0;0;0;SM
33;11;0;0;1;;20.4;8;580;2.1;0.19;6.6;63398.00232;26850.4624;12656;5316;3;83;35;23.71;F;0;0;0;0;PH;0;0;0;0;0;0;0;PH
33;12;0;0;1;;20.4;8;580;2.1;0.19;6.6;63398.00232;26850.4624;12656;5316;3;74;34;21.76;F;0;0;0;0;ID;0;0;0;0;0;0;0;ID
33;13;1;0;0;;20.4;8;580;2.1;0.19;6.6;63398.00232;26850.4624;12656;5316;3;128;35;36.57;F;0.06;0;7;0;ID;0;0;0;0;0;0;0;PH
33;14;0;0;1;;20.4;8;580;2.1;0.19;6.6;63398.00232;26850.4624;12656;5316;3;54;42;12.86;F;0;0;0;0;ID;0;0;0;0;0;0;0;ID
33;15;NA;NA;NA;;20.4;8;580;2.1;0.19;6.6;63398.00232;26850.4624;12656;5316;3;69;NA;NA;F;3.38;0;5;0;ID;0;1;0;0;0;0;0;ID
33;16;0;0;1;;20.4;8;580;2.1;0.19;6.6;63398.00232;26850.4624;12656;5316;3;50;43;11.63;F;0;0;0;0;ID;0;0;0;0;0;0;0;ID
33;17;1;0;0;;20.4;8;580;2.1;0.19;6.6;63398.00232;26850.4624;12656;5316;3;61;42;14.52;F;0.02;0;2;0;ID;0;0;0;0;0;0;0;ID
33;18;0;0;1;;20.4;8;580;2.1;0.19;6.6;63398.00232;26850.4624;12656;5316;3;21;35;6;M;0;0;0;0;ID;0;0;0;0;0;0;0;ID
33;19;1;0;0;;20.4;8;580;2.1;0.19;6.6;63398.00232;26850.4624;12656;5316;3;36;NA;NA;M;0.01;0;1;0;ID;0;0;0;0;0;0;0;ID
33;20;1;0;0;;20.4;8;580;2.1;0.19;6.6;63398.00232;26850.4624;12656;5316;3;14;28;5;M;0.04;0;5;0;ID;0;0;0;0;0;0;0;ID
33;20;NA;NA;NA;;20.4;8;580;2.1;0.19;6.6;63398.00232;26850.4624;12656;5316;3;50;42;11.9;M;0.02;0;2;0;ID;0;0;0;0;0;0;0;ID
34;1;1;0;0;;19.5;8.1;734;3.6;0.16;7.7;65158.97932;30465.36231;5950;17084;1;123;44;27.95;F;0.02;0;2;0;SM;0;0;0;0;0;0;0;SM
34;2;1;0;0;;19.5;8.1;734;3.6;0.16;7.7;65158.97932;30465.36231;5950;17084;1;113;44;25.68;M;2.73;0;0;0;SM;0;0;0;0;0;3;0;SM
34;3;1;0;0;;19.5;8.1;734;3.6;0.16;7.7;65158.97932;30465.36231;5950;17084;1;104;43;24.19;M;0.01;0;1;0;SM;0;0;0;0;0;0;0;SM
34;4;2;0.184907399;0.08677686;;19.5;8.1;734;3.6;0.16;7.7;65158.97932;30465.36231;5950;17084;1;105;42;25;F;2.68;0;21;1;SM;0;0;0;0;0;0;0;SM
34;5;1;0;0;;19.5;8.1;734;3.6;0.16;7.7;65158.97932;30465.36231;5950;17084;1;100;42;23.81;F;0.01;0;1;0;SM;0;0;0;0;0;0;0;SM
34;6;2;0.126930545;0.054012346;;19.5;8.1;734;3.6;0.16;7.7;65158.97932;30465.36231;5950;17084;1;40;32;12.5;F;0.6;1;35;0;SM;0;0;0;0;0;0;0;SM
34;7;2;0.562335145;0.375;;19.5;8.1;734;3.6;0.16;7.7;65158.97932;30465.36231;5950;17084;1;80;39;20.51;F;2.53;0;3;1;SM;0;0;0;0;0;0;0;SM
34;8;1;0;0;;19.5;8.1;734;3.6;0.16;7.7;65158.97932;30465.36231;5950;17084;1;129;45;28.67;F;0.01;0;1;0;SM;0;0;0;0;0;0;0;SM
34;9;2;0.407694112;0.242969028;;19.5;8.1;734;3.6;0.16;7.7;65158.97932;30465.36231;5950;17084;1;55;34;16.18;F;5.31;15;91;0;SM;0;0;0;0;0;0;0;SM
34;10;2;0.271189373;0.142011834;;19.5;8.1;734;3.6;0.16;7.7;65158.97932;30465.36231;5950;17084;1;55;35;15.71;F;0.4;1;12;0;SM;0;0;0;0;0;0;0;SM
34;11;2;0.500402424;0.32;;19.5;8.1;734;3.6;0.16;7.7;65158.97932;30465.36231;5950;17084;1;62;35;17.71;M;1.01;3;12;0;PH;0;0;0;0;0;0;0;PH
34;12;1;0;0;;19.5;8.1;734;3.6;0.16;7.7;65158.97932;30465.36231;5950;17084;1;80;40;20;F;0.83;0;98;0;ID;0;0;0;0;0;0;0;ID
34;13;NA;NA;NA;;19.5;8.1;734;3.6;0.16;7.7;65158.97932;30465.36231;5950;17084;1;103;NA;NA;M;0;0;0;0;ID;0;0;0;0;0;0;0;PH
34;14;1;0;0;;19.5;8.1;734;3.6;0.16;7.7;65158.97932;30465.36231;5950;17084;1;100;41;24.39;F;0.03;0;4;0;ID;0;0;0;0;0;0;0;PH
34;15;1;0;0;;19.5;8.1;734;3.6;0.16;7.7;65158.97932;30465.36231;5950;17084;1;30;34;8.82;F;0.24;0;29;0;ID;0;0;0;0;0;0;0;SM
34;16;2;0.693147181;0.5;;19.5;8.1;734;3.6;0.16;7.7;65158.97932;30465.36231;5950;17084;1;29;36;8.06;F;0.31;1;1;0;ID;0;0;0;0;0;0;0;SM
34;17;1;0;0;;19.5;8.1;734;3.6;0.16;7.7;65158.97932;30465.36231;5950;17084;1;42;41;10.24;F;0.04;0;5;0;ID;0;0;0;0;0;0;0;SM
34;18;3;0.566085739;0.291666667;;19.5;8.1;734;3.6;0.16;7.7;65158.97932;30465.36231;5950;17084;1;58;41;14.15;F;1.82;1;10;0;ID;1;0;0;0;0;0;0;SM
34;19;2;0.116906849;0.04875;;19.5;8.1;734;3.6;0.16;7.7;65158.97932;30465.36231;5950;17084;1;26;34;7.65;M;3.66;0;39;0;ID;0;1;0;0;0;0;0;SM
34;20;2;0.124250837;0.052593134;;19.5;8.1;734;3.6;0.16;7.7;65158.97932;30465.36231;5950;17084;1;29;34;8.53;F;1.21;2;72;0;ID;0;0;0;0;0;0;0;SM
35;2;2;0.104732439;0.042533081;;17;8.1;791;2;0.22;8.5;59901.22779;62281.61413;27722;9918;6;72;37;19.46;F;0.68;1;45;0;KM;0;0;0;0;0;0;0;KM
35;3;1;0;0;;17;8.1;791;2;0.22;8.5;59901.22779;62281.61413;27722;9918;6;97;41;23.66;M;0.13;0;15;0;KM;0;0;0;0;0;0;0;KM
35;4;1;0;0;;17;8.1;791;2;0.22;8.5;59901.22779;62281.61413;27722;9918;6;123;43;28.6;F;0.31;0;37;0;KM;0;0;0;0;0;0;0;KM
35;5;2;0.169658227;0.07779401;;17;8.1;791;2;0.22;8.5;59901.22779;62281.61413;27722;9918;6;130;44;29.55;M;1.51;3;71;0;ID;0;0;0;0;0;0;0;ID
35;6;2;0.031634274;0.010008087;;17;8.1;791;2;0.22;8.5;59901.22779;62281.61413;27722;9918;6;60;34;17.65;M;11.82;6;1187;0;KM;0;0;0;0;0;0;0;KM
35;8;1;0;0;;17;8.1;791;2;0.22;8.5;59901.22779;62281.61413;27722;9918;6;36;28;12.86;F;0.07;0;8;0;KM;0;0;0;0;0;0;0;KM
35;9;1;0;0;;17;8.1;791;2;0.22;8.5;59901.22779;62281.61413;27722;9918;6;77;38;20.26;F;0.6;0;71;0;KM;0;0;0;0;0;0;0;KM
36;1;2;0.124250837;0.052593134;;18.3;8.2;879;3.1;0.4;6.5;63856.37472;66416.40839;30226;11143;3;40;31;12.9;M;0.61;1;36;0;SM;0;0;0;0;0;0;0;SM
36;2;2;0.233791659;0.1171875;;18.3;8.2;879;3.1;0.4;6.5;63856.37472;66416.40839;30226;11143;3;110;43;25.58;M;1.55;0;15;0;SM;1;0;0;0;0;0;0;SM
36;3;3;0.07560162;0.025293715;;18.3;8.2;879;3.1;0.4;6.5;63856.37472;66416.40839;30226;11143;3;63;34;18.53;M;4.94;3;309;0;SM;1;0;0;0;0;0;0;SM
36;5;3;0.119800856;0.042769376;;18.3;8.2;879;3.1;0.4;6.5;63856.37472;66416.40839;30226;11143;3;84;39;21.54;F;4.39;1;90;0;SM;0;1;0;0;0;0;0;SM
36;6;2;0.040498826;0.013422206;;18.3;8.2;879;3.1;0.4;6.5;63856.37472;66416.40839;30226;11143;3;38;31;12.26;M;1.54;1;147;0;SM;0;0;0;0;0;0;0;SM
36;7;2;0.025729776;0.007843016;;18.3;8.2;879;3.1;0.4;6.5;63856.37472;66416.40839;30226;11143;3;40;32;12.5;M;4.63;0;253;1;KM;0;0;0;0;0;0;0;KM
36;8;2;0.026077833;0.007968;;18.3;8.2;879;3.1;0.4;6.5;63856.37472;66416.40839;30226;11143;3;47;34;13.82;M;4.6;0;249;1;KM;0;0;0;0;0;0;0;KM
36;9;1;0;0;;18.3;8.2;879;3.1;0.4;6.5;63856.37472;66416.40839;30226;11143;3;42;32;13.13;F;2.96;0;351;0;KM;0;0;0;0;0;0;0;KM
36;10;2;0.051396505;0.017855694;;18.3;8.2;879;3.1;0.4;6.5;63856.37472;66416.40839;30226;11143;3;30;29;10.34;M;1.23;1;110;0;SM;0;0;0;0;0;0;0;SM
36;11;0;0;1;;18.3;8.2;879;3.1;0.4;6.5;63856.37472;66416.40839;30226;11143;3;110;40;27.5;F;0;0;0;0;PH;0;0;0;0;0;0;0;PH
36;12;1;0;0;;18.3;8.2;879;3.1;0.4;6.5;63856.37472;66416.40839;30226;11143;3;63;35;18;M;1.82;6;0;0;PH;0;0;0;0;0;0;0;PH
36;13;1;0;0;;18.3;8.2;879;3.1;0.4;6.5;63856.37472;66416.40839;30226;11143;3;57;32;17.81;M;0.68;0;81;0;ID;0;0;0;0;0;0;0;ID
36;15;2;0.194908687;0.092801904;;18.3;8.2;879;3.1;0.4;6.5;63856.37472;66416.40839;30226;11143;3;24;27;8.89;F;1.87;4;78;0;SM;0;0;0;0;0;0;0;SM
36;16;2;0.124250837;0.052593134;;18.3;8.2;879;3.1;0.4;6.5;63856.37472;66416.40839;30226;11143;3;18;32;5.63;M;2.43;4;144;0;SM;0;0;0;0;0;0;0;SM
36;17;2;0.232622807;0.116432818;;18.3;8.2;879;3.1;0.4;6.5;63856.37472;66416.40839;30226;11143;3;15;28;5.36;M;3.87;9;136;0;SM;0;0;0;0;0;0;0;SM
36;19;2;0.02787987;0.008620528;;18.3;8.2;879;3.1;0.4;6.5;63856.37472;66416.40839;30226;11143;3;21;30;7;M;4.48;2;460;0;ID;0;0;0;0;0;0;0;SM
36;20;3;0.361572635;0.165925926;;18.3;8.2;879;3.1;0.4;6.5;63856.37472;66416.40839;30226;11143;3;38;33;11.52;M;10.95;2;41;0;ID;0;0;2;0;0;0;0;SM
36;21;1;0;0;;18.3;8.2;879;3.1;0.4;6.5;63856.37472;66416.40839;30226;11143;3;14;30;4.67;F;0.21;0;25;0;ID;0;0;0;0;0;0;0;ID
38;1;3;0.660578888;0.354570637;;18;8;725;2;0.22;6;53189.11542;16286.39435;356;2869;7;45;33;13.64;F;6.94;0;15;2;SM;0;0;0;0;0;2;0;SM
38;2;2;0.171411444;0.078814036;;18;8;725;2;0.22;6;53189.11542;16286.39435;356;2869;7;65;38;17.11;F;3.32;0;70;0;SM;0;0;0;0;0;3;0;SM
38;3;3;0.311047804;0.137520661;;18;8;725;2;0.22;6;53189.11542;16286.39435;356;2869;7;42;31;13.55;F;6.04;2;51;2;ID;0;0;0;0;0;0;0;ID
38;4;2;0.529706199;0.345679012;;18;8;725;2;0.22;6;53189.11542;16286.39435;356;2869;7;70;37;18.92;F;1.88;0;7;0;SM;0;0;0;0;0;2;0;SM
38;5;3;0.261160086;0.112264514;;18;8;725;2;0.22;6;53189.11542;16286.39435;356;2869;7;47;31;15.16;F;6.31;0;48;2;SM;0;0;0;0;0;1;0;SM
38;6;1;0;0;;18;8;725;2;0.22;6;53189.11542;16286.39435;356;2869;7;52;35;14.86;F;0.4;0;48;0;ID;0;0;0;0;0;0;0;ID
38;7;3;0.668017819;0.380952381;;18;8;725;2;0.22;6;53189.11542;16286.39435;356;2869;7;62;36;17.22;F;6.27;0;16;1;SM;0;0;0;0;0;4;0;SM
38;8;1;0;0;;18;8;725;2;0.22;6;53189.11542;16286.39435;356;2869;7;46;34;13.53;F;2.33;0;276;0;PH;0;0;0;0;0;0;0;PH
38;9;3;0.193404714;0.077511111;;18;8;725;2;0.22;6;53189.11542;16286.39435;356;2869;7;53;35;15.14;F;3.71;2;72;1;ID;0;0;0;0;0;0;0;ID
38;10;2;0.04628812;0.01574704;;18;8;725;2;0.22;6;53189.11542;16286.39435;356;2869;7;73;38;19.21;M;1.96;0;125;0;PH;0;0;0;0;0;1;0;PH
38;11;;NA;NA;;18;8;725;2;0.22;6;53189.11542;16286.39435;356;2869;7;65;36;18.06;M;0.31;;37;0;SM;0;0;0;0;0;0;0;SM
38;12;3;0.067031469;0.021466989;;18;8;725;2;0.22;6;53189.11542;16286.39435;356;2869;7;27;32;8.44;F;6.58;3;457;0;SM;0;0;0;0;0;2;0;SM
38;13;3;0.956044381;0.581314879;;18;8;725;2;0.22;6;53189.11542;16286.39435;356;2869;7;46;35;13.14;F;6.14;2;9;0;SM;0;0;0;0;0;6;0;SM
38;14;;NA;NA;;18;8;725;2;0.22;6;53189.11542;16286.39435;356;2869;7;38;34;11.18;M;4.06;;50;0;SM;0;0;0;0;0;4;0;SM
38;15;;NA;NA;;18;8;725;2;0.22;6;53189.11542;16286.39435;356;2869;7;35;34;10.29;F;2.22;;156;0;SM;0;0;0;0;0;1;0;SM
38;16;2;0.693147181;0.5;;18;8;725;2;0.22;6;53189.11542;16286.39435;356;2869;7;37;35;10.57;M;1.84;0;2;0;ID;0;0;0;0;0;2;0;ID
38;17;2;0.055098576;0.019415609;;18;8;725;2;0.22;6;53189.11542;16286.39435;356;2869;7;51;35;14.57;M;1.76;0;101;0;ID;0;0;0;0;0;1;0;ID
38;18;2;0.129740695;0.055510204;;18;8;725;2;0.22;6;53189.11542;16286.39435;356;2869;7;66;39;16.92;F;1.2;0;34;0;ID;0;0;0;0;0;1;0;AD
38;19;2;0.096508961;0.038446751;;18;8;725;2;0.22;6;53189.11542;16286.39435;356;2869;7;33;30;11;M;1.33;0;50;0;ID;0;0;0;0;0;1;0;AD
38;20;0;0;1;;18;8;725;2;0.22;6;53189.11542;16286.39435;356;2869;7;40;35;11.43;F;0;0;0;0;ID;0;0;0;0;0;0;0;AD
39;1;1;0;0;;19.3;8.1;945;7.8;2.1;1.6;63663.03924;23736.38943;10148;12700;3;30;28;10.71;M;0.03;0;4;0;SM;0;0;0;0;0;0;0;SM
39;2;1;0;0;;19.3;8.1;945;7.8;2.1;1.6;63663.03924;23736.38943;10148;12700;3;56;35;16;F;0.07;0;8;0;SM;0;0;0;0;0;0;0;SM
39;3;2;0.124250837;0.052593134;;19.3;8.1;945;7.8;2.1;1.6;63663.03924;23736.38943;10148;12700;3;47;32;14.69;M;1.21;2;72;0;SM;0;0;0;0;0;0;0;SM
39;4;1;0;0;;19.3;8.1;945;7.8;2.1;1.6;63663.03924;23736.38943;10148;12700;3;43;31;13.87;F;0.03;0;3;0;SM;0;0;0;0;0;0;0;SM
39;5;3;0.38873439;0.184444444;;19.3;8.1;945;7.8;2.1;1.6;63663.03924;23736.38943;10148;12700;3;47;31;15.16;F;5.53;1;27;2;SM;0;0;0;0;0;0;0;SM
39;6;1;0;0;;19.3;8.1;945;7.8;2.1;1.6;63663.03924;23736.38943;10148;12700;3;67;35;19.14;M;0.94;0;112;0;PH;0;0;0;0;0;0;0;PH
39;7;2;0.253036975;0.129799892;;19.3;8.1;945;7.8;2.1;1.6;63663.03924;23736.38943;10148;12700;3;85;39;21.79;M;1.25;3;40;0;PH;0;0;0;0;0;0;0;PH
39;8;2;0.154076104;0.068877551;;19.3;8.1;945;7.8;2.1;1.6;63663.03924;23736.38943;10148;12700;3;54;32;16.88;M;1.06;2;54;0;PH;0;0;0;0;0;0;0;PH
39;9;2;0.175975125;0.081484835;;19.3;8.1;945;7.8;2.1;1.6;63663.03924;23736.38943;10148;12700;3;64;34;18.82;F;0.99;2;45;0;ID;0;0;0;0;0;0;0;ID
39;10;2;0.178844913;0.083175803;;19.3;8.1;945;7.8;2.1;1.6;63663.03924;23736.38943;10148;12700;3;47;30;15.67;F;0.49;1;22;0;ID;0;0;0;0;0;0;0;PH
39;11;1;0;0;;19.3;8.1;945;7.8;2.1;1.6;63663.03924;23736.38943;10148;12700;3;42;36;11.67;F;0.19;0;23;0;ID;0;0;0;0;0;0;0;ID
39;12;3;0.246406499;0.10446281;;19.3;8.1;945;7.8;2.1;1.6;63663.03924;23736.38943;10148;12700;3;59;35;16.86;M;3.54;2;52;1;ID;0;0;0;0;0;0;0;ID
39;13;1;0;0;;19.3;8.1;945;7.8;2.1;1.6;63663.03924;23736.38943;10148;12700;3;25;31;8.06;M;0.11;0;13;0;ID;0;0;0;0;0;0;0;ID
39;14;2;0.636514168;0.444444444;;19.3;8.1;945;7.8;2.1;1.6;63663.03924;23736.38943;10148;12700;3;41;38;10.79;F;0.61;2;1;0;ID;0;0;0;0;0;0;0;ID
39;15;1;0;0;;19.3;8.1;945;7.8;2.1;1.6;63663.03924;23736.38943;10148;12700;3;29;28;10.36;F;0.05;0;6;0;ID;0;0;0;0;0;0;0;ID
39;16;2;0.376770161;0.21875;;19.3;8.1;945;7.8;2.1;1.6;63663.03924;23736.38943;10148;12700;3;54;36;15;F;1.81;5;35;0;ID;0;0;0;0;0;0;0;ID
39;17;2;0.184907399;0.08677686;;19.3;8.1;945;7.8;2.1;1.6;63663.03924;23736.38943;10148;12700;3;34;31;10.97;F;0.96;2;42;0;ID;0;0;0;0;0;0;0;ID
39;18;2;0.562335145;0.375;;19.3;8.1;945;7.8;2.1;1.6;63663.03924;23736.38943;10148;12700;3;65;35;18.57;F;1.64;5;15;0;ID;0;0;0;0;0;0;0;ID
39;19;3;0.409458619;0.193905817;;19.3;8.1;945;7.8;2.1;1.6;63663.03924;23736.38943;10148;12700;3;43;34;12.65;M;2.95;1;17;1;ID;0;0;0;0;0;0;0;ID
39;20;2;0.257318641;0.132653061;;19.3;8.1;945;7.8;2.1;1.6;63663.03924;23736.38943;10148;12700;3;48;34;14.12;M;0.41;1;13;0;ID;0;0;0;0;0;0;0;ID
40;1;1;0;0;;17.6;8;672;5.9;0.56;2.5;60384.20904;20784.66418;7186;15598;2;78;39;20;F;1.18;0;140;0;ID;0;0;0;0;0;0;0;PH
40;2;1;0;0;;17.6;8;672;5.9;0.56;2.5;60384.20904;20784.66418;7186;15598;2;81;38;21.32;M;0.57;0;68;0;SM;0;0;0;0;0;0;0;SM
40;4;1;0;0;;17.6;8;672;5.9;0.56;2.5;60384.20904;20784.66418;7186;15598;2;87;40;21.75;F;0.33;0;39;0;SM;0;0;0;0;0;0;0;SM
40;5;3;0.305706507;0.139231824;;17.6;8;672;5.9;0.56;2.5;60384.20904;20784.66418;7186;15598;2;141;45;31.33;M;2.76;3;50;0;ID;1;0;0;0;0;0;0;PH
40;6;1;0;0;;17.6;8;672;5.9;0.56;2.5;60384.20904;20784.66418;7186;15598;2;90;39;23.08;M;4.47;0;530;0;PH;0;0;0;0;0;0;0;PH
40;7;2;0.035210991;0.011363265;;17.6;8;672;5.9;0.56;2.5;60384.20904;20784.66418;7186;15598;2;83;37;22.43;M;2.89;0;174;0;SM;1;0;0;0;0;0;0;SM
40;8;1;0;0;;17.6;8;672;5.9;0.56;2.5;60384.20904;20784.66418;7186;15598;2;57;34;16.76;F;1.71;0;203;0;ID;0;0;0;0;0;0;0;ID
40;9;1;0;0;;17.6;8;672;5.9;0.56;2.5;60384.20904;20784.66418;7186;15598;2;110;43;25.58;F;0.17;0;20;0;SM;0;0;0;0;0;0;0;SM
40;10;1;0;0;;17.6;8;672;5.9;0.56;2.5;60384.20904;20784.66418;7186;15598;2;47;31;15.16;M;0.87;0;103;0;ID;0;0;0;0;0;0;0;ID
40;11;3;0.151289034;0.056710775;;17.6;8;672;5.9;0.56;2.5;60384.20904;20784.66418;7186;15598;2;84;42;20;M;2.3;1;67;0;ID;1;0;0;0;0;0;0;ID
40;12;1;0;0;;17.6;8;672;5.9;0.56;2.5;60384.20904;20784.66418;7186;15598;2;25;30;8.33;M;0.55;0;65;0;ID;0;0;0;0;0;0;0;ID
40;13;1;0;0;;17.6;8;672;5.9;0.56;2.5;60384.20904;20784.66418;7186;15598;2;53;36;14.72;F;0.98;0;116;0;ID;0;0;0;0;0;0;0;ID
40;14;1;0;0;;17.6;8;672;5.9;0.56;2.5;60384.20904;20784.66418;7186;15598;2;50;37;13.51;M;0.35;0;42;0;ID;0;0;0;0;0;0;0;ID
40;15;2;0.104732439;0.042533081;;17.6;8;672;5.9;0.56;2.5;60384.20904;20784.66418;7186;15598;2;34;35;9.71;M;1.81;0;45;0;ID;1;0;0;0;0;0;0;ID
40;16;1;0;0;;17.6;8;672;5.9;0.56;2.5;60384.20904;20784.66418;7186;15598;2;29;32;9.06;F;0.29;0;34;0;ID;0;0;0;0;0;0;0;ID
40;17;1;0;0;;17.6;8;672;5.9;0.56;2.5;60384.20904;20784.66418;7186;15598;2;49;37;13.24;F;0.23;0;27;0;ID;0;0;0;0;0;0;0;ID
40;18;2;0.056465174;0.019997959;;17.6;8;672;5.9;0.56;2.5;60384.20904;20784.66418;7186;15598;2;39;32;12.19;F;2.25;0;98;0;ID;1;0;0;0;0;0;0;ID
40;19;2;0.325082973;0.18;;17.6;8;672;5.9;0.56;2.5;60384.20904;20784.66418;7186;15598;2;30;36;8.33;M;0.38;1;9;0;ID;0;0;0;0;0;0;0;ID
40;20;1;0;0;;17.6;8;672;5.9;0.56;2.5;60384.20904;20784.66418;7186;15598;2;50;38;13.16;M;0.3;0;36;0;ID;0;0;0;0;0;0;0;ID
40;21;1;0;0;;17.6;8;672;5.9;0.56;2.5;60384.20904;20784.66418;7186;15598;2;30;34;8.82;F;1.77;0;210;0;ID;0;0;0;0;0;0;0;ID
41;1;2;0.257318641;0.132653061;;21.6;8.2;885;1;0.28;7;60481.18795;20943.65897;7280;13650;3;47;31;15.16;M;1.02;0;13;0;PH;0;0;0;0;0;1;0;PH
41;2;1;0;0;;21.6;8.2;885;1;0.28;7;60481.18795;20943.65897;7280;13650;3;106;42;25.24;M;0.01;0;1;0;SM;0;0;0;0;0;0;0;SM
41;3;0;0;1;;21.6;8.2;885;1;0.28;7;60481.18795;20943.65897;7280;13650;3;90;40;22.5;F;0;0;0;0;SM;0;0;0;0;0;0;0;SM
41;4;4;1.366158848;0.74;;21.6;8.2;885;1;0.28;7;60481.18795;20943.65897;7280;13650;3;109;41;26.59;M;11.88;3;2;0;ID;3;2;0;0;0;0;0;PH
41;5;3;1.33217904;0.72;;21.6;8.2;885;1;0.28;7;60481.18795;20943.65897;7280;13650;3;81;37;21.89;F;6.75;1;2;0;ID;1;0;0;0;0;0;1;PH
41;6;2;0.135793959;0.058769513;;21.6;8.2;885;1;0.28;7;60481.18795;20943.65897;7280;13650;3;24;28;8.57;F;1.7;0;32;0;ID;1;0;0;0;0;0;0;PH
41;7;3;1.075139324;0.583333333;;21.6;8.2;885;1;0.28;7;60481.18795;20943.65897;7280;13650;3;55;34;16.18;M;15.93;0;3;0;SM;7;0;0;0;0;1;1;SM
41;8;1;0.562335145;0.375;;21.6;8.2;885;1;0.28;7;60481.18795;20943.65897;7280;13650;3;83;40;20.75;F;5.03;0;3;0;SM;0;0;0;0;0;0;1;SM
41;9;3;1.011404265;0.611111111;;21.6;8.2;885;1;0.28;7;60481.18795;20943.65897;7280;13650;3;140;46;30.43;F;6.22;0;3;0;ID;2;1;0;0;0;0;0;PH
41;10;0;0;1;;21.6;8.2;885;1;0.28;7;60481.18795;20943.65897;7280;13650;3;104;40;26;F;0;0;0;0;SM;0;0;0;0;0;0;0;SM
41;11;1;0;0;;21.6;8.2;885;1;0.28;7;60481.18795;20943.65897;7280;13650;3;79;34;23.24;M;1.21;4;0;0;PH;0;0;0;0;0;0;0;PH
41;12;2;0.410116318;0.244897959;;21.6;8.2;885;1;0.28;7;60481.18795;20943.65897;7280;13650;3;57;32;17.81;M;0.71;2;12;0;PH;0;0;0;0;0;0;0;PH
41;13;3;0.64256684;0.359309935;;21.6;8.2;885;1;0.28;7;60481.18795;20943.65897;7280;13650;3;81;36;22.5;F;5.25;7;32;0;ID;2;0;0;0;0;0;0;PH
41;14;3;1.33217904;0.72;;21.6;8.2;885;1;0.28;7;60481.18795;20943.65897;7280;13650;3;83;36;23.06;F;13.5;2;4;0;PH;2;0;0;0;0;0;2;PH
41;15;0;0;1;;21.6;8.2;885;1;0.28;7;60481.18795;20943.65897;7280;13650;3;74;35;21.14;F;0;0;0;0;ID;0;0;0;0;0;0;0;ID
41;16;3;1.039720771;0.625;;21.6;8.2;885;1;0.28;7;60481.18795;20943.65897;7280;13650;3;99;41;24.15;F;2.13;1;1;0;SM;0;0;0;0;0;2;0;SM
41;16;3;0.702918931;0.3984375;;21.6;8.2;885;1;0.28;7;60481.18795;20943.65897;7280;13650;3;82;37;22.16;M;6.89;0;12;0;ID;3;0;0;1;0;0;0;PH
41;17;2;0.450561209;0.277777778;;21.6;8.2;885;1;0.28;7;60481.18795;20943.65897;7280;13650;3;46;35;13.14;F;1.52;5;1;0;SM;0;0;0;0;0;0;0;SM
41;18;2;0.661563238;0.46875;;21.6;8.2;885;1;0.28;7;60481.18795;20943.65897;7280;13650;3;45;33;13.64;M;1.54;5;3;0;SM;0;0;0;0;0;0;0;SM
41;20;2;0.693147181;0.5;;21.6;8.2;885;1;0.28;7;60481.18795;20943.65897;7280;13650;3;26;29;8.97;F;0.93;3;3;0;ID;0;0;0;0;0;0;0;ID
42;1;3;1.054920168;0.64;;18.8;8;776;2.1;0.56;8.5;64836.74081;25423.6562;11806;9393;4;42;30;14;M;4.34;0;2;1;SM;0;0;0;0;0;2;0;SM
42;2;1;0;0;;18.8;8;776;2.1;0.56;8.5;64836.74081;25423.6562;11806;9393;4;94;41;22.93;M;0.04;0;5;0;SM;0;0;0;0;0;0;0;SM
42;3;2;0.450561209;0.277777778;;18.8;8;776;2.1;0.56;8.5;64836.74081;25423.6562;11806;9393;4;72;37;19.46;M;0.69;2;10;0;ID;0;0;0;0;0;0;0;ID
42;4;1;0;0;;18.8;8;776;2.1;0.56;8.5;64836.74081;25423.6562;11806;9393;4;42;31;13.55;F;0.04;0;5;0;SM;0;0;0;0;0;0;0;SM
42;5;2;0.500402424;0.32;;18.8;8;776;2.1;0.56;8.5;64836.74081;25423.6562;11806;9393;4;108;42;25.71;M;0.67;2;8;0;SM;0;0;0;0;0;0;0;SM
42;6;1;0;0;;18.8;8;776;2.1;0.56;8.5;64836.74081;25423.6562;11806;9393;4;96;40;24;F;1.2;0;142;0;PH;0;0;0;0;0;0;0;PH
42;7;2;0.068120803;0.025100546;;18.8;8;776;2.1;0.56;8.5;64836.74081;25423.6562;11806;9393;4;72;35;20.57;M;2.87;3;233;0;ID;0;0;0;0;0;0;0;ID
42;8;2;0.598269589;0.408163265;;18.8;8;776;2.1;0.56;8.5;64836.74081;25423.6562;11806;9393;4;130;44;29.55;M;3.06;10;4;0;PH;0;0;0;0;0;0;0;PH
42;9;1;0;0;;18.8;8;776;2.1;0.56;8.5;64836.74081;25423.6562;11806;9393;4;55;32;17.19;F;0.92;0;109;0;ID;0;0;0;0;0;0;0;ID
42;10;1;0;0;;18.8;8;776;2.1;0.56;8.5;64836.74081;25423.6562;11806;9393;4;121;41;29.51;F;0.01;0;1;0;SM;0;0;0;0;0;0;0;SM
42;11;1;0;0;;18.8;8;776;2.1;0.56;8.5;64836.74081;25423.6562;11806;9393;4;36;30;12;F;0.13;0;15;0;ID;0;0;0;0;0;0;0;ID
42;13;2;0.689943758;0.4968;;18.8;8;776;2.1;0.56;8.5;64836.74081;25423.6562;11806;9393;4;43;33;13.03;M;7.2;23;27;0;ID;0;0;0;0;0;0;0;PH
42;14;3;0.394397691;0.185;;18.8;8;776;2.1;0.56;8.5;64836.74081;25423.6562;11806;9393;4;77;38;20.26;M;1.88;1;18;0;ID;1;0;0;0;0;0;0;PH
42;15;2;0.140760122;0.061476442;;18.8;8;776;2.1;0.56;8.5;64836.74081;25423.6562;11806;9393;4;19;27;7.04;M;1.12;2;61;0;ID;0;0;0;0;0;0;0;ID
42;16;1;0;0;;18.8;8;776;2.1;0.56;8.5;64836.74081;25423.6562;11806;9393;4;62;37;16.76;M;0.07;0;8;0;ID;0;0;0;0;0;0;0;ID
42;17;2;0.206192051;0.099722992;;18.8;8;776;2.1;0.56;8.5;64836.74081;25423.6562;11806;9393;4;48;35;13.71;F;0.45;1;18;0;ID;0;0;0;0;0;0;0;ID
42;18;2;0.590842246;0.401234568;;18.8;8;776;2.1;0.56;8.5;64836.74081;25423.6562;11806;9393;4;26;31;8.39;F;1.62;5;13;0;AD;0;0;0;0;0;0;0;AD
42;19;1;0;0;;18.8;8;776;2.1;0.56;8.5;64836.74081;25423.6562;11806;9393;4;42;31;13.55;F;0.25;0;30;0;AD;0;0;0;0;0;0;0;AD
42;20;1;0;0;;18.8;8;776;2.1;0.56;8.5;64836.74081;25423.6562;11806;9393;4;35;33;10.61;M;0.63;0;75;0;SM;0;0;0;0;0;0;0;SM
